PLAYER_ID,RANK,PLAYER,TEAM_ID,TEAM,GP,MIN,FGM,FGA,FG_PCT,FG3M,FG3A,FG3_PCT,FTM,FTA,FT_PCT,OREB,DREB,REB,AST,STL,BLK,TOV,PF,PTS,EFF,AST_TOV,STL_TOV,temporada
1628983,1,Shai Gilgeous-Alexander,1610612760,OKC,76,2598,860,1656,0.519,163,435,0.375,601,669,0.898,67,312,379,486,131,77,183,164,2484,2510,2.66,0.72,2024-25
1630162,2,Anthony Edwards,1610612750,MIN,79,2871,721,1612,0.447,320,811,0.395,415,496,0.837,61,389,450,359,91,51,249,150,2177,1907,1.44,0.37,2024-25
203999,3,Nikola Jokić,1610612743,DEN,70,2571,786,1364,0.576,138,331,0.417,361,451,0.8,200,692,892,716,127,45,230,160,2071,2953,3.11,0.55,2024-25
203507,4,Giannis Antetokounmpo,1610612749,MIL,67,2289,793,1319,0.601,14,63,0.222,436,707,0.617,147,651,798,433,58,78,206,155,2036,2400,2.1,0.28,2024-25
1628369,5,Jayson Tatum,1610612738,BOS,72,2624,662,1465,0.452,250,728,0.343,358,440,0.814,48,575,623,431,76,38,209,157,1932,2006,2.06,0.36,2024-25
1626164,6,Devin Booker,1610612756,PHX,75,2795,654,1420,0.461,183,551,0.332,432,483,0.894,76,229,305,529,67,16,220,198,1923,1803,2.41,0.31,2024-25
1629027,7,Trae Young,1610612737,ATL,76,2739,566,1376,0.411,218,642,0.34,491,561,0.875,36,200,236,880,91,12,355,145,1841,1825,2.48,0.26,2024-25
1629639,8,Tyler Herro,1610612748,MIA,77,2725,651,1378,0.472,251,670,0.375,287,327,0.878,35,364,399,424,69,17,198,85,1840,1784,2.14,0.35,2024-25
1630595,9,Cade Cunningham,1610612765,DET,70,2452,684,1457,0.469,149,418,0.356,313,370,0.846,56,369,425,638,71,53,309,195,1830,1878,2.07,0.23,2024-25
201935,10,James Harden,1610612746,LAC,79,2789,531,1295,0.41,235,668,0.352,505,578,0.874,55,401,456,687,118,55,341,162,1802,1940,2.02,0.35,2024-25
1626157,11,Karl-Anthony Towns,1610612752,NYK,72,2517,639,1215,0.526,142,338,0.42,339,409,0.829,212,708,920,222,71,50,192,249,1759,2184,1.16,0.37,2024-25
203897,12,Zach LaVine,1610612758,SAC,74,2603,625,1223,0.511,239,536,0.446,235,285,0.825,22,293,315,310,58,12,208,121,1724,1563,1.49,0.28,2024-25
1630224,13,Jalen Green,1610612745,HOU,82,2697,608,1437,0.423,234,661,0.354,273,336,0.813,45,332,377,282,71,27,203,127,1723,1385,1.39,0.35,2024-25
201939,14,Stephen Curry,1610612744,GSW,70,2252,564,1258,0.448,311,784,0.397,279,299,0.933,40,270,310,421,80,30,200,95,1718,1645,2.11,0.4,2024-25
201942,15,DeMar DeRozan,1610612758,SAC,77,2768,624,1308,0.477,84,256,0.328,378,441,0.857,50,248,298,342,62,32,105,150,1710,1592,3.26,0.59,2024-25
2544,15,LeBron James,1610612747,LAL,70,2444,651,1270,0.513,149,396,0.376,259,331,0.782,72,474,546,575,70,39,260,99,1710,1989,2.21,0.27,2024-25
1628378,17,Donovan Mitchell,1610612739,CLE,71,2232,585,1320,0.443,233,633,0.368,298,362,0.823,57,265,322,354,95,17,149,140,1701,1541,2.38,0.64,2024-25
1628973,18,Jalen Brunson,1610612752,NYK,65,2301,585,1200,0.488,152,397,0.383,368,448,0.821,27,160,187,475,60,8,164,138,1690,1561,2.9,0.37,2024-25
201142,19,Kevin Durant,1610612756,PHX,62,2265,592,1124,0.527,160,372,0.43,303,361,0.839,23,351,374,263,50,77,190,104,1647,1631,1.38,0.26,2024-25
1628991,20,Jaren Jackson Jr.,1610612763,MEM,74,2207,592,1213,0.488,146,389,0.375,311,398,0.781,91,326,417,148,92,113,153,257,1641,1550,0.97,0.6,2024-25
1627783,21,Pascal Siakam,1610612754,IND,78,2548,613,1182,0.519,126,324,0.389,226,308,0.734,133,407,540,263,70,42,109,189,1578,1733,2.41,0.64,2024-25
1629636,22,Darius Garland,1610612739,CLE,75,2301,554,1174,0.472,212,529,0.401,224,255,0.878,47,167,214,506,91,11,189,143,1544,1526,2.68,0.48,2024-25
1629632,23,Coby White,1610612741,CHI,74,2450,508,1121,0.453,216,584,0.37,277,307,0.902,25,248,273,330,69,16,177,154,1509,1377,1.86,0.39,2024-25
1631114,24,Jalen Williams,1610612760,OKC,69,2237,565,1168,0.484,124,340,0.365,236,299,0.789,59,310,369,354,111,46,150,158,1490,1554,2.36,0.74,2024-25
1630559,25,Austin Reaves,1610612747,LAL,73,2550,477,1037,0.46,200,531,0.377,321,366,0.877,61,268,329,421,81,22,177,151,1475,1546,2.38,0.46,2024-25
1628368,26,De'Aaron Fox,1610612759,SAS,62,2241,539,1163,0.463,118,381,0.31,263,318,0.827,54,244,298,392,91,25,174,164,1459,1412,2.25,0.52,2024-25
1630578,27,Alperen Sengun,1610612745,HOU,76,2395,567,1143,0.496,21,90,0.233,296,428,0.692,262,524,786,372,84,61,194,209,1451,1852,1.92,0.43,2024-25
1630532,28,Franz Wagner,1610612753,ORL,60,2023,537,1161,0.463,104,352,0.295,271,311,0.871,56,286,342,284,75,21,138,147,1449,1369,2.06,0.54,2024-25
203081,29,Damian Lillard,1610612749,MIL,58,2093,444,992,0.448,197,524,0.376,362,393,0.921,29,243,272,410,70,10,162,97,1447,1468,2.53,0.43,2024-25
1628969,30,Mikal Bridges,1610612752,NYK,82,3036,592,1183,0.5,164,463,0.354,96,118,0.814,71,188,259,306,75,43,132,127,1444,1382,2.32,0.57,2024-25
1627750,31,Jamal Murray,1610612743,DEN,67,2418,531,1121,0.474,156,397,0.393,218,246,0.886,45,216,261,403,91,33,138,128,1436,1468,2.92,0.66,2024-25
1628389,32,Bam Adebayo,1610612748,MIA,78,2674,540,1113,0.485,79,221,0.357,251,328,0.765,185,564,749,337,98,53,161,162,1410,1836,2.09,0.61,2024-25
1629029,33,Luka Dončić,1610612747,LAL,50,1769,461,1025,0.45,177,481,0.368,309,395,0.782,40,369,409,383,89,21,179,126,1408,1481,2.14,0.5,2024-25
1627759,34,Jaylen Brown,1610612738,BOS,63,2158,518,1118,0.463,116,358,0.324,246,322,0.764,82,286,368,286,73,19,162,154,1398,1306,1.77,0.45,2024-25
1629008,34,Michael Porter Jr.,1610612743,DEN,77,2593,528,1048,0.504,193,489,0.395,149,194,0.768,138,402,540,165,50,38,104,157,1398,1522,1.59,0.48,2024-25
1629673,36,Jordan Poole,1610612764,WAS,68,2001,457,1057,0.432,235,622,0.378,242,274,0.883,31,172,203,303,86,27,204,201,1391,1174,1.49,0.42,2024-25
1630178,37,Tyrese Maxey,1610612755,PHI,52,1960,477,1091,0.437,161,478,0.337,254,289,0.879,15,159,174,317,91,21,124,116,1369,1199,2.56,0.73,2024-25
1630169,38,Tyrese Haliburton,1610612754,IND,73,2450,476,1006,0.473,218,562,0.388,189,222,0.851,42,216,258,673,105,49,120,92,1359,1761,5.61,0.88,2024-25
202696,39,Nikola Vučević,1610612741,CHI,73,2278,550,1038,0.53,129,321,0.402,120,149,0.805,178,557,735,256,61,52,119,163,1349,1817,2.15,0.51,2024-25
1629014,40,Anfernee Simons,1610612757,POR,70,2292,479,1125,0.426,215,593,0.363,175,194,0.902,25,164,189,337,60,5,143,117,1348,1131,2.36,0.42,2024-25
1627826,41,Ivica Zubac,1610612746,LAC,80,2624,592,942,0.628,0,0,0.0,156,236,0.661,300,710,1010,214,55,90,127,168,1340,2152,1.69,0.43,2024-25
1627734,42,Domantas Sabonis,1610612758,SAC,70,2429,527,893,0.59,65,156,0.417,218,289,0.754,267,705,972,423,48,26,202,229,1337,2167,2.09,0.24,2024-25
1627736,43,Malik Beasley,1610612765,DET,82,2283,461,1071,0.43,319,766,0.416,95,140,0.679,47,167,214,139,73,5,83,125,1336,1029,1.68,0.88,2024-25
1631101,44,Shaedon Sharpe,1610612757,POR,72,2252,499,1104,0.452,147,472,0.311,190,242,0.785,68,256,324,198,62,16,150,120,1335,1128,1.32,0.41,2024-25
1628384,45,OG Anunoby,1610612752,NYK,74,2706,489,1027,0.476,171,460,0.372,183,226,0.81,97,261,358,164,110,65,102,172,1332,1346,1.61,1.08,2024-25
1630217,46,Desmond Bane,1610612753,ORL,69,2205,493,1018,0.484,164,418,0.392,177,198,0.894,62,356,418,369,80,28,169,164,1327,1507,2.18,0.47,2024-25
1630596,47,Evan Mobley,1610612739,CLE,71,2167,505,906,0.557,85,230,0.37,221,305,0.725,164,495,659,226,61,113,145,141,1316,1745,1.56,0.42,2024-25
1626181,48,Norman Powell,1610612746,LAC,60,1958,457,945,0.484,179,428,0.418,213,265,0.804,21,169,190,125,73,9,108,114,1306,1055,1.16,0.68,2024-25
1628970,49,Miles Bridges,1610612766,CHA,64,2029,469,1089,0.431,141,450,0.313,221,254,0.87,72,409,481,248,44,45,136,93,1300,1329,1.82,0.32,2024-25
203944,50,Julius Randle,1610612750,MIN,69,2226,455,939,0.485,108,314,0.344,270,335,0.806,144,343,487,323,47,16,196,175,1288,1416,1.65,0.24,2024-25
203076,51,Anthony Davis,1610612742,DAL,51,1705,470,910,0.516,35,124,0.282,286,369,0.775,134,456,590,181,59,110,113,98,1261,1565,1.6,0.52,2024-25
1630567,52,Scottie Barnes,1610612761,TOR,65,2134,474,1063,0.446,76,280,0.271,228,302,0.755,109,393,502,378,93,63,184,113,1252,1441,2.05,0.51,2024-25
1628401,53,Derrick White,1610612738,BOS,76,2574,424,959,0.442,265,691,0.384,135,161,0.839,67,274,341,361,72,80,131,138,1248,1410,2.76,0.55,2024-25
202681,54,Kyrie Irving,1610612742,DAL,50,1804,447,945,0.473,144,359,0.401,196,214,0.916,60,180,240,231,66,23,111,101,1234,1167,2.08,0.6,2024-25
1629628,55,RJ Barrett,1610612761,TOR,58,1869,460,982,0.468,107,306,0.35,196,311,0.63,61,305,366,314,46,17,166,137,1223,1163,1.89,0.28,2024-25
1630166,56,Deni Avdija,1610612757,POR,72,2161,402,844,0.476,125,342,0.365,290,372,0.78,110,412,522,281,71,35,196,171,1219,1408,1.43,0.36,2024-25
1631128,57,Christian Braun,1610612743,DEN,79,2675,476,821,0.58,89,224,0.397,177,214,0.827,98,312,410,205,85,37,81,170,1218,1492,2.53,1.05,2024-25
1631094,58,Paolo Banchero,1610612753,ORL,46,1582,412,911,0.452,87,272,0.32,280,385,0.727,51,294,345,219,36,28,136,97,1191,1079,1.61,0.27,2024-25
1642264,59,Stephon Castle,1610612759,SAS,81,2162,423,988,0.428,95,333,0.285,249,344,0.724,89,208,297,332,74,22,177,164,1190,1078,1.88,0.42,2024-25
1630163,60,LaMelo Ball,1610612766,CHA,47,1505,406,1003,0.405,179,528,0.339,193,229,0.843,47,185,232,346,54,13,167,157,1184,1029,2.07,0.32,2024-25
203468,61,CJ McCollum,1610612740,NOP,56,1832,444,1000,0.444,171,459,0.373,124,173,0.717,42,170,212,227,46,24,106,124,1183,981,2.14,0.43,2024-25
1629012,62,Collin Sexton,1610612762,UTA,63,1758,416,867,0.48,110,271,0.406,217,251,0.865,60,111,171,264,47,6,160,144,1159,1002,1.65,0.29,2024-25
1629630,62,Ja Morant,1610612763,MEM,50,1519,404,889,0.454,88,285,0.309,263,319,0.824,34,171,205,364,61,12,185,113,1159,1075,1.97,0.33,2024-25
1631097,64,Bennedict Mathurin,1610612754,IND,72,2149,391,853,0.458,98,288,0.34,276,332,0.831,87,296,383,136,47,24,135,162,1156,1093,1.01,0.35,2024-25
1630202,65,Payton Pritchard,1610612738,BOS,80,2271,409,866,0.472,255,626,0.407,71,84,0.845,102,205,307,279,70,14,83,118,1144,1261,3.36,0.84,2024-25
1629675,66,Naz Reid,1610612750,MIN,80,2200,426,923,0.462,175,462,0.379,111,143,0.776,92,388,480,181,58,72,108,189,1138,1292,1.68,0.54,2024-25
1641718,67,Keyonte George,1610612762,UTA,67,2108,359,919,0.391,174,507,0.343,233,285,0.818,26,227,253,377,46,9,183,111,1125,1015,2.06,0.25,2024-25
1630530,68,Trey Murphy III,1610612740,NOP,53,1854,381,839,0.454,158,438,0.361,204,230,0.887,47,221,268,188,56,39,103,112,1124,1088,1.83,0.54,2024-25
1626167,69,Myles Turner,1610612754,IND,72,2174,390,811,0.481,156,394,0.396,184,238,0.773,90,381,471,111,54,144,123,183,1120,1302,0.9,0.44,2024-25
1628370,70,Malik Monk,1610612758,SAC,65,2054,412,939,0.439,139,428,0.325,154,178,0.865,30,215,245,362,61,38,159,158,1117,1113,2.28,0.38,2024-25
1641705,71,Victor Wembanyama,1610612759,SAS,46,1527,408,857,0.476,142,403,0.352,158,189,0.836,82,424,506,168,52,176,149,105,1116,1389,1.13,0.35,2024-25
1628386,72,Jarrett Allen,1610612739,CLE,82,2296,452,640,0.706,0,5,0.0,199,277,0.718,216,582,798,158,77,73,97,127,1103,1846,1.63,0.79,2024-25
1629656,73,Quentin Grimes,1610612755,PHI,75,2013,384,823,0.467,162,421,0.385,162,214,0.757,59,265,324,228,74,22,141,138,1092,1108,1.62,0.53,2024-25
1629631,74,De'Andre Hunter,1610612739,CLE,64,1740,358,762,0.47,157,388,0.405,215,254,0.846,44,214,258,92,50,13,82,155,1088,976,1.12,0.61,2024-25
203952,75,Andrew Wiggins,1610612748,MIA,60,1842,376,839,0.448,130,348,0.374,196,257,0.763,89,180,269,158,60,50,99,101,1078,992,1.6,0.61,2024-25
1630700,76,Dyson Daniels,1610612737,ATL,76,2571,455,923,0.493,80,235,0.34,83,140,0.593,124,325,449,333,229,55,155,175,1073,1459,2.15,1.48,2024-25
1629661,77,Cameron Johnson,1610612751,BKN,57,1800,355,747,0.475,159,408,0.39,201,225,0.893,54,193,247,194,53,25,99,104,1070,1074,1.96,0.54,2024-25
1628415,78,Dillon Brooks,1610612745,HOU,75,2388,384,895,0.429,186,469,0.397,99,121,0.818,75,200,275,128,60,16,76,242,1053,923,1.68,0.79,2024-25
1628404,79,Josh Hart,1610612752,NYK,77,2897,404,770,0.525,84,252,0.333,159,205,0.776,161,576,737,453,119,27,158,201,1051,1817,2.87,0.75,2024-25
201572,80,Brook Lopez,1610612749,MIL,80,2546,394,774,0.509,139,373,0.373,114,138,0.826,113,288,401,143,50,148,84,171,1041,1295,1.7,0.6,2024-25
1630170,80,Devin Vassell,1610612759,SAS,64,1983,394,889,0.443,158,429,0.368,95,120,0.792,34,221,255,183,84,33,88,108,1041,988,2.08,0.96,2024-25
1630581,82,Josh Giddey,1610612741,CHI,70,2117,371,798,0.465,105,278,0.378,175,224,0.781,127,439,566,503,84,45,202,122,1022,1542,2.49,0.42,2024-25
203084,83,Harrison Barnes,1610612759,SAS,82,2230,347,683,0.508,156,360,0.433,161,199,0.809,97,213,310,136,39,14,50,75,1011,1086,2.72,0.78,2024-25
202691,84,Klay Thompson,1610612742,DAL,72,1965,361,877,0.412,216,553,0.391,67,74,0.905,44,202,246,145,50,30,88,81,1005,865,1.65,0.57,2024-25
202699,85,Tobias Harris,1610612765,DET,73,2305,384,805,0.477,91,264,0.345,143,166,0.861,65,367,432,162,74,57,85,138,1002,1198,1.91,0.87,2024-25
1630183,86,Jaden McDaniels,1610612750,MIN,82,2614,398,834,0.477,100,303,0.33,104,128,0.813,129,341,470,163,110,74,95,225,1000,1262,1.72,1.16,2024-25
201566,87,Russell Westbrook,1610612743,DEN,75,2092,373,831,0.449,94,291,0.323,154,233,0.661,102,268,370,457,106,37,242,188,994,1185,1.89,0.44,2024-25
1630168,88,Onyeka Okongwu,1610612737,ATL,74,2064,388,684,0.567,48,148,0.324,164,216,0.759,220,440,660,168,69,68,90,193,988,1515,1.87,0.77,2024-25
203471,89,Dennis Schröder,1610612765,DET,75,2105,336,827,0.406,127,371,0.342,181,216,0.838,27,171,198,404,66,12,142,180,980,992,2.85,0.47,2024-25
1629640,90,Keldon Johnson,1610612759,SAS,77,1838,371,770,0.482,87,274,0.318,150,194,0.773,112,259,371,125,49,22,77,115,979,1026,1.62,0.64,2024-25
1641708,91,Amen Thompson,1610612745,HOU,69,2225,388,697,0.557,25,91,0.275,169,247,0.684,192,372,564,265,97,89,138,167,970,1460,1.92,0.7,2024-25
202710,92,Jimmy Butler III,1610612744,GSW,55,1746,301,597,0.504,32,104,0.308,330,392,0.842,125,171,296,298,77,18,74,52,964,1221,4.03,1.04,2024-25
1628398,92,Kyle Kuzma,1610612749,MIL,65,1936,370,848,0.436,96,313,0.307,128,202,0.634,54,316,370,152,36,19,146,119,964,843,1.04,0.25,2024-25
1631099,94,Keegan Murray,1610612758,SAC,76,2610,364,820,0.444,154,449,0.343,60,72,0.833,146,361,507,109,61,69,60,186,942,1160,1.82,1.02,2024-25
1642258,94,Zaccharie Risacher,1610612737,ATL,75,1843,357,779,0.458,122,344,0.355,106,149,0.711,86,182,268,92,52,37,92,149,942,834,1.0,0.57,2024-25
1631105,96,Jalen Duren,1610612765,DET,78,2034,378,546,0.692,0,0,0.0,162,242,0.669,277,530,807,209,54,89,136,251,918,1693,1.54,0.4,2024-25
1630598,97,Aaron Wiggins,1610612760,OKC,76,1744,355,728,0.488,130,339,0.383,74,89,0.831,81,214,295,134,60,18,69,101,914,964,1.94,0.87,2024-25
1630230,97,Naji Marshall,1610612742,DAL,69,1919,362,712,0.508,60,218,0.275,130,160,0.813,76,252,328,208,70,11,112,109,914,1039,1.86,0.63,2024-25
1627741,99,Buddy Hield,1610612744,GSW,82,1863,328,786,0.417,203,549,0.37,53,64,0.828,51,213,264,134,69,23,91,132,912,842,1.47,0.76,2024-25
1626162,100,Kelly Oubre Jr.,1610612755,PHI,60,2078,348,741,0.47,71,242,0.293,139,185,0.751,97,271,368,108,92,30,80,180,906,985,1.35,1.15,2024-25
203078,101,Bradley Beal,1610612756,PHX,53,1702,345,694,0.497,102,264,0.386,110,137,0.803,34,143,177,195,58,28,99,136,902,885,1.97,0.59,2024-25
1628374,102,Lauri Markkanen,1610612762,UTA,47,1476,296,700,0.423,138,399,0.346,162,185,0.876,72,206,278,70,33,17,66,79,892,797,1.06,0.5,2024-25
1641739,103,Toumani Camara,1610612757,POR,78,2548,328,716,0.458,135,360,0.375,91,126,0.722,173,277,450,175,116,50,109,230,882,1141,1.61,1.06,2024-25
1629660,104,Ty Jerome,1610612739,CLE,70,1392,319,618,0.516,111,253,0.439,129,148,0.872,50,123,173,237,78,3,92,102,878,959,2.58,0.85,2024-25
203915,105,Spencer Dinwiddie,1610612742,DAL,79,2136,284,682,0.416,109,326,0.334,195,243,0.802,18,191,209,349,70,17,102,121,872,969,3.42,0.69,2024-25
1642259,106,Alex Sarr,1610612764,WAS,67,1814,326,828,0.394,105,341,0.308,112,165,0.679,124,311,435,161,44,101,114,146,869,941,1.41,0.39,2024-25
203497,107,Rudy Gobert,1610612750,MIN,72,2388,341,510,0.669,0,0,0.0,184,273,0.674,265,520,785,127,56,104,89,182,866,1591,1.43,0.63,2024-25
1627832,108,Fred VanVleet,1610612745,HOU,60,2111,287,759,0.378,159,461,0.345,111,137,0.81,32,189,221,333,94,25,87,140,844,932,3.83,1.08,2024-25
203501,108,Tim Hardaway Jr.,1610612765,DET,77,2153,276,680,0.406,168,457,0.368,124,145,0.855,18,165,183,123,38,7,48,96,844,722,2.56,0.79,2024-25
202685,110,Jonas Valančiūnas,1610612758,SAC,81,1524,345,627,0.55,8,37,0.216,145,165,0.879,190,437,627,164,37,46,120,181,843,1295,1.37,0.31,2024-25
1630553,111,Keon Johnson,1610612751,BKN,79,1925,303,779,0.389,126,401,0.314,107,139,0.77,63,234,297,175,82,30,116,209,839,799,1.51,0.71,2024-25
1630703,112,Scoot Henderson,1610612757,POR,66,1759,287,685,0.419,105,297,0.354,158,206,0.767,52,146,198,335,68,13,177,181,837,828,1.89,0.38,2024-25
1629023,113,P.J. Washington,1610612742,DAL,57,1835,301,665,0.453,91,239,0.381,143,198,0.722,82,360,442,131,63,60,118,131,836,995,1.11,0.53,2024-25
1630167,114,Obi Toppin,1610612754,IND,79,1545,317,599,0.529,110,301,0.365,89,114,0.781,56,262,318,128,46,28,68,108,833,978,1.88,0.68,2024-25
1626145,115,Tyus Jones,1610612756,PHX,81,2174,306,683,0.448,166,401,0.414,51,57,0.895,40,156,196,429,69,8,91,63,829,1057,4.71,0.76,2024-25
1629018,116,Gary Trent Jr.,1610612749,MIL,74,1893,283,657,0.431,180,433,0.416,78,92,0.848,20,148,168,87,72,4,42,124,824,725,2.07,1.71,2024-25
1627751,116,Jakob Poeltl,1610612761,TOR,57,1686,363,579,0.627,1,3,0.333,97,144,0.674,189,358,547,158,66,71,111,176,824,1292,1.42,0.6,2024-25
1642377,118,Jaylen Wells,1610612763,MEM,79,2044,287,676,0.425,138,392,0.352,111,135,0.822,87,181,268,135,44,8,69,146,823,796,1.96,0.64,2024-25
204001,119,Kristaps Porziņģis,1610612738,BOS,42,1210,277,574,0.483,103,250,0.412,161,199,0.809,68,216,284,87,31,63,53,116,818,895,1.64,0.59,2024-25
1629130,120,Duncan Robinson,1610612748,MIA,74,1786,290,663,0.437,190,483,0.393,47,53,0.887,18,149,167,176,40,6,86,135,817,741,2.05,0.47,2024-25
1630577,121,Julian Champagnie,1610612759,SAS,82,1932,276,665,0.415,178,480,0.371,85,94,0.904,67,251,318,111,61,35,74,114,815,868,1.5,0.82,2024-25
1630583,122,Santi Aldama,1610612763,MEM,65,1660,313,648,0.483,120,326,0.368,65,94,0.691,94,322,416,188,52,29,71,76,811,1061,2.65,0.73,2024-25
1642267,123,Bub Carrington,1610612764,WAS,82,2458,300,748,0.401,138,407,0.339,69,85,0.812,33,308,341,364,54,21,141,190,807,982,2.58,0.38,2024-25
202695,124,Kawhi Leonard,1610612746,LAC,37,1180,310,623,0.498,78,190,0.411,98,121,0.81,35,184,219,116,59,17,72,56,796,799,1.61,0.82,2024-25
1627777,125,Georges Niang,1610612737,ATL,79,1697,286,620,0.461,166,409,0.406,46,58,0.793,47,225,272,111,28,14,82,201,784,781,1.35,0.34,2024-25
1627884,126,Derrick Jones Jr.,1610612746,LAC,77,1873,310,589,0.526,78,219,0.356,83,118,0.703,93,170,263,60,79,33,66,153,781,836,0.91,1.2,2024-25
1630590,127,Scotty Pippen Jr.,1610612763,MEM,79,1683,285,594,0.48,87,219,0.397,122,171,0.713,65,194,259,347,103,30,138,203,779,1022,2.51,0.75,2024-25
1641711,128,Gradey Dick,1610612761,TOR,54,1587,265,647,0.41,114,326,0.35,133,155,0.858,44,149,193,98,48,10,83,120,777,639,1.18,0.58,2024-25
1627747,129,Caris LeVert,1610612737,ATL,64,1596,280,599,0.467,106,284,0.373,110,155,0.71,41,162,203,215,57,33,76,99,776,844,2.83,0.75,2024-25
1629060,130,Rui Hachimura,1610612747,LAL,59,1869,293,576,0.509,102,247,0.413,87,113,0.77,79,216,295,83,45,26,49,105,775,866,1.69,0.92,2024-25
1629638,131,Nickeil Alexander-Walker,1610612750,MIN,82,2073,270,616,0.438,141,370,0.381,92,118,0.78,54,211,265,223,50,34,99,139,773,874,2.25,0.51,2024-25
1641729,132,Brice Sensabaugh,1610612762,UTA,71,1432,275,599,0.459,157,372,0.422,65,73,0.89,42,168,210,110,46,8,107,111,772,707,1.03,0.43,2024-25
1629645,133,Kevin Porter Jr.,1610612749,MIL,75,1482,293,652,0.449,55,177,0.311,130,169,0.769,42,236,278,256,81,13,136,119,771,865,1.88,0.6,2024-25
1627824,134,Guerschon Yabusele,1610612755,PHI,70,1895,282,563,0.501,104,274,0.38,100,138,0.725,134,261,395,148,58,24,87,164,768,987,1.7,0.67,2024-25
1628381,135,John Collins,1610612762,UTA,40,1221,280,531,0.527,59,148,0.399,139,164,0.848,89,238,327,80,39,40,103,116,758,865,0.78,0.38,2024-25
1630198,136,Isaiah Joe,1610612760,OKC,74,1604,259,588,0.44,192,466,0.412,46,56,0.821,41,155,196,119,48,9,38,113,756,751,3.13,1.26,2024-25
1630592,137,Jalen Wilson,1610612751,BKN,79,2031,246,620,0.397,122,362,0.337,135,165,0.818,75,195,270,145,40,5,79,164,749,726,1.84,0.51,2024-25
1631108,137,Max Christie,1610612742,DAL,78,2127,252,590,0.427,115,314,0.366,130,152,0.855,38,220,258,146,64,31,88,115,749,800,1.66,0.73,2024-25
203932,139,Aaron Gordon,1610612743,DEN,51,1447,264,497,0.531,75,172,0.436,145,179,0.81,80,167,247,164,23,14,73,82,748,856,2.25,0.32,2024-25
1641764,140,Brandin Podziemski,1610612744,GSW,64,1716,280,629,0.445,115,309,0.372,72,95,0.758,65,260,325,220,69,13,75,95,747,927,2.93,0.92,2024-25
1629627,141,Zion Williamson,1610612740,NOP,30,857,288,508,0.567,3,13,0.231,158,241,0.656,76,140,216,159,37,27,90,82,737,783,1.77,0.41,2024-25
1641710,142,Anthony Black,1610612753,ORL,78,1887,262,620,0.423,62,195,0.318,150,197,0.761,52,178,230,240,86,48,139,166,736,796,1.73,0.62,2024-25
1626156,143,D'Angelo Russell,1610612751,BKN,58,1480,249,638,0.39,113,360,0.314,121,145,0.834,20,142,162,297,56,23,108,115,732,749,2.75,0.52,2024-25
1641731,144,Bilal Coulibaly,1610612764,WAS,59,1948,263,624,0.421,63,224,0.281,138,185,0.746,91,203,294,199,78,41,125,139,727,806,1.59,0.62,2024-25
1630541,145,Moses Moody,1610612744,GSW,74,1649,246,568,0.433,126,337,0.374,106,133,0.797,52,137,189,96,59,31,54,116,724,696,1.78,1.09,2024-25
1629651,145,Nic Claxton,1610612751,BKN,70,1882,320,568,0.563,5,21,0.238,79,154,0.513,157,358,515,157,62,100,87,150,724,1148,1.81,0.71,2024-25
101108,147,Chris Paul,1610612759,SAS,82,2292,249,583,0.427,140,371,0.377,85,92,0.924,33,263,296,605,103,22,129,151,723,1279,4.69,0.8,2024-25
1628978,147,Donte DiVincenzo,1610612750,MIN,62,1606,250,593,0.422,174,438,0.397,49,63,0.778,32,196,228,225,73,17,99,114,723,810,2.27,0.74,2024-25
204456,149,T.J. McConnell,1610612754,IND,79,1415,324,624,0.519,15,49,0.306,57,77,0.74,44,149,193,351,83,21,109,79,720,939,3.22,0.76,2024-25
1630228,150,Jonathan Kuminga,1610612744,GSW,47,1144,258,568,0.454,46,151,0.305,157,235,0.668,56,161,217,104,38,21,71,90,719,640,1.47,0.54,2024-25
1629652,150,Luguentz Dort,1610612760,OKC,71,2073,258,593,0.435,170,413,0.412,33,46,0.717,89,204,293,115,79,39,51,208,719,846,2.26,1.55,2024-25
1642261,152,Dalton Knecht,1610612747,LAL,78,1494,257,557,0.461,128,340,0.376,64,84,0.762,37,179,216,66,24,8,37,93,706,663,1.78,0.65,2024-25
1630557,153,Corey Kispert,1610612764,WAS,61,1602,255,565,0.451,120,330,0.364,75,88,0.852,36,145,181,103,26,14,64,98,705,642,1.61,0.41,2024-25
1629655,154,Daniel Gafford,1610612742,DAL,57,1226,283,403,0.702,0,0,0.0,135,196,0.689,155,233,388,80,23,102,66,152,701,1047,1.21,0.35,2024-25
1631095,155,Jabari Smith Jr.,1610612745,HOU,57,1716,248,566,0.438,98,277,0.354,104,126,0.825,105,294,399,60,25,41,61,123,698,822,0.98,0.41,2024-25
1629599,156,Amir Coffey,1610612746,LAC,72,1748,240,510,0.471,101,247,0.409,115,129,0.891,32,129,161,77,40,7,45,120,696,652,1.71,0.89,2024-25
1642271,157,Kyle Filipowski,1610612762,UTA,72,1522,260,518,0.502,77,220,0.35,93,143,0.65,112,328,440,140,48,22,102,171,690,930,1.37,0.47,2024-25
1641824,158,Matas Buzelis,1610612741,CHI,80,1511,252,555,0.454,96,266,0.361,88,108,0.815,55,223,278,79,29,75,74,128,688,752,1.07,0.39,2024-25
201950,159,Jrue Holiday,1610612738,BOS,62,1896,254,573,0.443,108,306,0.353,70,77,0.909,76,189,265,239,66,27,77,101,686,880,3.1,0.86,2024-25
1631106,159,Tari Eason,1610612745,HOU,57,1420,272,559,0.487,63,184,0.342,79,104,0.76,128,234,362,83,97,50,65,136,686,901,1.28,1.49,2024-25
1628989,161,Kevin Huerter,1610612741,CHI,69,1679,257,604,0.425,132,391,0.338,35,49,0.714,30,175,205,156,66,23,67,121,681,703,2.33,0.99,2024-25
1626171,162,Bobby Portis,1610612749,MIL,49,1244,277,595,0.466,65,178,0.365,61,73,0.836,90,321,411,104,35,26,57,94,680,869,1.83,0.61,2024-25
1628960,162,Grayson Allen,1610612756,PHX,64,1544,219,489,0.448,149,350,0.426,93,114,0.816,34,160,194,137,54,19,75,95,680,718,1.83,0.72,2024-25
1630552,162,Jalen Johnson,1610612737,ATL,36,1284,271,542,0.5,44,141,0.312,94,126,0.746,62,297,359,181,56,36,106,67,680,903,1.71,0.53,2024-25
1626220,162,Royce O'Neale,1610612756,PHX,75,1837,241,570,0.423,179,441,0.406,19,26,0.731,53,296,349,163,67,33,65,151,680,891,2.51,1.03,2024-25
1626179,166,Terry Rozier,1610612748,MIA,64,1658,248,635,0.391,91,308,0.295,92,108,0.852,44,194,238,167,37,14,78,73,679,654,2.14,0.47,2024-25
203924,167,Jerami Grant,1610612757,POR,47,1524,214,574,0.373,108,296,0.365,141,166,0.849,26,137,163,101,41,46,65,109,677,578,1.55,0.63,2024-25
203484,168,Kentavious Caldwell-Pope,1610612763,MEM,77,2279,239,544,0.439,113,330,0.342,82,95,0.863,33,136,169,136,99,34,62,136,673,731,2.19,1.6,2024-25
1631109,169,Mark Williams,1610612766,CHA,44,1171,270,447,0.604,0,4,0.0,131,163,0.804,132,315,447,109,32,54,71,105,671,1033,1.54,0.45,2024-25
1630534,170,Ochai Agbaji,1610612761,TOR,64,1739,266,534,0.498,101,253,0.399,34,48,0.708,61,181,242,98,58,30,54,125,667,759,1.82,1.07,2024-25
1631165,171,Keon Ellis,1610612758,SAC,80,1948,227,464,0.489,139,321,0.433,73,86,0.849,60,152,212,120,121,63,71,176,666,861,1.69,1.7,2024-25
202331,172,Paul George,1610612755,PHI,41,1334,245,570,0.43,96,268,0.358,79,97,0.814,24,195,219,178,75,20,106,101,665,708,1.68,0.71,2024-25
1642274,172,Yves Missi,1610612740,NOP,73,1956,269,492,0.547,0,1,0.0,127,204,0.623,255,346,601,99,37,98,82,145,665,1118,1.21,0.45,2024-25
1627752,174,Taurean Prince,1610612749,MIL,80,2166,235,514,0.457,147,335,0.439,39,48,0.813,34,253,287,155,76,15,82,165,656,819,1.89,0.93,2024-25
1629614,175,Andrew Nembhard,1610612754,IND,65,1881,247,539,0.458,51,175,0.291,108,136,0.794,34,182,216,326,79,11,112,149,653,853,2.91,0.71,2024-25
1631117,176,Walker Kessler,1610612762,UTA,58,1740,278,419,0.663,6,34,0.176,79,152,0.52,266,441,707,97,36,138,86,130,641,1319,1.13,0.42,2024-25
1628392,177,Isaiah Hartenstein,1610612760,OKC,57,1590,279,480,0.581,0,19,0.0,79,117,0.675,163,448,611,219,47,62,96,171,637,1241,2.28,0.49,2024-25
1630533,178,Ziaire Williams,1610612751,BKN,63,1541,214,520,0.412,103,302,0.341,101,123,0.821,61,226,287,84,62,28,67,149,632,698,1.25,0.93,2024-25
1630175,179,Cole Anthony,1610612763,MEM,67,1234,230,543,0.424,77,218,0.353,93,113,0.823,46,158,204,191,45,32,103,151,630,666,1.85,0.44,2024-25
1628976,180,Wendell Carter Jr.,1610612753,ORL,68,1758,226,491,0.46,37,158,0.234,129,175,0.737,151,341,492,134,52,41,77,199,618,949,1.74,0.68,2024-25
1631110,181,Jeremy Sochan,1610612759,SAS,54,1364,251,469,0.535,28,91,0.308,87,125,0.696,127,225,352,128,45,27,84,131,617,829,1.52,0.54,2024-25
1642268,182,Isaiah Collier,1610612762,UTA,71,1839,234,555,0.422,42,169,0.249,105,154,0.682,32,203,235,446,66,16,208,149,615,800,2.14,0.32,2024-25
203110,183,Draymond Green,1610612744,GSW,68,1983,216,509,0.424,80,246,0.325,101,147,0.687,74,340,414,383,99,70,174,219,613,1066,2.2,0.57,2024-25
1630540,184,Miles McBride,1610612752,NYK,64,1593,222,547,0.406,115,312,0.369,52,64,0.813,47,114,161,187,67,17,41,108,611,665,4.56,1.63,2024-25
1641744,185,Zach Edey,1610612763,MEM,66,1416,251,433,0.58,18,52,0.346,90,127,0.709,232,316,548,65,36,85,88,182,610,1037,0.74,0.41,2024-25
1630573,186,Sam Hauser,1610612738,BOS,71,1541,214,474,0.451,166,399,0.416,11,11,1.0,44,180,224,64,41,13,23,87,605,664,2.78,1.78,2024-25
1641722,187,Jordan Hawkins,1610612740,NOP,56,1320,207,556,0.372,110,332,0.331,80,98,0.816,25,133,158,66,30,23,58,51,604,456,1.14,0.52,2024-25
203903,188,Jordan Clarkson,1610612762,UTA,37,962,201,493,0.408,84,232,0.362,114,143,0.797,25,93,118,138,31,9,86,52,600,489,1.61,0.36,2024-25
1630560,189,Cam Thomas,1610612751,BKN,25,781,199,454,0.438,68,195,0.349,133,151,0.881,15,68,83,94,15,2,62,44,599,458,1.52,0.24,2024-25
1642276,190,Kel'el Ware,1610612748,MIA,64,1422,257,464,0.554,35,111,0.315,46,67,0.687,116,357,473,60,39,71,57,111,595,953,1.05,0.68,2024-25
1641709,191,Ausar Thompson,1610612765,DET,59,1328,246,460,0.535,11,49,0.224,91,142,0.641,111,192,303,134,98,40,80,164,594,824,1.68,1.23,2024-25
1641733,192,Nick Smith Jr.,1610612766,CHA,60,1369,222,568,0.391,104,306,0.34,43,46,0.935,13,115,128,145,17,6,82,79,591,456,1.77,0.21,2024-25
1642273,193,Kyshawn George,1610612764,WAS,68,1802,203,546,0.372,114,354,0.322,70,93,0.753,49,236,285,169,68,50,97,201,590,699,1.74,0.7,2024-25
1630558,194,Davion Mitchell,1610612748,MIA,74,2027,223,476,0.468,84,211,0.398,58,84,0.69,35,132,167,363,72,16,128,185,588,799,2.84,0.56,2024-25
1631124,194,Julian Strawther,1610612743,DEN,65,1384,210,486,0.432,94,269,0.349,74,90,0.822,17,125,142,83,39,16,57,151,588,519,1.46,0.68,2024-25
203992,196,Bogdan Bogdanović,1610612746,LAC,54,1348,210,492,0.427,105,289,0.363,58,66,0.879,24,135,159,146,41,11,74,127,583,576,1.97,0.55,2024-25
201144,197,Mike Conley,1610612750,MIN,71,1756,187,468,0.4,127,310,0.41,81,90,0.9,32,150,182,319,79,14,75,111,582,811,4.25,1.05,2024-25
1630631,198,Jose Alvarado,1610612740,NOP,56,1366,204,521,0.392,111,309,0.359,60,74,0.811,27,109,136,259,74,14,86,91,579,645,3.01,0.86,2024-25
1629028,199,Deandre Ayton,1610612757,POR,40,1206,265,468,0.566,6,32,0.188,40,60,0.667,124,282,406,64,31,39,69,88,576,824,0.93,0.45,2024-25
1628379,199,Luke Kennard,1610612763,MEM,65,1472,206,431,0.478,113,261,0.433,51,57,0.895,37,146,183,215,50,5,72,59,576,726,2.99,0.69,2024-25
1630548,201,Johnny Juzang,1610612762,UTA,64,1270,204,475,0.429,118,314,0.376,45,53,0.849,42,142,184,68,39,8,36,126,571,555,1.89,1.08,2024-25
1631170,202,Jaime Jaquez Jr.,1610612748,MIA,66,1368,213,462,0.461,37,119,0.311,107,142,0.754,84,206,290,166,61,14,98,81,570,719,1.69,0.62,2024-25
1641706,203,Brandon Miller,1610612766,CHA,27,924,198,491,0.403,104,293,0.355,68,79,0.861,25,106,131,98,29,20,76,74,568,466,1.29,0.38,2024-25
1641717,203,Cason Wallace,1610612760,OKC,68,1876,232,489,0.474,74,208,0.356,30,37,0.811,71,158,229,173,120,35,59,145,568,802,2.93,2.03,2024-25
1630591,205,Jalen Suggs,1610612753,ORL,35,1002,197,481,0.41,76,242,0.314,97,110,0.882,23,118,141,129,51,33,102,98,567,522,1.27,0.5,2024-25
1630245,206,Ayo Dosunmu,1610612741,CHI,46,1394,221,449,0.492,62,189,0.328,62,79,0.785,26,135,161,208,43,18,69,105,566,682,3.01,0.62,2024-25
1630172,206,Patrick Williams,1610612741,CHI,63,1576,205,516,0.397,96,272,0.353,60,83,0.723,43,194,237,124,48,32,86,88,566,587,1.44,0.56,2024-25
1630193,208,Immanuel Quickley,1610612761,TOR,33,918,184,438,0.42,85,225,0.378,111,128,0.867,16,101,117,191,23,4,58,61,564,570,3.29,0.4,2024-25
1630625,209,Dalano Banton,1610612757,POR,67,1120,198,507,0.391,72,222,0.324,91,125,0.728,30,105,135,160,43,34,86,58,559,502,1.86,0.5,2024-25
1631212,210,Peyton Watson,1610612743,DEN,68,1656,204,428,0.477,48,136,0.353,95,137,0.693,47,186,233,94,48,93,56,123,551,697,1.68,0.86,2024-25
1627827,211,Dorian Finney-Smith,1610612747,LAL,63,1819,195,435,0.448,129,314,0.411,30,45,0.667,80,167,247,90,58,23,56,136,549,656,1.61,1.04,2024-25
1630551,212,Justin Champagnie,1610612764,WAS,62,1341,210,411,0.511,74,193,0.383,50,73,0.685,112,239,351,60,65,39,54,110,544,781,1.11,1.2,2024-25
1627749,213,Dejounte Murray,1610612740,NOP,31,1012,194,494,0.393,52,174,0.299,102,124,0.823,17,183,200,228,63,12,106,61,542,617,2.15,0.59,2024-25
1631260,214,AJ Green,1610612749,MIL,73,1659,182,424,0.429,155,363,0.427,22,27,0.815,18,156,174,108,37,7,40,157,541,580,2.7,0.93,2024-25
1630174,214,Aaron Nesmith,1610612754,IND,45,1122,192,379,0.507,84,195,0.431,73,80,0.913,37,141,178,54,35,17,37,114,541,594,1.46,0.95,2024-25
1630215,214,Jared Butler,1610612755,PHI,60,1044,203,453,0.448,60,169,0.355,75,91,0.824,25,85,110,220,42,13,80,97,541,580,2.75,0.53,2024-25
201143,217,Al Horford,1610612738,BOS,60,1659,195,461,0.423,114,314,0.363,34,38,0.895,79,290,369,128,36,51,46,81,538,806,2.78,0.78,2024-25
1629634,218,Brandon Clarke,1610612763,MEM,64,1207,236,380,0.621,1,17,0.059,61,87,0.701,127,199,326,66,52,36,41,145,534,803,1.61,1.27,2024-25
1642347,219,Jamal Shead,1610612761,TOR,75,1467,204,504,0.405,72,223,0.323,53,69,0.768,30,85,115,316,58,10,117,158,533,599,2.7,0.5,2024-25
1641783,219,Tristan da Silva,1610612753,ORL,74,1629,199,483,0.412,80,239,0.335,55,63,0.873,73,172,245,113,33,18,56,94,533,594,2.02,0.59,2024-25
1641741,221,Ricky Council IV,1610612755,PHI,73,1250,177,463,0.382,55,213,0.258,123,153,0.804,51,163,214,97,32,13,52,67,532,520,1.87,0.62,2024-25
1630208,222,Nick Richards,1610612756,PHX,57,1256,205,347,0.591,0,2,0.0,119,160,0.744,148,318,466,49,14,55,81,141,529,849,0.61,0.17,2024-25
1631093,223,Jaden Ivey,1610612765,DET,30,898,190,413,0.46,63,154,0.409,85,116,0.733,40,84,124,119,28,11,89,67,528,467,1.34,0.32,2024-25
1630188,224,Jalen Smith,1610612741,CHI,64,962,190,408,0.466,72,222,0.324,72,89,0.809,89,268,357,65,17,44,37,95,524,735,1.76,0.46,2024-25
1631213,225,Tyrese Martin,1610612751,BKN,60,1315,189,465,0.406,99,282,0.351,46,58,0.793,58,161,219,122,34,9,74,77,523,545,1.65,0.46,2024-25
1641842,226,Ronald Holland II,1610612765,DET,81,1266,197,416,0.474,36,151,0.238,92,122,0.754,40,178,218,82,49,17,72,141,522,567,1.14,0.68,2024-25
1629611,227,Terance Mann,1610612737,ATL,67,1414,205,413,0.496,60,163,0.368,47,68,0.691,68,131,199,121,47,15,47,128,517,623,2.57,1.0,2024-25
1642346,228,Ryan Dunn,1610612756,PHX,74,1410,205,477,0.43,82,264,0.311,19,39,0.487,92,175,267,57,44,40,40,162,511,587,1.43,1.1,2024-25
1630241,229,Sam Merrill,1610612739,CLE,71,1401,172,424,0.406,137,368,0.372,28,29,0.966,38,119,157,108,53,14,35,124,509,553,3.09,1.51,2024-25
1630182,230,Josh Green,1610612766,CHA,68,1888,180,421,0.428,97,248,0.391,49,72,0.681,56,116,172,108,74,15,70,165,506,541,1.54,1.06,2024-25
1628449,231,Chris Boucher,1610612761,TOR,50,862,182,370,0.492,70,193,0.363,68,87,0.782,70,154,224,33,24,25,29,68,502,572,1.14,0.83,2024-25
1629048,231,Goga Bitadze,1610612753,ORL,70,1429,207,339,0.611,3,28,0.107,85,133,0.639,167,296,463,137,49,98,72,150,502,997,1.9,0.68,2024-25
1626166,233,Cameron Payne,1610612752,NYK,72,1090,179,446,0.401,93,256,0.363,49,54,0.907,14,90,104,203,39,16,52,111,500,538,3.9,0.75,2024-25
1630702,234,Jaden Hardy,1610612742,DAL,57,907,180,414,0.435,76,197,0.386,60,86,0.698,9,80,89,81,28,5,82,90,496,357,0.99,0.34,2024-25
1631107,235,Nikola Jović,1610612748,MIA,46,1156,172,377,0.456,78,210,0.371,72,87,0.828,26,154,180,131,38,13,60,82,494,576,2.18,0.63,2024-25
203991,236,Clint Capela,1610612737,ATL,55,1176,218,390,0.559,0,1,0.0,52,97,0.536,174,295,469,62,34,53,47,106,488,842,1.32,0.72,2024-25
1631096,237,Chet Holmgren,1610612760,OKC,32,877,167,341,0.49,44,116,0.379,101,134,0.754,48,209,257,63,23,71,56,72,479,630,1.13,0.41,2024-25
1629312,238,Haywood Highsmith,1610612748,MIA,74,1818,179,391,0.458,89,233,0.382,31,43,0.721,72,180,252,112,68,37,54,164,478,669,2.07,1.26,2024-25
1641715,239,Cam Whitmore,1610612745,HOU,51,827,179,403,0.444,65,183,0.355,54,72,0.75,36,115,151,49,31,13,46,44,477,433,1.07,0.67,2024-25
1627739,240,Kris Dunn,1610612746,LAC,74,1783,192,437,0.439,75,224,0.335,15,22,0.682,53,198,251,210,128,27,74,197,474,764,2.84,1.73,2024-25
1629622,241,Max Strus,1610612739,CLE,50,1273,165,373,0.442,113,293,0.386,28,34,0.824,53,164,217,158,26,12,54,104,471,616,2.93,0.48,2024-25
1641716,242,Jarace Walker,1610612754,IND,75,1187,170,360,0.472,75,185,0.405,46,69,0.667,25,204,229,110,54,25,78,115,461,588,1.41,0.69,2024-25
1629216,243,Gabe Vincent,1610612747,LAL,72,1527,168,420,0.4,109,309,0.353,15,21,0.714,20,72,92,98,51,13,41,152,460,415,2.39,1.24,2024-25
1631222,244,Jake LaRavia,1610612758,SAC,66,1349,160,337,0.475,60,142,0.423,78,115,0.678,90,169,259,158,62,23,86,132,458,660,1.84,0.72,2024-25
203994,245,Jusuf Nurkić,1610612766,CHA,51,1063,168,352,0.477,32,105,0.305,85,128,0.664,85,313,398,115,40,34,97,130,453,716,1.19,0.41,2024-25
203954,246,Joel Embiid,1610612755,PHI,19,574,140,315,0.444,23,77,0.299,149,169,0.882,36,119,155,85,14,18,62,42,452,467,1.37,0.23,2024-25
1626168,247,Trey Lyles,1610612758,SAC,69,1350,157,374,0.42,81,238,0.34,56,80,0.7,80,236,316,82,41,23,39,86,451,633,2.1,1.05,2024-25
1630570,248,Trendon Watford,1610612751,BKN,44,913,164,350,0.469,29,88,0.33,93,122,0.762,37,123,160,115,27,12,83,95,450,466,1.39,0.33,2024-25
1642266,249,Ja'Kobe Walter,1610612761,TOR,52,1103,159,393,0.405,65,186,0.349,66,83,0.795,59,101,160,81,43,10,50,95,449,442,1.62,0.86,2024-25
1630527,250,Brandon Boston,1610612740,NOP,42,993,166,381,0.436,49,140,0.35,67,85,0.788,28,106,134,92,53,9,52,73,448,451,1.77,1.02,2024-25
1631323,251,Simone Fontecchio,1610612765,DET,75,1237,150,373,0.402,76,227,0.335,70,84,0.833,52,163,215,65,31,12,54,95,446,478,1.2,0.57,2024-25
1642348,252,Justin Edwards,1610612755,PHI,44,1155,172,378,0.455,69,190,0.363,32,46,0.696,46,102,148,69,45,16,49,98,445,454,1.41,0.92,2024-25
203552,253,Seth Curry,1610612766,CHA,68,1062,164,343,0.478,83,182,0.456,33,39,0.846,24,89,113,60,27,7,32,59,444,434,1.88,0.84,2024-25
1628436,254,Luke Kornet,1610612738,BOS,73,1361,187,280,0.668,0,3,0.0,67,97,0.691,190,198,388,117,36,71,31,119,441,899,3.77,1.16,2024-25
203114,255,Khris Middleton,1610612764,WAS,37,843,160,337,0.475,48,133,0.361,72,84,0.857,13,124,137,150,35,8,56,75,440,525,2.68,0.63,2024-25
1630643,256,Jay Huff,1610612763,MEM,64,748,157,305,0.515,81,200,0.405,44,56,0.786,30,99,129,38,16,56,34,78,439,484,1.12,0.47,2024-25
1642270,257,Donovan Clingan,1610612757,POR,67,1324,180,334,0.539,14,49,0.286,62,104,0.596,217,310,527,77,34,110,72,189,436,916,1.07,0.47,2024-25
1629026,257,Kenrich Williams,1610612760,OKC,69,1132,171,354,0.483,66,171,0.386,28,39,0.718,65,176,241,97,43,10,39,110,436,594,2.49,1.1,2024-25
1630191,259,Isaiah Stewart,1610612765,DET,72,1434,176,315,0.559,17,53,0.321,66,87,0.759,130,269,399,123,28,101,68,183,435,858,1.81,0.41,2024-25
1628418,260,Thomas Bryant,1610612754,IND,66,963,163,321,0.508,48,148,0.324,55,64,0.859,83,168,251,53,28,41,30,76,429,605,1.77,0.93,2024-25
1641730,261,Noah Clowney,1610612751,BKN,46,1042,133,372,0.358,87,261,0.333,67,80,0.838,43,138,181,40,24,21,46,105,420,388,0.87,0.52,2024-25
1642419,262,Jamison Battle,1610612761,TOR,59,1042,149,347,0.429,105,259,0.405,16,18,0.889,37,121,158,53,17,10,27,92,419,430,1.96,0.63,2024-25
1630526,263,Jeremiah Robinson-Earl,1610612740,NOP,66,1239,158,347,0.455,56,164,0.341,46,55,0.836,110,205,315,88,39,7,51,79,418,618,1.73,0.77,2024-25
1630249,264,Vít Krejčí,1610612737,ATL,57,1153,145,292,0.497,90,206,0.437,32,45,0.711,22,134,156,147,36,26,50,105,412,567,2.94,0.72,2024-25
1631218,265,Trayce Jackson-Davis,1610612744,GSW,62,967,174,302,0.576,0,3,0.0,59,102,0.578,122,189,311,104,23,38,45,73,407,667,2.31,0.51,2024-25
1628380,265,Zach Collins,1610612741,CHI,64,977,153,302,0.507,32,106,0.302,69,78,0.885,102,186,288,111,29,29,60,132,407,646,1.85,0.48,2024-25
1631217,267,Moussa Diabaté,1610612766,CHA,71,1241,167,280,0.596,0,6,0.0,69,116,0.595,187,251,438,56,46,40,61,109,403,762,0.92,0.75,2024-25
1627742,268,Brandon Ingram,1610612761,TOR,18,595,155,333,0.465,43,115,0.374,47,55,0.855,17,83,100,93,16,11,69,45,400,365,1.35,0.23,2024-25
1627780,268,Gary Payton II,1610612744,GSW,62,927,171,298,0.574,31,95,0.326,27,38,0.711,53,132,185,83,52,17,39,108,400,560,2.13,1.33,2024-25
1630549,270,Day'Ron Sharpe,1610612751,BKN,50,907,165,317,0.521,11,45,0.244,56,74,0.757,149,181,330,91,41,42,63,113,397,668,1.44,0.65,2024-25
1642367,271,Jonathan Mogbo,1610612761,TOR,63,1286,156,356,0.438,17,70,0.243,60,82,0.732,109,202,311,146,55,34,70,136,389,643,2.09,0.79,2024-25
1629021,272,Moritz Wagner,1610612753,ORL,30,564,140,249,0.562,27,75,0.36,79,110,0.718,40,108,148,42,24,12,49,55,386,423,0.86,0.49,2024-25
1630572,273,Sandro Mamukelashvili,1610612759,SAS,61,681,141,281,0.502,60,161,0.373,43,58,0.741,62,125,187,48,22,17,26,60,385,478,1.85,0.85,2024-25
203482,274,Kelly Olynyk,1610612740,NOP,44,891,134,268,0.5,33,79,0.418,83,108,0.769,62,144,206,128,33,19,76,123,384,535,1.68,0.43,2024-25
1629637,275,Jaxson Hayes,1610612747,LAL,56,1093,161,223,0.722,0,3,0.0,61,98,0.622,78,191,269,58,31,51,43,136,383,650,1.35,0.72,2024-25
1627936,276,Alex Caruso,1610612760,OKC,54,1041,140,314,0.446,60,170,0.353,42,51,0.824,38,121,159,137,87,30,37,102,382,575,3.7,2.35,2024-25
1628371,277,Jonathan Isaac,1610612753,ORL,71,1090,134,324,0.414,39,151,0.258,73,107,0.682,120,194,314,40,61,80,33,90,380,618,1.21,1.85,2024-25
1630173,278,Precious Achiuwa,1610612752,NYK,57,1170,164,327,0.502,10,36,0.278,41,69,0.594,101,216,317,55,47,42,45,81,379,604,1.22,1.04,2024-25
1629659,278,Talen Horton-Tucker,1610612741,CHI,58,724,133,291,0.457,41,122,0.336,72,98,0.735,19,81,100,83,21,11,40,59,379,370,2.08,0.53,2024-25
1631204,280,Marcus Sasser,1610612765,DET,57,811,137,296,0.463,58,152,0.382,43,51,0.843,18,51,69,133,37,4,54,72,375,397,2.46,0.69,2024-25
1641763,281,Julian Phillips,1610612741,CHI,79,1123,128,287,0.446,50,153,0.327,60,76,0.789,67,102,169,39,38,20,27,108,366,430,1.44,1.41,2024-25
1628998,282,Cody Martin,1610612756,PHX,53,1173,136,325,0.418,43,151,0.285,43,61,0.705,53,171,224,105,56,32,51,95,358,517,2.06,1.1,2024-25
203937,283,Kyle Anderson,1610612748,MIA,61,1002,142,303,0.469,25,70,0.357,48,65,0.738,53,153,206,145,40,33,37,81,357,566,3.92,1.08,2024-25
202692,284,Alec Burks,1610612748,MIA,49,864,115,271,0.424,88,207,0.425,38,49,0.776,15,109,124,55,28,7,29,37,356,374,1.9,0.97,2024-25
1628997,284,Caleb Martin,1610612742,DAL,45,1218,129,304,0.424,37,103,0.359,61,98,0.622,53,124,177,95,46,23,56,87,356,429,1.7,0.82,2024-25
1629726,286,Garrison Mathews,1610612737,ATL,47,830,102,257,0.397,85,218,0.39,64,78,0.821,13,74,87,60,26,15,31,81,353,341,1.94,0.84,2024-25
1642275,286,Tidjane Salaün,1610612766,CHA,60,1244,114,345,0.33,58,205,0.283,67,94,0.713,70,210,280,74,29,14,58,84,353,434,1.28,0.5,2024-25
1642272,288,Jared McCain,1610612755,PHI,23,592,126,274,0.46,51,133,0.383,49,56,0.875,13,43,56,60,15,0,37,37,352,291,1.62,0.41,2024-25
1631157,289,Ryan Rollins,1610612749,MIL,56,820,132,271,0.487,49,120,0.408,36,45,0.8,21,87,108,104,42,17,53,88,349,419,1.96,0.79,2024-25
1629750,290,Javonte Green,1610612739,CLE,68,1258,123,287,0.429,46,141,0.326,55,76,0.724,59,159,218,56,65,31,32,98,347,500,1.75,2.03,2024-25
1626172,291,Kevon Looney,1610612744,GSW,76,1142,143,278,0.514,2,5,0.4,56,99,0.566,185,277,462,118,46,37,39,154,344,790,3.03,1.18,2024-25
1628988,292,Aaron Holiday,1610612745,HOU,62,792,117,268,0.437,72,181,0.398,34,41,0.829,13,65,78,83,19,11,37,64,340,336,2.24,0.51,2024-25
1628971,292,Bruce Brown,1610612740,NOP,41,922,130,309,0.421,27,81,0.333,53,65,0.815,40,124,164,84,34,10,39,71,340,402,2.15,0.87,2024-25
1642366,292,Quinten Post,1610612744,GSW,42,686,123,274,0.449,73,179,0.408,21,27,0.778,35,113,148,56,16,18,33,83,340,388,1.7,0.49,2024-25
1641737,295,Adem Bona,1610612755,PHI,58,905,135,192,0.703,0,1,0.0,67,100,0.67,92,153,245,27,26,69,61,125,337,553,0.44,0.43,2024-25
1630171,295,Isaac Okoro,1610612739,CLE,55,1053,124,267,0.464,56,151,0.371,33,46,0.717,49,81,130,68,32,16,23,104,337,404,2.96,1.39,2024-25
1629004,297,Svi Mykhailiuk,1610612762,UTA,38,760,118,302,0.391,70,203,0.345,28,35,0.8,22,68,90,76,19,7,52,43,334,283,1.46,0.37,2024-25
203486,298,Mason Plumlee,1610612756,PHX,74,1300,125,202,0.619,0,4,0.0,83,128,0.648,116,339,455,134,33,47,59,154,333,821,2.27,0.56,2024-25
1641767,299,Ben Sheppard,1610612754,IND,63,1230,120,287,0.418,68,199,0.342,24,27,0.889,44,133,177,85,38,14,22,125,332,454,3.86,1.73,2024-25
1630200,300,Tre Jones,1610612741,CHI,46,905,128,238,0.538,19,48,0.396,55,67,0.821,31,85,116,192,37,10,35,55,330,528,5.49,1.06,2024-25
1641774,300,Tristan Vukcevic,1610612764,WAS,35,513,120,242,0.496,38,102,0.373,52,67,0.776,26,104,130,39,11,23,42,57,330,354,0.93,0.26,2024-25
1631207,302,Dalen Terry,1610612741,CHI,73,987,120,268,0.448,37,104,0.356,49,69,0.71,38,86,124,97,44,15,53,114,326,385,1.83,0.83,2024-25
1631255,303,Karlo Matković,1610612740,NOP,42,791,135,235,0.574,21,66,0.318,34,44,0.773,64,145,209,46,22,41,43,106,325,490,1.07,0.51,2024-25
1629731,304,Dean Wade,1610612739,CLE,59,1253,112,271,0.413,80,222,0.36,16,30,0.533,51,198,249,76,42,20,22,101,320,512,3.46,1.91,2024-25
1629610,305,DaQuan Jeffries,1610612766,CHA,47,1071,118,291,0.405,55,164,0.335,24,30,0.8,37,98,135,53,26,25,35,99,315,340,1.51,0.74,2024-25
1629003,305,Shake Milton,1610612747,LAL,57,836,115,254,0.453,38,106,0.358,47,59,0.797,31,73,104,102,25,4,40,67,315,359,2.55,0.63,2024-25
1641726,307,Dereck Lively II,1610612742,DAL,36,833,134,191,0.702,0,0,0.0,46,73,0.63,104,166,270,85,20,56,41,100,314,620,2.07,0.49,2024-25
1631133,308,Jabari Walker,1610612757,POR,60,749,118,229,0.515,28,72,0.389,49,71,0.69,59,152,211,37,33,6,34,87,313,433,1.09,0.97,2024-25
201587,308,Nicolas Batum,1610612746,LAC,78,1367,104,238,0.437,88,203,0.433,17,21,0.81,47,171,218,84,52,36,34,111,313,531,2.47,1.53,2024-25
1629674,310,Neemias Queta,1610612738,BOS,62,863,132,203,0.65,0,3,0.0,46,61,0.754,89,147,236,45,18,42,40,106,310,525,1.13,0.45,2024-25
1641810,311,Antonio Reeves,1610612740,NOP,44,660,113,248,0.456,51,129,0.395,28,35,0.8,18,45,63,39,21,4,30,40,305,260,1.3,0.7,2024-25
1627763,311,Malcolm Brogdon,1610612764,WAS,24,564,104,240,0.433,16,56,0.286,81,92,0.88,21,70,91,98,13,5,38,30,305,327,2.58,0.34,2024-25
203935,311,Marcus Smart,1610612764,WAS,34,680,101,257,0.393,49,141,0.348,54,71,0.761,18,54,72,109,39,9,54,53,305,307,2.02,0.72,2024-25
1631115,314,Orlando Robinson,1610612761,TOR,44,770,116,261,0.444,17,52,0.327,54,70,0.771,89,131,220,77,17,16,49,100,303,423,1.57,0.35,2024-25
203083,315,Andre Drummond,1610612755,PHI,40,751,117,234,0.5,3,20,0.15,56,90,0.622,109,201,310,34,39,18,55,94,293,488,0.62,0.71,2024-25
1631200,316,Kris Murray,1610612757,POR,69,1040,117,279,0.419,27,120,0.225,26,57,0.456,76,106,182,68,35,17,43,66,287,353,1.58,0.81,2024-25
1629013,317,Landry Shamet,1610612752,NYK,50,762,106,230,0.461,62,156,0.397,12,18,0.667,11,50,61,27,23,2,22,52,286,247,1.23,1.05,2024-25
1630288,318,Jeff Dowtin Jr.,1610612755,PHI,41,621,112,230,0.487,28,70,0.4,33,45,0.733,12,48,60,78,24,12,15,29,285,314,5.2,1.6,2024-25
1629006,319,Josh Okogie,1610612766,CHA,40,625,94,212,0.443,32,92,0.348,63,85,0.741,45,68,113,33,48,19,31,47,283,325,1.07,1.55,2024-25
1642354,320,KJ Simpson,1610612766,CHA,36,842,104,301,0.346,33,130,0.254,41,50,0.82,39,70,109,112,34,6,56,56,282,281,2.0,0.61,2024-25
1629234,321,Drew Eubanks,1610612746,LAC,61,746,115,194,0.593,3,6,0.5,47,71,0.662,60,166,226,54,12,39,41,63,280,467,1.32,0.29,2024-25
1631119,322,Jaylin Williams,1610612760,OKC,47,784,97,221,0.439,61,153,0.399,23,30,0.767,48,214,262,120,22,29,35,79,278,545,3.43,0.63,2024-25
1630314,323,Brandon Williams,1610612742,DAL,33,487,98,188,0.521,24,60,0.4,55,66,0.833,12,46,58,76,24,5,39,33,275,298,1.95,0.62,2024-25
1630231,324,KJ Martin,1610612762,UTA,43,912,111,201,0.552,15,58,0.259,37,47,0.787,30,95,125,48,17,22,24,101,274,362,2.0,0.71,2024-25
203995,325,Vasilije Micic,1610612756,PHX,41,785,95,273,0.348,45,125,0.36,34,41,0.829,20,69,89,128,15,0,77,45,269,239,1.66,0.2,2024-25
1641724,326,Jett Howard,1610612753,ORL,60,701,98,262,0.374,55,186,0.296,16,23,0.696,20,50,70,44,13,11,36,68,267,198,1.22,0.36,2024-25
1628366,326,Lonzo Ball,1610612741,CHI,35,777,89,243,0.366,67,195,0.344,22,27,0.815,25,93,118,115,47,17,41,55,267,364,2.81,1.15,2024-25
1641787,326,Tosan Evbuomwan,1610612751,BKN,28,665,94,220,0.427,24,77,0.312,55,73,0.753,32,88,120,55,24,10,39,55,267,293,1.41,0.62,2024-25
201569,329,Eric Gordon,1610612755,PHI,39,769,87,204,0.426,56,137,0.409,36,48,0.75,8,38,46,65,26,12,28,32,266,258,2.32,0.93,2024-25
1627732,330,Ben Simmons,1610612746,LAC,51,1120,116,223,0.52,0,0,0.0,24,33,0.727,47,194,241,285,38,23,102,107,256,625,2.79,0.37,2024-25
1630322,330,Lindy Waters III,1610612765,DET,52,778,92,249,0.369,64,186,0.344,8,11,0.727,20,90,110,52,27,11,20,62,256,276,2.6,1.35,2024-25
1642345,332,Oso Ighodaro,1610612756,PHX,61,1046,113,187,0.604,0,2,0.0,29,50,0.58,66,156,222,71,28,29,39,102,255,471,1.82,0.72,2024-25
1641796,333,Pelle Larsson,1610612748,MIA,55,782,89,203,0.438,32,95,0.337,41,61,0.672,28,64,92,65,32,7,24,91,251,289,2.71,1.33,2024-25
1629022,334,Lonnie Walker IV,1610612755,PHI,20,477,89,212,0.42,45,127,0.354,24,30,0.8,6,57,63,50,10,5,25,27,247,221,2.0,0.4,2024-25
1629626,335,Bol Bol,1610612756,PHX,36,448,96,183,0.525,32,93,0.344,20,26,0.769,20,84,104,22,9,25,20,20,244,291,1.1,0.45,2024-25
1631216,336,Caleb Houstan,1610612753,ORL,58,788,80,190,0.421,64,160,0.4,15,17,0.882,19,56,75,35,22,6,13,62,239,252,2.69,1.69,2024-25
1630639,337,A.J. Lawson,1610612761,TOR,26,486,80,190,0.421,33,101,0.327,43,63,0.683,20,66,86,31,13,6,15,44,236,227,2.07,0.87,2024-25
1631103,338,Malaki Branham,1610612759,SAS,47,427,87,190,0.458,34,84,0.405,27,33,0.818,7,44,51,38,11,2,34,29,235,194,1.12,0.32,2024-25
1642349,339,Ajay Mitchell,1610612760,OKC,36,597,91,184,0.495,23,60,0.383,29,35,0.829,18,50,68,64,25,4,29,68,234,267,2.21,0.86,2024-25
1628420,340,Monte Morris,1610612756,PHX,45,571,83,195,0.426,31,86,0.36,36,42,0.857,12,55,67,73,20,3,21,23,233,257,3.48,0.95,2024-25
1641748,341,Andre Jackson Jr.,1610612749,MIL,67,980,94,197,0.477,30,76,0.395,12,24,0.5,65,117,182,83,34,14,58,114,230,370,1.43,0.59,2024-25
1642262,341,Cody Williams,1610612762,UTA,50,1060,83,257,0.323,35,135,0.259,29,40,0.725,27,86,113,59,23,16,44,95,230,212,1.34,0.52,2024-25
1626158,341,Richaun Holmes,1610612764,WAS,31,534,90,139,0.647,0,3,0.0,50,60,0.833,62,115,177,42,9,23,21,49,230,401,2.0,0.43,2024-25
1642263,344,Reed Sheppard,1610612745,HOU,52,654,84,239,0.351,48,142,0.338,13,16,0.813,16,62,78,75,35,17,37,53,229,239,2.03,0.95,2024-25
1630611,345,Gui Santos,1610612744,GSW,56,762,82,179,0.458,34,103,0.33,29,42,0.69,72,100,172,80,25,10,42,91,227,362,1.91,0.6,2024-25
203500,346,Steven Adams,1610612745,HOU,58,794,91,167,0.545,0,2,0.0,43,93,0.462,166,161,327,66,22,28,54,60,225,488,1.22,0.41,2024-25
1642358,347,AJ Johnson,1610612764,WAS,29,638,82,213,0.385,24,90,0.267,32,37,0.865,8,51,59,76,12,3,35,50,220,199,2.17,0.34,2024-25
1642265,348,Rob Dillingham,1610612750,MIN,49,516,93,211,0.441,25,74,0.338,8,15,0.533,12,38,50,98,20,1,53,37,219,210,1.85,0.38,2024-25
1631104,349,Blake Wesley,1610612759,SAS,58,683,81,186,0.435,17,58,0.293,38,61,0.623,17,44,61,114,37,6,54,46,217,253,2.11,0.69,2024-25
1626192,350,Pat Connaughton,1610612749,MIL,41,603,83,177,0.469,26,81,0.321,24,31,0.774,19,90,109,70,9,11,24,45,216,290,2.92,0.38,2024-25
201599,351,DeAndre Jordan,1610612743,DEN,56,691,91,140,0.65,0,0,0.0,27,64,0.422,84,200,284,53,16,27,40,74,209,463,1.33,0.4,2024-25
1641713,351,GG Jackson,1610612763,MEM,29,459,74,199,0.372,32,95,0.337,29,40,0.725,27,65,92,29,12,5,31,30,209,180,0.94,0.39,2024-25
1630529,353,Herbert Jones,1610612740,NOP,20,648,75,172,0.436,22,72,0.306,33,40,0.825,22,56,78,65,37,9,35,66,205,255,1.86,1.06,2024-25
1626204,354,Larry Nance Jr.,1610612737,ATL,24,463,80,155,0.516,34,76,0.447,9,13,0.692,23,80,103,38,20,13,16,37,203,282,2.38,1.25,2024-25
1641765,355,Olivier-Maxence Prosper,1610612742,DAL,52,584,70,174,0.402,12,51,0.235,49,76,0.645,44,82,126,40,26,6,14,28,201,254,2.86,1.86,2024-25
1629618,356,Jalen Pickett,1610612743,DEN,49,666,77,180,0.428,40,101,0.396,6,8,0.75,15,56,71,107,19,5,24,38,200,273,4.46,0.79,2024-25
1629111,356,Jock Landale,1610612745,HOU,42,500,81,152,0.533,11,26,0.423,27,40,0.675,56,81,137,37,13,10,21,49,200,292,1.76,0.62,2024-25
1630539,358,Kai Jones,1610612742,DAL,40,468,87,109,0.798,1,5,0.2,23,32,0.719,40,85,125,25,15,23,18,50,198,337,1.39,0.83,2024-25
1631243,359,Mouhamed Gueye,1610612737,ATL,33,533,72,171,0.421,21,81,0.259,32,42,0.762,44,95,139,27,28,33,15,55,197,300,1.8,1.87,2024-25
1631288,360,Jamal Cain,1610612740,NOP,37,502,68,158,0.43,26,80,0.325,34,50,0.68,27,58,85,22,23,9,22,46,196,207,1.0,1.05,2024-25
1631221,361,Collin Gillespie,1610612756,PHX,33,461,68,158,0.43,39,90,0.433,19,22,0.864,22,56,78,78,21,5,17,30,194,266,4.59,1.24,2024-25
1641871,361,Duop Reath,1610612757,POR,46,469,70,166,0.422,34,106,0.321,20,22,0.909,44,48,92,26,12,14,16,41,194,224,1.63,0.75,2024-25
1641854,363,Craig Porter Jr.,1610612739,CLE,51,513,72,140,0.514,21,48,0.438,23,32,0.719,19,48,67,71,17,15,38,25,188,243,1.87,0.45,2024-25
1630256,363,Jae'Sean Tate,1610612745,HOU,52,588,70,148,0.473,16,46,0.348,32,47,0.681,50,67,117,47,26,7,22,82,188,270,2.14,1.18,2024-25
1630194,365,Paul Reed,1610612765,DET,45,438,72,142,0.507,8,28,0.286,32,42,0.762,40,83,123,44,39,25,26,75,184,309,1.69,1.5,2024-25
1630192,365,Zeke Nnaji,1610612743,DEN,57,608,70,141,0.496,17,52,0.327,27,44,0.614,33,57,90,23,25,38,14,62,184,258,1.64,1.79,2024-25
1630544,367,Tre Mann,1610612766,CHA,13,319,70,161,0.435,24,60,0.4,19,21,0.905,12,26,38,39,7,4,25,24,183,153,1.56,0.28,2024-25
1631246,368,Vince Williams Jr.,1610612763,MEM,27,499,67,167,0.401,26,95,0.274,19,24,0.792,22,76,98,55,12,7,33,45,179,213,1.67,0.36,2024-25
202709,369,Cory Joseph,1610612753,ORL,50,612,62,154,0.403,39,107,0.364,14,18,0.778,17,57,74,72,26,4,18,50,177,239,4.0,1.44,2024-25
203957,370,Dante Exum,1610612742,DAL,20,372,64,134,0.478,23,53,0.434,23,31,0.742,4,29,33,56,12,3,22,34,174,178,2.55,0.55,2024-25
201145,371,Jeff Green,1610612745,HOU,32,396,61,121,0.504,29,79,0.367,21,26,0.808,11,47,58,20,6,4,9,32,172,186,2.22,0.67,2024-25
1630811,372,Keaton Wallace,1610612737,ATL,31,501,65,162,0.401,27,82,0.329,11,11,1.0,7,43,50,81,28,9,33,39,168,206,2.46,0.85,2024-25
1630556,372,Kessler Edwards,1610612742,DAL,40,608,67,135,0.496,22,54,0.407,12,13,0.923,22,93,115,42,19,20,16,62,168,279,2.63,1.19,2024-25
1642281,374,Jaylon Tyson,1610612739,CLE,47,453,64,149,0.43,20,58,0.345,19,24,0.792,37,59,96,44,13,3,26,50,167,207,1.69,0.5,2024-25
1629684,375,Grant Williams,1610612766,CHA,16,479,54,123,0.439,27,74,0.365,31,37,0.838,18,64,82,37,18,13,28,46,166,213,1.32,0.64,2024-25
1641740,376,Jaylen Clark,1610612750,MIN,40,522,56,120,0.467,22,51,0.431,29,37,0.784,26,27,53,26,36,2,8,61,163,200,3.25,4.5,2024-25
1628464,377,Daniel Theis,1610612740,NOP,38,621,61,129,0.473,9,37,0.243,31,37,0.838,44,120,164,60,18,20,25,70,162,325,2.4,0.72,2024-25
1630695,377,Micah Potter,1610612762,UTA,38,705,57,135,0.422,31,98,0.316,17,20,0.85,43,121,164,31,14,14,31,50,162,273,1.0,0.45,2024-25
1631245,377,Quenton Jackson,1610612754,IND,28,381,58,122,0.475,15,40,0.375,31,40,0.775,14,30,44,53,21,5,16,43,162,196,3.31,1.31,2024-25
1630692,380,Jordan Goodwin,1610612747,LAL,29,543,63,144,0.438,26,68,0.382,9,11,0.818,38,74,112,42,30,11,26,43,161,247,1.62,1.15,2024-25
1629646,381,Charles Bassey,1610612759,SAS,36,376,68,117,0.581,0,0,0.0,21,33,0.636,56,96,152,17,14,30,23,50,157,286,0.74,0.61,2024-25
1641732,381,Colby Jones,1610612764,WAS,39,515,59,129,0.457,16,49,0.327,23,35,0.657,21,66,87,44,26,13,23,37,157,222,1.91,1.13,2024-25
1641712,383,Rayan Rupert,1610612757,POR,52,460,58,142,0.408,16,59,0.271,23,30,0.767,26,44,70,25,16,4,30,37,155,149,0.83,0.53,2024-25
1631223,384,David Roddy,1610612745,HOU,33,410,57,125,0.456,19,61,0.311,20,26,0.769,13,71,84,35,14,9,22,20,153,199,1.59,0.64,2024-25
1628975,384,Jevon Carter,1610612741,CHI,36,321,55,146,0.377,35,105,0.333,8,10,0.8,4,35,39,40,13,3,11,15,153,144,3.64,1.18,2024-25
1641757,386,Jordan Miller,1610612746,LAC,37,420,58,134,0.433,8,38,0.211,28,35,0.8,23,35,58,34,17,5,26,26,152,157,1.31,0.65,2024-25
1630243,386,Trevelin Queen,1610612753,ORL,31,430,56,147,0.381,22,77,0.286,18,21,0.857,26,28,54,38,31,10,22,38,152,169,1.73,1.41,2024-25
1631111,388,Wendell Moore Jr.,1610612766,CHA,36,499,59,126,0.468,14,41,0.341,18,22,0.818,30,65,95,42,20,5,27,31,150,214,1.56,0.74,2024-25
1630538,389,Bones Hyland,1610612750,MIN,24,239,47,118,0.398,32,82,0.39,23,26,0.885,5,20,25,32,18,4,25,29,149,129,1.28,0.72,2024-25
1631230,390,Dominick Barlow,1610612737,ATL,35,375,60,113,0.531,7,27,0.259,21,33,0.636,35,50,85,19,9,16,5,47,148,207,3.8,1.8,2024-25
203926,391,Doug McDermott,1610612758,SAC,42,342,50,117,0.427,44,101,0.436,3,5,0.6,3,19,22,7,4,2,6,30,147,107,1.17,0.67,2024-25
1629020,391,Jarred Vanderbilt,1610612747,LAL,36,581,59,121,0.488,9,32,0.281,20,36,0.556,68,114,182,41,35,10,29,67,147,308,1.41,1.21,2024-25
203914,393,Gary Harris,1610612753,ORL,48,711,51,133,0.383,36,101,0.356,7,12,0.583,20,44,64,30,26,12,17,45,145,173,1.77,1.53,2024-25
202687,394,Bismack Biyombo,1610612759,SAS,28,528,67,114,0.588,0,0,0.0,10,25,0.4,43,115,158,31,16,23,27,52,144,283,1.15,0.59,2024-25
1631232,395,Keion Brooks Jr.,1610612740,NOP,14,332,53,109,0.486,14,43,0.326,22,30,0.733,12,46,58,13,10,10,12,30,142,157,1.08,0.83,2024-25
1631172,395,Ousmane Dieng,1610612760,OKC,37,405,54,125,0.432,23,71,0.324,11,16,0.688,18,63,81,31,17,7,18,33,142,184,1.72,0.94,2024-25
1642269,397,Devin Carter,1610612758,SAC,36,396,47,127,0.37,18,61,0.295,26,44,0.591,19,57,76,41,21,4,18,39,138,164,2.28,1.17,2024-25
200768,397,Kyle Lowry,1610612755,PHI,35,659,41,117,0.35,29,88,0.33,27,33,0.818,11,56,67,96,33,11,21,62,138,242,4.57,1.57,2024-25
1630568,397,Luka Garza,1610612750,MIN,39,219,52,105,0.495,10,36,0.278,24,35,0.686,31,23,54,11,6,3,12,29,138,136,0.92,0.5,2024-25
1628964,397,Mo Bamba,1610612740,NOP,32,413,52,112,0.464,15,54,0.278,19,27,0.704,32,113,145,18,9,31,20,56,138,253,0.9,0.45,2024-25
1630545,397,Terrence Shannon Jr.,1610612750,MIN,32,339,55,114,0.482,11,31,0.355,17,21,0.81,10,37,47,32,7,5,15,27,138,151,2.13,0.47,2024-25
1628963,402,Marvin Bagley III,1610612763,MEM,31,265,55,106,0.519,3,19,0.158,23,35,0.657,38,46,84,11,9,8,12,18,136,173,0.92,0.75,2024-25
202704,402,Reggie Jackson,1610612755,PHI,31,384,52,133,0.391,25,74,0.338,7,9,0.778,8,34,42,45,16,3,17,34,136,142,2.65,0.94,2024-25
1641794,404,Dillon Jones,1610612760,OKC,54,552,51,133,0.383,16,63,0.254,17,28,0.607,30,91,121,58,16,4,28,54,135,213,2.07,0.57,2024-25
1641816,405,Hunter Tyson,1610612743,DEN,51,400,45,120,0.375,23,74,0.311,21,28,0.75,25,53,78,20,10,6,14,44,134,152,1.43,0.71,2024-25
1642403,405,Isaac Jones,1610612758,SAC,40,304,54,83,0.651,3,8,0.375,23,36,0.639,22,35,57,12,5,10,16,30,134,160,0.75,0.31,2024-25
1630264,407,Anthony Gill,1610612764,WAS,51,398,43,88,0.489,10,31,0.323,33,50,0.66,18,48,66,16,9,2,10,30,129,150,1.6,0.9,2024-25
1626153,408,Delon Wright,1610612752,NYK,40,635,45,131,0.344,20,73,0.274,15,25,0.6,27,39,66,77,35,12,22,25,125,197,3.5,1.59,2024-25
1630658,409,Colin Castleton,1610612761,TOR,26,432,46,98,0.469,2,16,0.125,29,38,0.763,53,69,122,28,8,10,23,51,123,207,1.22,0.35,2024-25
1642382,410,Branden Carlson,1610612760,OKC,32,246,43,97,0.443,22,66,0.333,14,18,0.778,17,37,54,14,5,21,7,22,122,151,2.0,0.71,2024-25
201567,410,Kevin Love,1610612748,MIA,23,251,41,115,0.357,24,67,0.358,16,23,0.696,22,72,94,22,15,4,14,21,122,162,1.57,1.07,2024-25
1631209,412,Isaiah Wong,1610612766,CHA,20,266,41,105,0.39,13,33,0.394,25,34,0.735,14,18,32,28,11,0,18,21,120,100,1.56,0.61,2024-25
1631169,413,Josh Minott,1610612750,MIN,46,276,44,90,0.489,14,43,0.326,17,19,0.895,12,35,47,18,15,12,11,34,119,152,1.64,1.36,2024-25
1631197,414,Jared Rhoden,1610612761,TOR,14,226,42,87,0.483,12,39,0.308,22,25,0.88,14,28,42,16,10,2,9,20,118,131,1.78,1.11,2024-25
1641721,415,Maxwell Lewis,1610612751,BKN,28,328,45,108,0.417,19,50,0.38,7,10,0.7,18,37,55,19,9,7,14,29,116,126,1.36,0.64,2024-25
1629057,415,Robert Williams III,1610612757,POR,20,351,50,78,0.641,1,3,0.333,15,17,0.882,35,83,118,21,13,33,17,31,116,254,1.24,0.77,2024-25
1641727,417,Dariq Whitehead,1610612751,BKN,20,246,39,96,0.406,33,74,0.446,3,5,0.6,4,25,29,12,6,1,15,22,114,88,0.8,0.4,2024-25
203939,417,Dwight Powell,1610612742,DAL,55,551,42,61,0.689,2,5,0.4,28,43,0.651,47,71,118,55,18,21,18,75,114,274,3.06,1.0,2024-25
1631248,419,Baylor Scheierman,1610612738,BOS,31,384,39,110,0.355,26,82,0.317,9,12,0.75,19,46,65,33,17,2,12,22,113,144,2.75,1.42,2024-25
1629723,420,John Konchar,1610612763,MEM,46,558,41,91,0.451,23,62,0.371,7,8,0.875,37,114,151,42,30,14,16,32,112,282,2.63,1.88,2024-25
1629680,420,Matisse Thybulle,1610612757,POR,15,312,42,88,0.477,21,48,0.438,7,15,0.467,14,38,52,28,33,9,13,14,112,167,2.15,2.54,2024-25
201988,422,Patty Mills,1610612746,LAC,29,321,36,96,0.375,26,75,0.347,13,14,0.929,4,18,22,26,13,3,17,24,111,97,1.53,0.77,2024-25
1641878,423,Damion Baugh,1610612766,CHA,15,370,42,130,0.323,12,56,0.214,13,15,0.867,14,36,50,56,15,2,31,22,109,111,1.81,0.48,2024-25
1631166,423,Drew Timme,1610612751,BKN,9,254,45,102,0.441,9,35,0.257,10,16,0.625,17,48,65,20,4,1,15,21,109,121,1.33,0.27,2024-25
1630531,423,Jaden Springer,1610612762,UTA,43,365,35,90,0.389,12,48,0.25,27,38,0.711,17,41,58,33,24,4,16,42,109,146,2.06,1.5,2024-25
1628470,426,Torrey Craig,1610612738,BOS,26,314,38,90,0.422,24,66,0.364,8,12,0.667,27,46,73,17,8,12,8,34,108,154,2.13,1.0,2024-25
1631131,427,Oscar Tshiebwe,1610612762,UTA,14,255,42,70,0.6,0,0,0.0,23,31,0.742,46,76,122,9,13,1,10,24,107,206,0.9,1.3,2024-25
201959,427,Taj Gibson,1610612766,CHA,37,409,47,95,0.495,1,2,0.5,12,20,0.6,51,69,120,21,9,18,25,54,107,194,0.84,0.36,2024-25
1642285,429,Cam Spencer,1610612763,MEM,25,252,34,82,0.415,19,52,0.365,19,19,1.0,12,18,30,34,9,1,6,23,106,126,5.67,1.5,2024-25
1641720,429,Jalen Hood-Schifino,1610612755,PHI,15,315,37,98,0.378,14,46,0.304,18,21,0.857,3,24,27,37,5,7,18,25,106,100,2.06,0.28,2024-25
1629629,431,Cam Reddish,1610612747,LAL,33,589,38,94,0.404,13,47,0.277,16,26,0.615,17,49,66,22,33,10,12,43,105,158,1.83,2.75,2024-25
1642277,432,Johnny Furphy,1610612754,IND,50,379,35,92,0.38,15,50,0.3,18,22,0.818,23,48,71,19,18,11,12,41,103,149,1.58,1.5,2024-25
1628467,432,Maxi Kleber,1610612747,LAL,34,637,37,96,0.385,13,49,0.265,16,21,0.762,25,70,95,43,9,17,23,66,103,180,1.87,0.39,2024-25
1630579,434,Jericho Sims,1610612749,MIL,53,631,45,71,0.634,0,0,0.0,8,13,0.615,71,126,197,33,10,19,33,65,98,293,1.0,0.3,2024-25
1629162,434,Jordan McLaughlin,1610612759,SAS,46,314,31,72,0.431,19,46,0.413,17,22,0.773,6,24,30,51,16,1,16,18,98,134,3.19,1.0,2024-25
1630311,434,Pat Spencer,1610612744,GSW,39,250,41,101,0.406,5,22,0.227,11,15,0.733,15,31,46,48,14,3,18,20,98,127,2.67,0.78,2024-25
1641998,437,Trey Jemison III,1610612747,LAL,38,392,41,74,0.554,0,0,0.0,13,33,0.394,44,61,105,16,9,15,24,69,95,163,0.67,0.38,2024-25
1641736,438,Reece Beekman,1610612751,BKN,36,469,35,107,0.327,7,40,0.175,16,21,0.762,13,26,39,63,33,2,21,36,93,132,3.0,1.57,2024-25
1631132,439,Christian Koloko,1610612747,LAL,37,342,40,66,0.606,0,4,0.0,10,14,0.714,35,57,92,16,8,16,12,44,90,180,1.33,0.67,2024-25
1630696,440,Dru Smith,1610612748,MIA,14,268,31,61,0.508,16,30,0.533,9,12,0.75,12,24,36,23,21,6,17,30,87,123,1.35,1.24,2024-25
1629011,440,Mitchell Robinson,1610612752,NYK,17,290,37,56,0.661,0,0,0.0,13,19,0.684,52,49,101,13,16,18,10,26,87,200,1.3,1.6,2024-25
1631311,442,Lester Quinones,1610612740,NOP,13,183,31,78,0.397,13,44,0.295,11,13,0.846,4,15,19,24,3,2,14,18,86,71,1.71,0.21,2024-25
203901,443,Elfrid Payton,1610612740,NOP,24,511,40,122,0.328,1,6,0.167,4,7,0.571,15,64,79,166,24,11,59,36,85,221,2.81,0.41,2024-25
1627814,444,Damion Lee,1610612756,PHX,25,144,27,74,0.365,9,37,0.243,20,21,0.952,3,17,20,11,6,0,10,6,83,62,1.1,0.6,2024-25
1641775,445,Jordan Walsh,1610612738,BOS,52,403,30,83,0.361,15,55,0.273,7,12,0.583,23,46,69,19,12,11,17,30,82,118,1.12,0.71,2024-25
1642278,446,Tyler Kolek,1610612752,NYK,41,296,27,82,0.329,14,47,0.298,13,17,0.765,8,19,27,70,12,4,18,26,81,117,3.89,0.67,2024-25
1631098,447,Johnny Davis,1610612764,WAS,34,242,32,78,0.41,7,29,0.241,9,15,0.6,10,28,38,11,15,6,7,18,80,91,1.57,2.14,2024-25
1630699,448,MarJon Beauchamp,1610612752,NYK,35,156,27,65,0.415,10,29,0.345,15,20,0.75,11,33,44,11,4,1,15,14,79,81,0.73,0.27,2024-25
1641798,449,Jaylen Martin,1610612764,WAS,16,239,31,74,0.419,7,23,0.304,9,10,0.9,11,33,44,17,9,0,12,14,78,92,1.42,0.75,2024-25
1641738,450,Kobe Brown,1610612746,LAC,40,272,33,72,0.458,6,26,0.231,5,7,0.714,19,46,65,24,7,4,12,23,77,124,2.0,0.58,2024-25
1642024,451,Alex Reese,1610612755,PHI,15,216,26,54,0.481,15,41,0.366,9,12,0.75,9,38,47,4,10,10,6,21,76,110,0.67,1.67,2024-25
1629650,451,Moses Brown,1610612742,DAL,13,119,34,49,0.694,0,0,0.0,8,11,0.727,12,32,44,2,6,4,11,17,76,103,0.18,0.55,2024-25
203458,453,Alex Len,1610612747,LAL,46,380,32,63,0.508,2,9,0.222,8,17,0.471,38,57,95,38,9,21,20,56,74,177,1.9,0.45,2024-25
1630205,453,Lamar Stevens,1610612763,MEM,17,156,29,63,0.46,8,27,0.296,8,11,0.727,4,34,38,8,5,3,10,15,74,81,0.8,0.5,2024-25
1630550,455,JT Thor,1610612764,WAS,20,249,25,59,0.424,6,21,0.286,15,22,0.682,20,28,48,6,8,9,9,17,71,92,0.67,0.89,2024-25
202684,456,Tristan Thompson,1610612739,CLE,40,328,31,71,0.437,0,3,0.0,7,30,0.233,32,102,134,24,2,11,14,36,69,163,1.71,0.14,2024-25
1629669,457,Jaylen Nowell,1610612764,WAS,8,168,26,73,0.356,8,27,0.296,7,11,0.636,6,14,20,18,1,4,8,9,67,51,2.25,0.13,2024-25
1630542,457,Marcus Bagley,1610612755,PHI,10,253,27,69,0.391,5,32,0.156,8,10,0.8,23,47,70,10,9,12,7,16,67,117,1.43,1.29,2024-25
1641890,457,Tyler Smith,1610612749,MIL,23,122,24,50,0.48,13,30,0.433,6,8,0.75,6,19,25,4,3,4,8,11,67,67,0.5,0.38,2024-25
1641745,460,Adam Flagler,1610612760,OKC,37,203,25,96,0.26,14,72,0.194,1,2,0.5,7,20,27,12,8,3,4,15,65,39,3.0,2.0,2024-25
1631466,460,Nate Williams,1610612745,HOU,20,147,27,62,0.435,6,26,0.231,5,8,0.625,5,8,13,9,8,4,14,16,65,47,0.64,0.57,2024-25
1642355,462,Bronny James,1610612747,LAL,27,181,21,67,0.313,9,32,0.281,11,14,0.786,4,14,18,22,9,3,13,13,62,52,1.69,0.69,2024-25
1629001,462,De'Anthony Melton,1610612751,BKN,6,121,22,54,0.407,13,35,0.371,5,8,0.625,6,14,20,17,7,2,10,18,62,63,1.7,0.7,2024-25
1628365,464,Markelle Fultz,1610612758,SAC,21,184,28,67,0.418,4,8,0.5,1,1,1.0,6,14,20,27,10,2,15,12,61,66,1.8,0.67,2024-25
1628396,464,Tony Bradley,1610612754,IND,14,113,29,45,0.644,1,3,0.333,2,6,0.333,18,24,42,6,2,9,5,11,61,95,1.2,0.4,2024-25
1631306,466,Cole Swider,1610612754,IND,10,170,22,63,0.349,15,47,0.319,0,1,0.0,5,22,27,3,4,2,4,12,59,49,0.75,1.0,2024-25
1628981,467,Bruno Fernando,1610612761,TOR,17,147,26,49,0.531,0,0,0.0,6,8,0.75,21,30,51,18,4,9,14,27,58,101,1.29,0.29,2024-25
203967,468,Dario Saric,1610612743,DEN,16,210,21,58,0.362,7,26,0.269,7,10,0.7,14,36,50,23,7,1,15,19,56,82,1.53,0.47,2024-25
202693,468,Markieff Morris,1610612747,LAL,15,164,21,70,0.3,9,36,0.25,5,6,0.833,3,20,23,21,2,3,5,16,56,50,4.2,0.4,2024-25
1630623,470,Tyson Etienne,1610612751,BKN,7,151,17,52,0.327,13,44,0.295,8,10,0.8,3,6,9,12,3,1,8,17,55,35,1.5,0.38,2024-25
1641809,471,Drew Peterson,1610612738,BOS,25,186,17,41,0.415,13,33,0.394,7,9,0.778,9,31,40,13,5,2,8,18,54,80,1.63,0.63,2024-25
1630165,471,Killian Hayes,1610612751,BKN,6,162,18,43,0.419,8,21,0.381,10,12,0.833,5,13,18,31,4,4,9,13,54,75,3.44,0.44,2024-25
1629643,473,Chuma Okeke,1610612739,CLE,9,197,20,40,0.5,11,28,0.393,2,3,0.667,21,26,47,15,5,4,3,5,53,100,5.0,1.67,2024-25
202066,473,Garrett Temple,1610612761,TOR,28,227,18,60,0.3,6,28,0.214,11,12,0.917,9,20,29,31,17,2,10,23,53,79,3.1,1.7,2024-25
1641723,473,Kobe Bufkin,1610612737,ATL,10,124,18,47,0.383,4,19,0.211,13,18,0.722,5,16,21,17,3,2,8,9,53,54,2.13,0.38,2024-25
1631116,473,Patrick Baldwin Jr.,1610612746,LAC,24,107,19,35,0.543,13,23,0.565,2,4,0.5,5,20,25,3,3,2,5,7,53,63,0.6,0.6,2024-25
1629052,477,Oshae Brissett,1610612755,PHI,6,142,19,39,0.487,6,18,0.333,8,14,0.571,7,15,22,4,4,3,8,14,52,51,0.5,0.5,2024-25
1630574,478,Ariel Hukporti,1610612752,NYK,25,217,21,31,0.677,0,0,0.0,6,13,0.462,14,37,51,11,1,15,21,32,48,88,0.52,0.05,2024-25
1642402,479,Enrique Freeman,1610612754,IND,22,181,16,37,0.432,1,10,0.1,13,19,0.684,11,19,30,9,3,3,6,21,46,58,1.5,0.5,2024-25
1628995,479,Kevin Knox II,1610612744,GSW,14,84,18,36,0.5,4,15,0.267,6,8,0.75,7,10,17,5,2,4,4,6,46,50,1.25,0.5,2024-25
1631342,481,Daeqwon Plowden,1610612737,ATL,6,72,16,25,0.64,9,17,0.529,2,2,1.0,4,7,11,2,0,0,4,10,43,43,0.5,0.0,2024-25
1642352,481,Keshad Johnson,1610612748,MIA,16,98,18,26,0.692,3,7,0.429,4,9,0.444,6,22,28,4,5,4,4,11,43,67,1.0,1.25,2024-25
1631301,483,Jaylen Sims,1610612766,CHA,6,112,12,28,0.429,6,15,0.4,12,15,0.8,3,3,6,12,3,1,8,10,42,37,1.5,0.38,2024-25
1631250,484,Pete Nance,1610612749,MIL,13,138,14,32,0.438,9,24,0.375,1,2,0.5,5,16,21,10,2,2,4,17,38,50,2.5,0.5,2024-25
1641734,485,Emoni Bates,1610612739,CLE,10,75,13,38,0.342,11,30,0.367,0,0,0.0,0,7,7,8,1,1,2,4,37,27,4.0,0.5,2024-25
1642505,486,Alex Ducas,1610612760,OKC,21,125,12,30,0.4,10,21,0.476,2,2,1.0,9,17,26,5,5,0,4,12,36,50,1.25,1.25,2024-25
1630537,486,Chris Duarte,1610612741,CHI,17,74,12,26,0.462,6,15,0.4,6,8,0.75,5,15,20,9,0,0,1,7,36,48,9.0,0.0,2024-25
1641772,486,Nae'Qwan Tomlin,1610612739,CLE,5,63,13,32,0.406,2,10,0.2,8,11,0.727,9,12,21,2,0,1,2,9,36,36,1.0,0.0,2024-25
1642530,486,Yuki Kawamura,1610612763,MEM,22,93,11,30,0.367,7,23,0.304,7,9,0.778,0,12,12,19,2,0,5,8,36,43,3.8,0.4,2024-25
1630543,490,Isaiah Jackson,1610612754,IND,5,84,14,23,0.609,0,0,0.0,7,14,0.5,11,17,28,5,3,8,5,14,35,58,1.0,0.6,2024-25
1631102,490,TyTy Washington Jr.,1610612756,PHX,16,118,14,45,0.311,4,21,0.19,3,6,0.5,4,9,13,16,3,0,3,4,35,30,5.33,1.0,2024-25
1630283,492,Kylor Kelley,1610612747,LAL,11,126,14,22,0.636,0,0,0.0,6,10,0.6,12,27,39,5,1,3,4,15,34,66,1.25,0.25,2024-25
1630214,492,Xavier Tillman,1610612738,BOS,33,231,13,53,0.245,5,32,0.156,3,4,0.75,10,33,43,7,11,5,14,18,34,45,0.5,0.79,2024-25
1631120,494,JD Davison,1610612738,BOS,16,93,12,34,0.353,4,18,0.222,5,7,0.714,2,11,13,13,5,1,13,2,33,28,1.0,0.39,2024-25
1641790,494,PJ Hall,1610612743,DEN,19,66,14,24,0.583,2,8,0.25,3,4,0.75,6,16,22,4,0,4,2,11,33,50,2.0,0.0,2024-25
1641989,496,Elijah Harkless,1610612762,UTA,10,138,11,35,0.314,7,25,0.28,3,6,0.5,9,12,21,8,10,1,3,18,32,42,2.67,3.33,2024-25
1626196,496,Josh Richardson,1610612748,MIA,8,149,11,38,0.289,6,22,0.273,4,4,1.0,6,6,12,12,8,1,8,17,32,30,1.5,1.0,2024-25
1631321,496,Sidy Cissoko,1610612757,POR,22,114,13,30,0.433,3,13,0.231,3,9,0.333,8,13,21,15,2,1,11,10,32,37,1.36,0.18,2024-25
1641725,496,Trey Alexander,1610612743,DEN,24,117,13,41,0.317,3,17,0.176,3,4,0.75,1,11,12,11,2,1,5,10,32,24,2.2,0.4,2024-25
1641753,500,Chris Livingston,1610612749,MIL,21,106,9,27,0.333,0,8,0.0,12,16,0.75,10,25,35,5,5,0,6,8,30,47,0.83,0.83,2024-25
1642359,500,Pacôme Dadiet,1610612752,NYK,18,111,10,31,0.323,6,19,0.316,4,6,0.667,3,15,18,5,3,2,4,7,30,31,1.25,0.75,2024-25
1642484,500,RayJ Dennis,1610612754,IND,11,70,11,33,0.333,6,21,0.286,2,2,1.0,2,10,12,14,7,2,5,7,30,38,2.8,1.4,2024-25
1630528,503,Josh Christopher,1610612748,MIA,14,69,11,31,0.355,2,11,0.182,4,6,0.667,0,9,9,8,5,3,6,2,28,25,1.33,0.83,2024-25
1630585,503,Marcus Garrett,1610612766,CHA,4,79,11,27,0.407,3,8,0.375,3,4,0.75,1,5,6,13,3,2,6,10,28,29,2.17,0.5,2024-25
1630346,503,Matt Ryan,1610612740,NOP,19,68,10,31,0.323,6,19,0.316,2,2,1.0,0,8,8,3,2,0,3,1,28,17,1.0,0.67,2024-25
1642461,506,Spencer Jones,1610612743,DEN,20,125,11,34,0.324,1,17,0.059,3,3,1.0,8,9,17,5,5,5,5,17,26,30,1.0,1.0,2024-25
1641789,507,Jazian Gortman,1610612742,DAL,16,57,9,23,0.391,4,11,0.364,2,4,0.5,1,4,5,6,2,1,5,9,24,17,1.2,0.4,2024-25
1642368,507,N'Faly Dante,1610612745,HOU,4,51,10,13,0.769,0,0,0.0,4,5,0.8,6,15,21,2,1,5,2,9,24,47,1.0,0.5,2024-25
1628427,507,Vlatko Čančar,1610612743,DEN,13,136,10,26,0.385,4,15,0.267,0,0,0.0,6,26,32,9,3,2,11,10,24,43,0.82,0.27,2024-25
1631210,510,Jacob Toppin,1610612737,ATL,17,75,9,22,0.409,5,10,0.5,0,0,0.0,3,12,15,6,2,0,3,3,23,30,2.0,0.67,2024-25
203109,510,Jae Crowder,1610612758,SAC,9,103,7,22,0.318,4,15,0.267,5,6,0.833,6,14,20,6,3,0,4,10,23,32,1.5,0.75,2024-25
1630222,510,Mason Jones,1610612758,SAC,10,45,9,18,0.5,1,8,0.125,4,5,0.8,2,7,9,11,0,1,1,3,23,33,11.0,0.0,2024-25
1642050,513,Jackson Rowe,1610612744,GSW,6,52,8,17,0.471,3,10,0.3,3,6,0.5,3,8,11,4,4,0,1,4,22,28,4.0,4.0,2024-25
1630604,514,E.J. Liddell,1610612741,CHI,12,53,8,15,0.533,3,10,0.3,2,2,1.0,3,6,9,3,1,1,2,11,21,26,1.5,0.5,2024-25
1631159,515,Leonard Miller,1610612750,MIN,13,32,6,15,0.4,0,5,0.0,8,8,1.0,3,8,11,0,2,1,2,2,20,23,0.0,1.0,2024-25
1642353,516,Cam Christie,1610612746,LAC,13,59,7,24,0.292,2,13,0.154,2,4,0.5,3,9,12,6,5,1,2,4,18,21,3.0,2.5,2024-25
1631303,516,Justin Minaya,1610612757,POR,19,101,8,21,0.381,2,10,0.2,0,2,0.0,5,5,10,7,6,1,5,12,18,22,1.4,1.2,2024-25
1631123,518,Jamaree Bouyea,1610612749,MIL,5,62,6,12,0.5,1,5,0.2,4,6,0.667,1,4,5,10,4,2,8,2,17,22,1.25,0.5,2024-25
1630561,519,David Duke Jr.,1610612759,SAS,6,34,6,14,0.429,3,6,0.5,1,2,0.5,1,4,5,4,1,0,2,1,16,15,2.0,0.5,2024-25
1630201,519,Malachi Flynn,1610612759,SAS,4,44,5,13,0.385,1,4,0.25,5,6,0.833,3,4,7,7,3,0,4,4,16,20,1.75,0.75,2024-25
1641752,521,Bobi Klintman,1610612765,DET,8,42,6,10,0.6,2,5,0.4,1,2,0.5,1,6,7,7,2,1,1,8,15,26,7.0,2.0,2024-25
204060,521,Joe Ingles,1610612750,MIN,19,114,6,23,0.261,3,15,0.2,0,0,0.0,2,9,11,23,2,0,9,12,15,25,2.56,0.22,2024-25
1630649,521,Stanley Umude,1610612749,MIL,22,86,5,26,0.192,3,15,0.2,2,4,0.5,4,13,17,4,3,6,3,8,15,19,1.33,1.0,2024-25
1642422,524,Armel Traore,1610612747,LAL,9,67,6,19,0.316,0,7,0.0,2,7,0.286,2,13,15,1,4,2,3,6,14,15,0.33,1.33,2024-25
1629098,524,Jack McVeigh,1610612745,HOU,9,43,5,17,0.294,4,13,0.308,0,0,0.0,2,3,5,1,0,2,2,3,14,8,0.5,0.0,2024-25
1641707,524,Taylor Hendricks,1610612762,UTA,3,75,4,18,0.222,3,12,0.25,3,4,0.75,5,10,15,2,5,4,2,8,14,23,1.0,2.5,2024-25
1642449,524,Tolu Smith,1610612765,DET,1,22,6,9,0.667,0,0,0.0,2,3,0.667,4,4,8,0,0,0,2,3,14,16,0.0,0.0,2024-25
1631121,528,Bryce McGowens,1610612757,POR,13,32,4,14,0.286,0,4,0.0,5,6,0.833,2,1,3,2,1,0,4,3,13,4,0.5,0.25,2024-25
1642384,528,Isaiah Crawford,1610612758,SAC,15,46,5,11,0.455,1,5,0.2,2,4,0.5,1,7,8,1,1,2,1,2,13,16,1.0,1.0,2024-25
1631247,530,Luke Travers,1610612739,CLE,12,88,5,20,0.25,0,9,0.0,2,2,1.0,8,12,20,8,1,1,8,6,12,19,1.0,0.13,2024-25
1642443,531,Jahmir Young,1610612741,CHI,6,30,4,5,0.8,1,2,0.5,2,2,1.0,1,2,3,6,0,0,1,2,11,18,6.0,0.0,2024-25
1642280,531,Trentyn Flowers,1610612746,LAC,6,27,4,11,0.364,0,2,0.0,3,3,1.0,1,3,4,0,0,0,1,4,11,7,0.0,0.0,2024-25
1641801,533,Emanuel Miller,1610612741,CHI,6,25,4,8,0.5,0,1,0.0,2,2,1.0,4,4,8,2,1,0,0,3,10,17,0.0,0.0,2024-25
1641779,534,Jalen Bridges,1610612756,PHX,8,30,2,7,0.286,2,7,0.286,3,4,0.75,0,4,4,0,0,0,4,0,9,3,0.0,0.0,2024-25
1641857,534,Liam Robbins,1610612749,MIL,13,57,2,8,0.25,0,2,0.0,5,10,0.5,7,5,12,2,2,2,6,9,9,10,0.33,0.33,2024-25
200782,534,P.J. Tucker,1610612752,NYK,3,58,3,7,0.429,3,6,0.5,0,0,0.0,4,4,8,0,1,1,1,8,9,14,0.0,1.0,2024-25
1641766,537,Adama Sanogo,1610612741,CHI,4,22,4,7,0.571,0,0,0.0,0,0,0.0,5,1,6,1,0,0,1,1,8,11,1.0,0.0,2024-25
1641817,537,Anton Watson,1610612752,NYK,9,22,4,9,0.444,0,1,0.0,0,0,0.0,1,2,3,2,1,0,2,3,8,7,1.0,0.5,2024-25
201949,537,James Johnson,1610612754,IND,12,37,4,11,0.364,0,3,0.0,0,1,0.0,0,6,6,4,0,2,4,5,8,8,1.0,0.0,2024-25
1630762,537,Phillip Wheeler,1610612755,PHI,5,44,3,21,0.143,0,10,0.0,2,2,1.0,2,6,8,2,1,2,1,1,8,2,2.0,1.0,2024-25
1642450,541,Daniss Jenkins,1610612765,DET,7,23,3,10,0.3,1,7,0.143,0,2,0.0,0,2,2,3,0,0,1,2,7,2,3.0,0.0,2024-25
1641936,541,Miles Norris,1610612738,BOS,3,35,2,9,0.222,2,7,0.286,1,2,0.5,2,7,9,0,2,1,0,0,7,11,0.0,0.0,2024-25
1628408,541,PJ Dozier,1610612750,MIN,9,35,2,3,0.667,2,3,0.667,1,6,0.167,1,4,5,5,1,0,1,3,7,11,5.0,1.0,2024-25
1630600,544,Isaiah Mobley,1610612755,PHI,1,17,2,7,0.286,1,3,0.333,1,2,0.5,1,3,4,5,1,1,0,3,6,11,0.0,0.0,2024-25
1630164,544,James Wiseman,1610612754,IND,1,5,2,4,0.5,0,1,0.0,2,2,1.0,0,1,1,0,0,0,0,0,6,5,0.0,0.0,2024-25
1641755,544,Kevin McCullar Jr.,1610612752,NYK,4,29,2,7,0.286,0,1,0.0,2,2,1.0,0,8,8,2,1,1,0,6,6,13,0.0,0.0,2024-25
1631386,544,Taze Moore,1610612757,POR,2,20,2,10,0.2,1,4,0.25,1,2,0.5,4,4,8,1,2,0,2,0,6,6,0.5,1.0,2024-25
1631214,548,Alondes Williams,1610612746,LAC,1,4,2,2,1.0,1,1,1.0,0,0,0.0,0,0,0,1,0,0,0,0,5,6,0.0,0.0,2024-25
1627746,548,Skal Labissiere,1610612758,SAC,4,12,2,4,0.5,1,1,1.0,0,0,0.0,1,2,3,1,0,0,0,1,5,7,0.0,0.0,2024-25
1642279,548,Ulrich Chomche,1610612761,TOR,7,32,2,5,0.4,0,0,0.0,1,2,0.5,4,4,8,2,0,1,2,5,5,10,1.0,0.0,2024-25
1631127,551,Harrison Ingram,1610612759,SAS,5,35,2,4,0.5,0,1,0.0,0,0,0.0,2,7,9,3,3,0,1,2,4,16,3.0,3.0,2024-25
1631199,551,Ron Harper Jr.,1610612765,DET,1,17,1,8,0.125,0,6,0.0,2,2,1.0,4,3,7,2,0,0,0,0,4,6,0.0,0.0,2024-25
1630296,553,Braxton Key,1610612744,GSW,3,11,0,4,0.0,0,1,0.0,3,6,0.5,1,1,2,0,2,0,1,0,3,-1,0.0,2.0,2024-25
1642385,553,Cui Cui,1610612751,BKN,5,10,1,7,0.143,0,3,0.0,1,2,0.5,0,2,2,0,0,0,0,0,3,-2,0.0,0.0,2024-25
1630618,553,D.J. Carton,1610612761,TOR,4,33,1,7,0.143,0,3,0.0,1,1,1.0,0,4,4,3,2,0,4,1,3,2,0.75,0.5,2024-25
1642439,553,Quincy Olivari,1610612747,LAL,2,10,1,5,0.2,1,5,0.2,0,0,0.0,0,0,0,1,0,0,1,0,3,-1,1.0,0.0,2024-25
1641803,553,Tristen Newton,1610612750,MIN,8,16,1,8,0.125,0,3,0.0,1,1,1.0,2,2,4,2,1,0,2,4,3,1,1.0,0.5,2024-25
1642502,558,Malevy Leons,1610612760,OKC,6,21,0,2,0.0,0,1,0.0,2,4,0.5,1,2,3,1,0,0,1,4,2,1,1.0,0.0,2024-25
1641879,558,Yuri Collins,1610612744,GSW,2,16,1,3,0.333,0,0,0.0,0,0,0.0,2,1,3,4,2,0,0,5,2,9,0.0,0.0,2024-25
1630227,560,Daishen Nix,1610612750,MIN,3,13,0,1,0.0,0,1,0.0,1,2,0.5,0,4,4,3,0,0,4,1,1,2,0.75,0.0,2024-25
1641815,561,Isaiah Stevens,1610612748,MIA,3,6,0,2,0.0,0,1,0.0,0,0,0.0,0,2,2,0,1,0,0,0,0,1,0.0,0.0,2024-25
1626143,561,Jahlil Okafor,1610612754,IND,1,3,0,0,0.0,0,0,0.0,0,0,0.0,0,1,1,1,0,0,0,0,0,2,0.0,0.0,2024-25
1629667,561,Jalen McDaniels,1610612758,SAC,4,7,0,0,0.0,0,0,0.0,0,0,0.0,0,0,0,1,1,0,0,0,0,2,0.0,0.0,2024-25
1642399,561,Jesse Edwards,1610612750,MIN,2,5,0,0,0.0,0,0,0.0,0,0,0.0,0,0,0,1,0,0,0,2,0,1,0.0,0.0,2024-25
1630644,561,Mac McClung,1610612753,ORL,2,10,0,2,0.0,0,1,0.0,0,0,0.0,0,1,1,3,0,0,0,2,0,2,0.0,0.0,2024-25
1642434,561,Riley Minix,1610612759,SAS,1,7,0,1,0.0,0,1,0.0,0,0,0.0,0,2,2,0,0,0,0,0,0,1,0.0,0.0,2024-25
1629056,561,Terence Davis,1610612758,SAC,1,8,0,2,0.0,0,1,0.0,0,0,0.0,0,1,1,1,0,0,0,0,0,0,0.0,0.0,2024-25
1630678,561,Terry Taylor,1610612758,SAC,3,6,0,1,0.0,0,0,0.0,0,0,0.0,1,0,1,2,0,0,0,0,0,2,0.0,0.0,2024-25
1642389,561,Zyon Pullin,1610612763,MEM,3,3,0,1,0.0,0,0,0.0,0,0,0.0,0,0,0,0,0,0,0,0,0,-1,0.0,0.0,2024-25
1629029,1,Luka Dončić,1610612742,DAL,70,2624,804,1652,0.487,284,744,0.382,478,608,0.786,59,588,647,686,99,38,282,149,2370,2580,2.43,0.35,2023-24
1628983,2,Shai Gilgeous-Alexander,1610612760,OKC,75,2553,796,1487,0.535,95,269,0.353,567,649,0.874,65,350,415,465,150,67,162,184,2254,2416,2.87,0.93,2023-24
203507,3,Giannis Antetokounmpo,1610612749,MIL,73,2567,837,1369,0.611,34,124,0.274,514,782,0.657,196,645,841,476,87,79,250,210,2222,2655,1.9,0.35,2023-24
1628973,4,Jalen Brunson,1610612752,NYK,77,2726,790,1648,0.479,211,526,0.401,421,497,0.847,43,235,278,519,70,13,186,144,2212,1972,2.79,0.38,2023-24
203999,5,Nikola Jokić,1610612743,DEN,79,2737,822,1411,0.583,83,231,0.359,358,438,0.817,223,753,976,708,108,68,237,194,2085,3039,2.99,0.46,2023-24
1630162,6,Anthony Edwards,1610612750,MIN,79,2770,718,1558,0.461,190,532,0.357,423,506,0.836,52,378,430,405,101,42,241,141,2049,1863,1.68,0.42,2023-24
201142,7,Kevin Durant,1610612756,PHX,75,2791,751,1436,0.523,168,407,0.413,362,423,0.856,41,454,495,378,69,91,244,133,2032,2075,1.55,0.28,2023-24
1628369,8,Jayson Tatum,1610612738,BOS,74,2645,672,1426,0.471,229,609,0.376,414,497,0.833,67,534,601,364,75,43,188,145,1987,2045,1.94,0.4,2023-24
1628368,9,De'Aaron Fox,1610612758,SAC,74,2659,720,1549,0.465,214,580,0.369,312,423,0.738,67,273,340,418,150,31,194,193,1966,1771,2.16,0.77,2023-24
201939,10,Stephen Curry,1610612744,GSW,74,2422,650,1445,0.45,357,876,0.408,299,324,0.923,37,293,330,379,54,28,210,117,1956,1717,1.81,0.26,2023-24
201942,11,DeMar DeRozan,1610612741,CHI,79,2989,650,1355,0.48,75,225,0.333,522,612,0.853,43,297,340,421,90,45,135,161,1897,1863,3.12,0.67,2023-24
203076,12,Anthony Davis,1610612747,LAL,76,2700,713,1283,0.556,29,107,0.271,421,516,0.816,239,722,961,266,91,178,159,177,1876,2548,1.67,0.57,2023-24
1626164,13,Devin Booker,1610612756,PHX,68,2447,642,1305,0.492,152,418,0.364,405,457,0.886,56,252,308,472,61,28,178,206,1841,1817,2.65,0.34,2023-24
2544,14,LeBron James,1610612747,LAL,71,2504,685,1269,0.54,149,363,0.41,303,404,0.75,61,457,518,589,89,38,245,78,1822,2126,2.4,0.36,2023-24
1630178,15,Tyrese Maxey,1610612755,PHI,70,2626,638,1419,0.45,212,569,0.373,328,378,0.868,36,222,258,433,69,33,116,151,1816,1662,3.73,0.6,2023-24
1631094,16,Paolo Banchero,1610612753,ORL,80,2799,640,1407,0.455,119,351,0.339,405,559,0.725,82,472,554,431,71,47,247,153,1804,1739,1.75,0.29,2023-24
203081,17,Damian Lillard,1610612749,MIL,73,2578,541,1277,0.424,220,622,0.354,473,514,0.92,36,284,320,508,72,18,193,134,1775,1723,2.63,0.37,2023-24
1627749,18,Dejounte Murray,1610612737,ATL,78,2783,672,1463,0.459,201,554,0.363,208,262,0.794,62,354,416,502,111,24,201,138,1753,1760,2.5,0.55,2023-24
1627783,19,Pascal Siakam,1610612754,IND,80,2658,681,1271,0.536,85,246,0.346,290,396,0.732,139,426,565,342,63,25,141,193,1737,1895,2.43,0.45,2023-24
202331,20,Paul George,1610612746,LAC,74,2502,582,1236,0.471,243,588,0.413,264,291,0.907,37,351,388,262,113,37,153,202,1671,1637,1.71,0.74,2023-24
202695,21,Kawhi Leonard,1610612746,LAC,68,2330,610,1162,0.525,140,336,0.417,253,286,0.885,84,332,416,244,111,59,119,97,1613,1739,2.05,0.93,2023-24
1630224,22,Jalen Green,1610612745,HOU,82,2601,563,1332,0.423,201,605,0.332,283,352,0.804,41,382,423,291,66,28,191,115,1610,1389,1.52,0.35,2023-24
1627759,22,Jaylen Brown,1610612738,BOS,70,2343,627,1256,0.499,145,410,0.354,211,300,0.703,84,303,387,249,83,37,166,185,1610,1482,1.5,0.5,2023-24
1628969,24,Mikal Bridges,1610612751,BKN,82,2854,564,1294,0.436,220,592,0.372,258,317,0.814,68,304,372,299,81,30,164,116,1606,1435,1.82,0.49,2023-24
1629627,25,Zion Williamson,1610612740,NOP,70,2207,624,1094,0.57,6,18,0.333,347,494,0.702,122,284,406,352,77,47,193,159,1601,1673,1.82,0.4,2023-24
1627734,26,Domantas Sabonis,1610612758,SAC,82,2928,634,1068,0.594,33,87,0.379,292,415,0.704,294,826,1120,673,74,48,272,250,1593,2679,2.47,0.27,2023-24
1628398,27,Kyle Kuzma,1610612764,WAS,70,2281,608,1313,0.463,151,450,0.336,186,240,0.775,62,402,464,296,37,49,192,153,1553,1448,1.54,0.19,2023-24
1641705,28,Victor Wembanyama,1610612759,SAS,71,2106,551,1186,0.465,128,394,0.325,292,367,0.796,161,594,755,274,88,254,260,153,1522,1923,1.05,0.34,2023-24
1629632,29,Coby White,1610612741,CHI,79,2881,541,1209,0.447,209,556,0.376,218,260,0.838,44,314,358,405,53,18,166,186,1509,1467,2.44,0.32,2023-24
202681,30,Kyrie Irving,1610612742,DAL,58,2030,562,1131,0.497,173,421,0.411,190,210,0.905,44,246,290,299,74,28,106,112,1487,1483,2.82,0.7,2023-24
1628991,31,Jaren Jackson Jr.,1610612763,MEM,66,2124,516,1162,0.444,117,366,0.32,337,417,0.808,85,280,365,154,80,106,160,235,1486,1305,0.96,0.5,2023-24
1630560,32,Cam Thomas,1610612751,BKN,66,2075,526,1190,0.442,144,396,0.364,286,334,0.856,28,186,214,192,45,16,124,138,1482,1113,1.55,0.36,2023-24
1628378,33,Donovan Mitchell,1610612739,CLE,55,1943,503,1089,0.462,182,494,0.368,275,318,0.865,46,234,280,333,101,30,154,118,1463,1424,2.16,0.66,2023-24
1629012,34,Collin Sexton,1610612762,UTA,78,2075,506,1038,0.487,128,325,0.394,318,370,0.859,71,134,205,383,62,18,165,154,1458,1377,2.32,0.38,2023-24
1628970,35,Miles Bridges,1610612766,CHA,69,2581,559,1210,0.462,157,450,0.349,174,211,0.825,71,434,505,231,65,33,138,118,1449,1457,1.67,0.47,2023-24
1630532,36,Franz Wagner,1610612753,ORL,72,2337,528,1096,0.482,94,334,0.281,271,319,0.85,72,309,381,269,76,28,137,168,1421,1422,1.96,0.56,2023-24
1630595,37,Cade Cunningham,1610612765,DET,62,2074,524,1167,0.449,119,335,0.355,238,274,0.869,33,235,268,464,56,22,212,153,1405,1324,2.19,0.26,2023-24
1629027,38,Trae Young,1610612737,ATL,54,1942,433,1008,0.43,175,469,0.373,348,407,0.855,23,126,149,583,72,11,235,109,1389,1335,2.48,0.31,2023-24
1630169,38,Tyrese Haliburton,1610612754,IND,69,2224,500,1048,0.477,195,535,0.364,194,227,0.855,35,236,271,752,83,48,159,75,1389,1803,4.73,0.52,2023-24
202691,40,Klay Thompson,1610612744,GSW,77,2284,490,1133,0.432,268,692,0.387,127,137,0.927,35,219,254,176,50,35,117,127,1375,1120,1.5,0.43,2023-24
202696,41,Nikola Vučević,1610612741,CHI,76,2610,586,1211,0.484,92,313,0.294,106,129,0.822,210,591,801,254,50,60,120,190,1370,1767,2.12,0.42,2023-24
1626156,42,D'Angelo Russell,1610612747,LAL,76,2484,492,1080,0.456,226,545,0.415,159,192,0.828,28,208,236,482,69,36,156,156,1369,1415,3.09,0.44,2023-24
1628389,43,Bam Adebayo,1610612748,MIA,71,2416,530,1017,0.521,15,42,0.357,292,387,0.755,159,578,737,278,81,66,162,159,1367,1785,1.72,0.5,2023-24
1631096,44,Chet Holmgren,1610612760,OKC,82,2413,505,953,0.53,129,349,0.37,218,275,0.793,129,519,648,200,53,190,131,197,1357,1812,1.53,0.41,2023-24
1629673,45,Jordan Poole,1610612764,WAS,78,2346,490,1186,0.413,184,564,0.326,192,219,0.877,32,180,212,343,86,25,188,244,1356,1111,1.82,0.46,2023-24
1629008,45,Michael Porter Jr.,1610612743,DEN,81,2565,522,1079,0.484,220,554,0.397,92,110,0.836,106,459,565,122,42,53,92,148,1356,1471,1.33,0.46,2023-24
1631114,47,Jalen Williams,1610612760,OKC,71,2224,536,993,0.54,103,241,0.427,180,221,0.814,37,245,282,322,80,45,123,175,1355,1463,2.62,0.65,2023-24
203954,48,Joel Embiid,1610612755,PHI,39,1309,450,851,0.529,54,139,0.388,399,452,0.883,95,335,430,219,46,66,150,112,1353,1510,1.46,0.31,2023-24
1626157,49,Karl-Anthony Towns,1610612750,MIN,62,2026,479,951,0.504,136,327,0.416,255,292,0.873,94,421,515,189,43,41,177,204,1349,1451,1.07,0.24,2023-24
203992,50,Bogdan Bogdanović,1610612737,ATL,79,2401,471,1100,0.428,240,641,0.374,151,164,0.921,53,219,272,247,96,26,112,179,1333,1220,2.21,0.86,2023-24
1627742,51,Brandon Ingram,1610612740,NOP,64,2103,500,1017,0.492,86,242,0.355,246,307,0.801,43,281,324,363,50,40,163,145,1332,1368,2.23,0.31,2023-24
1630578,52,Alperen Sengun,1610612745,HOU,63,2046,527,982,0.537,33,111,0.297,244,352,0.693,183,406,589,312,76,46,162,211,1331,1629,1.93,0.47,2023-24
1630170,53,Devin Vassell,1610612759,SAS,68,2248,498,1056,0.472,166,446,0.372,161,201,0.801,27,234,261,277,73,23,108,74,1323,1251,2.57,0.68,2023-24
203468,54,CJ McCollum,1610612740,NOP,66,2159,484,1055,0.459,239,557,0.429,115,139,0.827,39,247,286,305,62,41,110,126,1322,1311,2.77,0.56,2023-24
1626167,55,Myles Turner,1610612754,IND,77,2076,476,909,0.524,116,324,0.358,245,317,0.773,113,420,533,100,39,144,109,232,1313,1515,0.92,0.36,2023-24
1630559,56,Austin Reaves,1610612747,LAL,82,2629,457,940,0.486,154,420,0.367,232,272,0.853,57,295,352,450,66,25,174,153,1300,1496,2.59,0.38,2023-24
1641706,57,Brandon Miller,1610612766,CHA,74,2383,476,1083,0.44,184,493,0.373,143,173,0.827,60,255,315,175,66,42,132,184,1279,1108,1.33,0.5,2023-24
1628374,58,Lauri Markkanen,1610612762,UTA,55,1820,427,890,0.48,175,439,0.399,249,277,0.899,122,327,449,110,50,26,77,100,1278,1345,1.43,0.65,2023-24
1628386,59,Jarrett Allen,1610612739,CLE,77,2442,519,819,0.634,0,6,0.0,233,314,0.742,243,568,811,210,53,81,121,147,1271,1924,1.74,0.44,2023-24
1627832,60,Fred VanVleet,1610612745,HOU,73,2684,423,1018,0.416,227,586,0.387,197,229,0.86,33,245,278,589,101,59,126,183,1270,1544,4.68,0.8,2023-24
1628978,61,Donte DiVincenzo,1610612752,NYK,81,2360,445,1004,0.443,283,705,0.401,86,114,0.754,63,234,297,216,107,36,113,166,1259,1215,1.91,0.95,2023-24
1627750,62,Jamal Murray,1610612743,DEN,59,1861,474,986,0.481,145,341,0.425,157,184,0.853,42,200,242,384,57,39,125,104,1250,1308,3.07,0.46,2023-24
202710,63,Jimmy Butler III,1610612748,MIA,60,2042,396,793,0.499,60,145,0.414,394,459,0.858,105,213,318,298,79,17,102,68,1246,1394,2.92,0.78,2023-24
1626179,64,Terry Rozier,1610612748,MIA,61,2040,442,998,0.443,149,410,0.363,172,198,0.869,35,212,247,342,63,21,106,101,1205,1190,3.23,0.59,2023-24
202699,65,Tobias Harris,1610612755,PHI,70,2368,463,951,0.487,91,258,0.353,187,213,0.878,80,373,453,217,70,46,93,115,1204,1383,2.33,0.75,2023-24
201935,66,James Harden,1610612746,LAC,72,2470,352,822,0.428,186,488,0.381,302,344,0.878,34,335,369,614,77,57,185,127,1192,1612,3.32,0.42,2023-24
1630567,67,Scottie Barnes,1610612761,TOR,60,2094,447,942,0.475,101,296,0.341,196,251,0.781,141,353,494,363,75,88,165,118,1191,1496,2.2,0.46,2023-24
1630228,68,Jonathan Kuminga,1610612744,GSW,74,1949,456,862,0.529,53,165,0.321,223,299,0.746,92,263,355,163,55,36,122,169,1188,1193,1.34,0.45,2023-24
1631093,69,Jaden Ivey,1610612765,DET,77,2218,417,973,0.429,124,369,0.336,227,303,0.749,86,178,264,296,57,41,190,204,1185,1021,1.56,0.3,2023-24
1631099,70,Keegan Murray,1610612758,SAC,77,2589,443,975,0.454,183,511,0.358,103,124,0.831,106,314,420,129,79,59,64,205,1172,1242,2.02,1.23,2023-24
1629628,71,RJ Barrett,1610612761,TOR,58,1838,436,880,0.495,90,250,0.36,208,291,0.715,53,262,315,193,31,22,126,129,1170,1078,1.53,0.25,2023-24
1630193,72,Immanuel Quickley,1610612761,TOR,68,1985,388,894,0.434,171,433,0.395,209,245,0.853,17,242,259,331,50,10,101,119,1156,1163,3.28,0.5,2023-24
204001,73,Kristaps Porziņģis,1610612738,BOS,57,1690,388,752,0.516,110,293,0.375,259,302,0.858,97,312,409,115,42,111,89,156,1145,1326,1.29,0.47,2023-24
203501,74,Tim Hardaway Jr.,1610612742,DAL,79,2120,392,976,0.402,211,597,0.353,144,169,0.852,22,232,254,139,42,6,69,106,1139,902,2.01,0.61,2023-24
203924,75,Jerami Grant,1610612757,POR,54,1830,383,850,0.451,111,276,0.402,255,312,0.817,37,154,191,152,45,34,116,117,1132,914,1.31,0.39,2023-24
1626171,76,Bobby Portis,1610612749,MIL,82,2008,466,918,0.508,100,246,0.407,98,124,0.79,142,465,607,104,68,34,91,189,1130,1374,1.14,0.75,2023-24
203471,77,Dennis Schröder,1610612751,BKN,80,2486,403,927,0.435,138,368,0.375,178,213,0.836,39,203,242,488,63,17,153,164,1122,1220,3.19,0.41,2023-24
1628370,78,Malik Monk,1610612758,SAC,72,1872,396,893,0.443,148,423,0.35,170,205,0.829,28,184,212,370,45,39,150,156,1110,1094,2.47,0.3,2023-24
1628401,79,Derrick White,1610612738,BOS,73,2381,387,839,0.461,196,495,0.396,137,152,0.901,51,259,310,377,74,87,112,152,1107,1376,3.37,0.66,2023-24
1630166,80,Deni Avdija,1610612764,WAS,75,2257,406,803,0.506,88,235,0.374,202,273,0.74,84,456,540,286,60,36,160,185,1102,1396,1.79,0.38,2023-24
203944,80,Julius Randle,1610612752,NYK,46,1630,395,836,0.472,76,244,0.311,236,302,0.781,99,324,423,229,25,12,159,125,1102,1125,1.44,0.16,2023-24
1629675,82,Naz Reid,1610612750,MIN,81,1964,406,851,0.477,169,408,0.414,109,148,0.736,73,350,423,106,63,73,111,172,1090,1160,0.96,0.57,2023-24
1629640,83,Keldon Johnson,1610612759,SAS,69,2038,391,862,0.454,127,367,0.346,175,221,0.792,95,282,377,195,51,20,100,149,1084,1110,1.95,0.51,2023-24
1630557,84,Corey Kispert,1610612764,WAS,80,2067,386,794,0.486,184,480,0.383,114,157,0.726,30,195,225,156,41,16,98,141,1070,959,1.59,0.42,2023-24
203497,85,Rudy Gobert,1610612750,MIN,76,2593,406,614,0.661,0,3,0.0,249,390,0.638,285,697,982,102,52,162,118,238,1061,1892,0.86,0.44,2023-24
1626181,86,Norman Powell,1610612746,LAC,76,1990,373,768,0.486,167,384,0.435,143,172,0.831,16,179,195,82,43,22,66,137,1056,908,1.24,0.65,2023-24
1626162,87,Kelly Oubre Jr.,1610612755,PHI,68,2055,387,878,0.441,101,325,0.311,174,232,0.75,94,247,341,101,77,47,87,194,1049,979,1.16,0.89,2023-24
1631095,88,Jabari Smith Jr.,1610612745,HOU,76,2424,378,833,0.454,138,380,0.363,150,185,0.811,139,477,616,121,52,61,89,200,1044,1315,1.36,0.58,2023-24
1629014,89,Anfernee Simons,1610612757,POR,46,1582,360,837,0.43,156,405,0.385,163,178,0.916,22,145,167,255,23,5,126,98,1039,871,2.02,0.18,2023-24
1629636,90,Darius Garland,1610612739,CLE,57,1900,375,841,0.446,132,356,0.371,146,175,0.834,30,122,152,373,74,7,176,95,1028,963,2.12,0.42,2023-24
1628381,91,John Collins,1610612762,UTA,68,1901,397,746,0.532,86,232,0.371,147,185,0.795,157,418,575,77,40,61,98,191,1027,1295,0.79,0.41,2023-24
1628960,92,Grayson Allen,1610612756,PHX,75,2513,340,682,0.499,205,445,0.461,129,147,0.878,48,247,295,227,69,45,95,157,1014,1195,2.39,0.73,2023-24
203932,93,Aaron Gordon,1610612743,DEN,73,2297,398,716,0.556,40,138,0.29,177,269,0.658,174,297,471,259,56,45,105,142,1013,1329,2.47,0.53,2023-24
1627741,93,Buddy Hield,1610612755,PHI,84,2160,371,850,0.436,219,568,0.386,52,59,0.881,61,208,269,236,70,42,103,169,1013,1041,2.29,0.68,2023-24
202685,95,Jonas Valančiūnas,1610612740,NOP,82,1925,402,719,0.559,37,120,0.308,161,205,0.785,186,535,721,173,32,68,111,218,1002,1524,1.56,0.29,2023-24
203084,96,Harrison Barnes,1610612758,SAC,82,2381,347,732,0.474,149,385,0.387,157,196,0.801,67,182,249,99,54,12,58,98,1000,932,1.71,0.93,2023-24
1630217,97,Desmond Bane,1610612763,MEM,42,1443,360,776,0.464,137,360,0.381,140,161,0.87,36,149,185,230,43,22,112,120,997,928,2.05,0.38,2023-24
201572,98,Brook Lopez,1610612749,MIL,79,2411,366,755,0.485,148,404,0.366,110,134,0.821,117,292,409,127,43,189,79,191,990,1266,1.61,0.54,2023-24
1630581,99,Josh Giddey,1610612760,OKC,80,2012,402,847,0.475,82,243,0.337,100,124,0.806,111,403,514,386,51,44,168,111,986,1344,2.3,0.3,2023-24
1629018,100,Gary Trent Jr.,1610612761,TOR,71,1994,361,847,0.426,178,453,0.393,74,96,0.771,25,163,188,119,77,10,47,96,974,813,2.53,1.64,2023-24
1641718,100,Keyonte George,1610612762,UTA,75,2023,319,815,0.391,147,440,0.334,189,223,0.848,15,196,211,332,36,7,188,91,974,842,1.77,0.19,2023-24
203078,102,Bradley Beal,1610612756,PHX,53,1767,377,735,0.513,101,235,0.43,109,134,0.813,54,178,232,265,52,27,131,127,964,1026,2.02,0.4,2023-24
1627747,103,Caris LeVert,1610612739,CLE,68,1958,345,820,0.421,108,332,0.325,154,201,0.766,39,241,280,346,76,34,117,121,952,1049,2.96,0.65,2023-24
1630591,104,Jalen Suggs,1610612753,ORL,75,2025,336,714,0.471,153,385,0.397,118,156,0.756,48,181,229,205,106,47,132,205,943,982,1.55,0.8,2023-24
203903,105,Jordan Clarkson,1610612762,UTA,55,1682,337,816,0.413,91,309,0.294,177,201,0.881,49,139,188,277,35,6,146,81,942,799,1.9,0.24,2023-24
203952,106,Andrew Wiggins,1610612744,GSW,71,1920,353,780,0.453,91,254,0.358,142,189,0.751,108,213,321,119,42,41,87,147,939,901,1.37,0.48,2023-24
1629023,106,P.J. Washington,1610612742,DAL,73,2221,354,811,0.436,132,413,0.32,99,145,0.683,85,326,411,141,72,59,96,169,939,1023,1.47,0.75,2023-24
1630175,108,Cole Anthony,1610612753,ORL,81,1817,332,763,0.435,93,275,0.338,180,218,0.826,64,247,311,236,64,37,126,175,937,990,1.87,0.51,2023-24
1630245,109,Ayo Dosunmu,1610612741,CHI,76,2212,360,719,0.501,119,295,0.403,85,105,0.81,54,162,216,242,68,36,103,166,924,1004,2.35,0.66,2023-24
1629060,110,Rui Hachimura,1610612747,LAL,68,1825,363,676,0.537,98,232,0.422,99,134,0.739,58,236,294,81,41,25,46,101,923,970,1.76,0.89,2023-24
1629028,111,Deandre Ayton,1610612757,POR,55,1783,427,749,0.57,1,10,0.1,65,79,0.823,176,433,609,90,56,42,99,109,920,1282,0.91,0.57,2023-24
1628415,112,Dillon Brooks,1610612745,HOU,72,2227,329,768,0.428,133,370,0.359,124,147,0.844,53,193,246,119,64,10,88,241,915,804,1.35,0.73,2023-24
1630552,113,Jalen Johnson,1610612737,ATL,56,1889,359,702,0.511,71,200,0.355,107,147,0.728,74,414,488,203,67,47,101,133,896,1217,2.01,0.66,2023-24
1629631,114,De'Andre Hunter,1610612737,ATL,57,1681,304,663,0.459,117,304,0.385,166,196,0.847,31,191,222,87,40,16,83,146,891,784,1.05,0.48,2023-24
1631170,115,Jaime Jaquez Jr.,1610612748,MIA,75,2113,341,697,0.489,65,202,0.322,142,175,0.811,82,203,285,195,77,20,110,167,889,967,1.77,0.7,2023-24
1627736,115,Malik Beasley,1610612749,MIL,79,2337,320,722,0.443,224,542,0.413,25,35,0.714,41,249,290,108,59,9,54,158,889,889,2.0,1.09,2023-24
1630174,117,Aaron Nesmith,1610612754,IND,72,1995,315,635,0.496,140,334,0.419,107,137,0.781,63,212,275,108,65,49,64,241,877,960,1.69,1.02,2023-24
1629130,118,Duncan Robinson,1610612748,MIA,68,1906,304,675,0.45,187,473,0.395,80,90,0.889,15,158,173,192,46,16,95,163,875,826,2.02,0.48,2023-24
1629639,118,Tyler Herro,1610612748,MIA,42,1407,324,735,0.441,132,333,0.396,95,111,0.856,19,203,222,188,30,3,93,63,875,798,2.02,0.32,2023-24
201144,120,Mike Conley,1610612750,MIN,76,2193,294,644,0.457,179,405,0.442,102,112,0.911,37,181,218,449,88,17,102,128,869,1179,4.4,0.86,2023-24
202711,121,Bojan Bogdanovic,1610612752,NYK,57,1478,309,681,0.454,133,334,0.398,117,149,0.785,22,130,152,97,30,5,101,95,868,647,0.96,0.3,2023-24
1629021,121,Moritz Wagner,1610612753,ORL,80,1415,332,552,0.601,38,115,0.33,166,204,0.814,117,230,347,96,39,21,97,160,868,1016,0.99,0.4,2023-24
1630703,121,Scoot Henderson,1610612757,POR,62,1765,307,797,0.385,87,268,0.325,167,204,0.819,53,141,194,336,48,13,212,195,868,720,1.59,0.23,2023-24
1630180,124,Saddiq Bey,1610612737,ATL,63,2062,290,697,0.416,113,358,0.316,170,203,0.837,167,244,411,92,51,11,54,88,863,934,1.7,0.94,2023-24
1631110,125,Jeremy Sochan,1610612759,SAS,74,2193,340,776,0.438,70,227,0.308,111,144,0.771,137,339,476,249,62,40,140,168,861,1079,1.78,0.44,2023-24
201950,126,Jrue Holiday,1610612738,BOS,69,2263,331,689,0.48,138,322,0.429,60,72,0.833,84,289,373,333,61,53,124,108,860,1186,2.69,0.49,2023-24
1629652,126,Luguentz Dort,1610612760,OKC,79,2246,288,657,0.438,156,396,0.394,128,155,0.826,74,210,284,113,72,47,74,228,860,906,1.53,0.97,2023-24
1631097,128,Bennedict Mathurin,1610612754,IND,59,1538,296,663,0.446,80,214,0.374,184,224,0.821,60,174,234,119,35,14,97,117,856,754,1.23,0.36,2023-24
1629622,129,Max Strus,1610612739,CLE,70,2239,304,728,0.418,168,479,0.351,77,97,0.794,66,272,338,283,64,29,112,170,853,1011,2.53,0.57,2023-24
1630167,130,Obi Toppin,1610612754,IND,82,1731,332,579,0.573,102,253,0.403,77,100,0.77,85,235,320,128,47,43,69,143,843,1042,1.86,0.68,2023-24
1630530,131,Trey Murphy III,1610612740,NOP,57,1690,275,621,0.443,169,445,0.38,123,151,0.815,42,238,280,124,51,28,34,70,842,917,3.65,1.5,2023-24
1631105,132,Jalen Duren,1610612765,DET,61,1777,349,564,0.619,0,4,0.0,143,181,0.79,192,517,709,147,33,47,129,192,841,1395,1.14,0.26,2023-24
1629651,132,Nic Claxton,1610612751,BKN,71,2116,366,582,0.629,1,5,0.2,108,196,0.551,193,513,706,147,46,146,93,175,841,1489,1.58,0.5,2023-24
1630529,134,Herbert Jones,1610612740,NOP,76,2321,293,588,0.498,114,273,0.418,137,158,0.867,74,198,272,199,105,62,93,224,837,1066,2.14,1.13,2023-24
203991,135,Clint Capela,1610612737,ATL,73,1883,353,618,0.571,0,1,0.0,130,206,0.631,335,441,776,91,43,106,74,164,836,1437,1.23,0.58,2023-24
202704,136,Reggie Jackson,1610612743,DEN,82,1817,326,756,0.431,102,284,0.359,79,98,0.806,33,122,155,308,44,13,106,149,833,798,2.91,0.42,2023-24
203994,137,Jusuf Nurkić,1610612756,PHX,76,2078,320,627,0.51,22,90,0.244,167,261,0.64,224,613,837,301,81,80,175,254,829,1552,1.72,0.46,2023-24
203114,138,Khris Middleton,1610612749,MIL,55,1487,317,643,0.493,94,247,0.381,100,120,0.833,40,217,257,292,51,15,127,141,828,970,2.3,0.4,2023-24
1629655,139,Daniel Gafford,1610612742,DAL,74,1814,348,480,0.725,0,0,0.0,118,175,0.674,195,367,562,115,65,153,74,227,814,1446,1.55,0.88,2023-24
203915,140,Spencer Dinwiddie,1610612747,LAL,76,2152,251,640,0.392,124,368,0.337,169,210,0.805,30,175,205,356,51,22,91,138,795,908,3.91,0.56,2023-24
1627826,141,Ivica Zubac,1610612746,LAC,68,1795,337,519,0.649,0,0,0.0,120,166,0.723,196,430,626,93,22,83,79,180,794,1311,1.18,0.28,2023-24
1626145,142,Tyus Jones,1610612764,WAS,66,1933,326,666,0.489,106,256,0.414,32,40,0.8,20,159,179,485,71,18,66,48,790,1129,7.35,1.08,2023-24
1630202,143,Payton Pritchard,1610612738,BOS,82,1826,297,635,0.468,147,382,0.385,46,56,0.821,70,195,265,281,39,6,61,106,787,969,4.61,0.64,2023-24
1630596,144,Evan Mobley,1610612739,CLE,50,1532,320,552,0.58,22,59,0.373,123,171,0.719,111,357,468,160,45,72,90,134,785,1160,1.78,0.5,2023-24
1629684,145,Grant Williams,1610612766,CHA,76,2130,276,605,0.456,126,336,0.375,106,140,0.757,86,232,318,174,44,39,109,226,784,887,1.6,0.4,2023-24
1629661,146,Cameron Johnson,1610612751,BKN,58,1599,276,619,0.446,138,353,0.391,86,109,0.789,55,196,251,138,49,15,57,105,776,806,2.42,0.86,2023-24
1628380,146,Zach Collins,1610612759,SAS,69,1526,298,616,0.484,58,181,0.32,122,162,0.753,118,252,370,194,34,52,132,206,776,936,1.47,0.26,2023-24
1630200,148,Tre Jones,1610612759,SAS,77,2138,303,600,0.505,64,191,0.335,101,118,0.856,58,231,289,478,78,9,116,92,771,1195,4.12,0.67,2023-24
1627777,149,Georges Niang,1610612739,CLE,82,1831,284,632,0.449,149,396,0.376,51,60,0.85,22,256,278,98,30,18,72,192,768,763,1.36,0.42,2023-24
203484,150,Kentavious Caldwell-Pope,1610612743,DEN,76,2402,270,587,0.46,125,308,0.406,101,113,0.894,31,152,183,183,98,42,75,151,766,868,2.44,1.31,2023-24
203482,151,Kelly Olynyk,1610612761,TOR,78,1759,276,497,0.555,60,155,0.387,150,180,0.833,108,303,411,347,74,30,152,230,762,1221,2.28,0.49,2023-24
1628404,152,Josh Hart,1610612752,NYK,81,2707,295,679,0.434,80,258,0.31,91,115,0.791,128,547,675,331,75,23,118,171,761,1339,2.81,0.64,2023-24
1630183,153,Jaden McDaniels,1610612750,MIN,72,2105,307,628,0.489,86,255,0.337,57,79,0.722,56,168,224,101,63,42,87,219,757,757,1.16,0.72,2023-24
201566,154,Russell Westbrook,1610612746,LAC,68,1529,301,663,0.454,42,154,0.273,110,160,0.688,93,250,343,306,74,23,144,121,754,944,2.13,0.51,2023-24
201569,155,Eric Gordon,1610612756,PHX,68,1893,274,618,0.443,150,397,0.378,51,64,0.797,16,106,122,139,66,30,73,79,749,676,1.9,0.9,2023-24
1628384,156,OG Anunoby,1610612752,NYK,50,1702,282,577,0.489,102,267,0.382,67,89,0.753,47,161,208,107,68,36,81,119,733,754,1.32,0.84,2023-24
204456,157,T.J. McConnell,1610612754,IND,71,1291,330,593,0.556,18,44,0.409,49,62,0.79,36,155,191,390,72,8,108,79,727,1004,3.61,0.67,2023-24
1628971,158,Bruce Brown,1610612761,TOR,67,1865,278,582,0.478,53,164,0.323,117,142,0.824,53,231,284,192,59,17,86,148,726,863,2.23,0.69,2023-24
1627936,159,Alex Caruso,1610612741,CHI,71,2040,253,541,0.468,136,333,0.408,73,96,0.76,62,211,273,247,120,70,102,181,715,1012,2.42,1.18,2023-24
1630573,160,Sam Hauser,1610612738,BOS,79,1741,249,558,0.446,197,465,0.424,17,19,0.895,45,231,276,82,40,25,32,99,712,792,2.56,1.25,2023-24
1641713,161,GG Jackson,1610612763,MEM,48,1233,241,563,0.428,102,286,0.357,115,153,0.752,53,143,196,59,28,24,65,64,699,581,0.91,0.43,2023-24
1627752,162,Taurean Prince,1610612747,LAL,78,2108,253,572,0.442,141,356,0.396,50,68,0.735,21,209,230,119,58,35,73,146,697,729,1.63,0.8,2023-24
1631323,163,Simone Fontecchio,1610612765,DET,66,1644,252,548,0.46,134,334,0.401,54,66,0.818,64,182,246,101,44,23,68,110,692,730,1.49,0.65,2023-24
1631103,164,Malaki Branham,1610612759,SAS,75,1594,271,628,0.432,93,268,0.347,55,63,0.873,28,120,148,156,27,8,91,94,690,573,1.71,0.3,2023-24
202692,165,Alec Burks,1610612752,NYK,66,1212,210,569,0.369,124,330,0.376,145,167,0.868,24,126,150,88,28,12,48,75,689,538,1.83,0.58,2023-24
1641764,166,Brandin Podziemski,1610612744,GSW,74,1968,271,597,0.454,90,234,0.385,50,79,0.633,118,309,427,273,61,14,88,122,682,1014,3.1,0.69,2023-24
203083,167,Andre Drummond,1610612741,CHI,79,1351,267,480,0.556,0,3,0.0,129,218,0.592,265,443,708,37,73,48,81,140,663,1146,0.46,0.9,2023-24
1629611,168,Terance Mann,1610612746,LAC,75,1873,254,493,0.515,71,204,0.348,79,95,0.832,87,167,254,119,43,15,48,145,658,786,2.48,0.9,2023-24
1627884,169,Derrick Jones Jr.,1610612742,DAL,76,1783,239,495,0.483,82,239,0.343,97,136,0.713,82,168,250,75,53,51,65,121,657,726,1.15,0.82,2023-24
1628989,170,Kevin Huerter,1610612758,SAC,64,1562,248,560,0.443,123,341,0.361,36,47,0.766,38,186,224,166,45,23,53,135,655,737,3.13,0.85,2023-24
1629638,170,Nickeil Alexander-Walker,1610612750,MIN,82,1921,236,538,0.439,131,335,0.391,52,65,0.8,35,132,167,204,64,42,76,143,655,741,2.68,0.84,2023-24
1630583,172,Santi Aldama,1610612763,MEM,61,1618,247,568,0.435,106,304,0.349,54,87,0.621,72,280,352,138,43,54,69,89,654,818,2.0,0.62,2023-24
1630208,173,Nick Richards,1610612766,CHA,67,1759,260,376,0.691,0,1,0.0,132,179,0.737,172,367,539,54,26,74,73,176,652,1109,0.74,0.36,2023-24
1630171,174,Isaac Okoro,1610612739,CLE,69,1887,235,480,0.49,84,215,0.391,93,137,0.679,67,139,206,132,57,34,54,140,647,733,2.44,1.06,2023-24
1628997,175,Caleb Martin,1610612748,MIA,64,1757,241,559,0.431,81,232,0.349,77,99,0.778,74,207,281,143,47,29,77,126,640,723,1.86,0.61,2023-24
1631133,176,Jabari Walker,1610612757,POR,72,1701,234,509,0.46,41,139,0.295,129,171,0.754,151,357,508,71,42,22,66,173,638,898,1.08,0.64,2023-24
1630198,177,Isaiah Joe,1610612760,OKC,78,1445,222,485,0.458,147,353,0.416,45,52,0.865,32,148,180,99,46,22,47,87,636,666,2.11,0.98,2023-24
1629614,178,Andrew Nembhard,1610612754,IND,68,1697,260,522,0.498,61,171,0.357,45,56,0.804,36,105,141,280,63,6,101,143,626,742,2.77,0.62,2023-24
1641871,179,Duop Reath,1610612757,POR,68,1214,230,499,0.461,88,245,0.359,69,93,0.742,93,157,250,67,33,38,52,161,617,660,1.29,0.64,2023-24
1627763,180,Malcolm Brogdon,1610612757,POR,39,1121,218,496,0.44,82,199,0.412,95,116,0.819,28,120,148,214,27,8,60,58,613,651,3.57,0.45,2023-24
1626220,181,Royce O'Neale,1610612756,PHX,79,1954,214,539,0.397,156,422,0.37,24,35,0.686,60,317,377,219,59,44,73,174,608,898,3.0,0.81,2023-24
1628976,182,Wendell Carter Jr.,1610612753,ORL,55,1406,223,425,0.525,64,171,0.374,93,134,0.694,112,269,381,95,35,28,68,121,603,831,1.4,0.52,2023-24
1630188,183,Jalen Smith,1610612754,IND,61,1047,234,395,0.592,61,144,0.424,72,104,0.692,112,225,337,63,17,38,44,124,601,819,1.43,0.39,2023-24
1631128,184,Christian Braun,1610612743,DEN,82,1656,222,483,0.46,63,164,0.384,93,134,0.694,79,227,306,132,42,35,55,137,600,758,2.4,0.76,2023-24
1630194,184,Paul Reed,1610612755,PHI,82,1589,259,480,0.54,21,57,0.368,61,85,0.718,193,295,488,109,67,84,67,198,600,1036,1.63,1.0,2023-24
1641708,186,Amen Thompson,1610612745,HOU,62,1389,239,446,0.536,8,58,0.138,106,155,0.684,148,261,409,163,78,38,90,141,592,934,1.81,0.87,2023-24
1631204,187,Marcus Sasser,1610612765,DET,71,1351,219,512,0.428,90,240,0.375,58,66,0.879,11,114,125,236,44,12,90,103,586,612,2.62,0.49,2023-24
1628963,188,Marvin Bagley III,1610612764,WAS,50,1053,239,408,0.586,9,23,0.391,96,126,0.762,130,182,312,55,20,33,59,81,583,745,0.93,0.34,2023-24
1628392,189,Isaiah Hartenstein,1610612752,NYK,75,1896,235,365,0.644,1,3,0.333,111,157,0.707,244,382,626,188,87,85,93,210,582,1299,2.02,0.94,2023-24
1627827,190,Dorian Finney-Smith,1610612751,BKN,68,1935,215,511,0.421,117,336,0.348,33,46,0.717,109,208,317,107,56,38,59,150,580,730,1.81,0.95,2023-24
1641715,191,Cam Whitmore,1610612745,HOU,47,880,212,467,0.454,79,220,0.359,76,112,0.679,44,136,180,33,30,17,46,64,579,502,0.72,0.65,2023-24
1626166,192,Cameron Payne,1610612755,PHI,78,1304,208,481,0.432,104,267,0.39,58,67,0.866,21,96,117,205,42,11,66,126,578,605,3.11,0.64,2023-24
1629022,193,Lonnie Walker IV,1610612751,BKN,58,1011,208,492,0.423,104,271,0.384,45,59,0.763,13,114,127,74,32,20,51,71,565,469,1.45,0.63,2023-24
1630173,193,Precious Achiuwa,1610612752,NYK,74,1624,235,469,0.501,26,97,0.268,69,112,0.616,191,296,487,97,46,68,83,143,565,903,1.17,0.55,2023-24
201143,195,Al Horford,1610612738,BOS,65,1740,214,419,0.511,108,258,0.419,26,30,0.867,82,331,413,168,38,62,48,93,562,986,3.5,0.79,2023-24
1630540,195,Miles McBride,1610612752,NYK,68,1328,205,454,0.452,109,266,0.41,43,50,0.86,31,69,100,114,50,7,30,108,562,547,3.8,1.67,2023-24
1641717,197,Cason Wallace,1610612760,OKC,82,1692,217,442,0.491,98,234,0.419,29,37,0.784,52,135,187,120,76,37,45,129,561,703,2.67,1.69,2023-24
1630168,197,Onyeka Okongwu,1610612737,ATL,55,1405,223,365,0.611,23,69,0.333,92,116,0.793,145,231,376,74,26,60,45,162,561,886,1.64,0.58,2023-24
1630625,199,Dalano Banton,1610612757,POR,54,1047,202,500,0.404,59,199,0.296,94,120,0.783,41,137,178,127,33,20,77,64,557,514,1.65,0.43,2023-24
1641709,200,Ausar Thompson,1610612765,DET,63,1583,232,480,0.483,21,113,0.186,71,119,0.597,129,273,402,120,68,59,84,175,556,825,1.43,0.81,2023-24
1627751,201,Jakob Poeltl,1610612761,TOR,50,1319,248,378,0.656,0,0,0.0,59,107,0.551,146,283,429,127,35,76,77,149,555,967,1.65,0.46,2023-24
1630598,202,Aaron Wiggins,1610612760,OKC,78,1228,212,377,0.562,62,126,0.492,56,71,0.789,60,126,186,86,56,19,56,91,542,653,1.54,1.0,2023-24
1631218,203,Trayce Jackson-Davis,1610612744,GSW,68,1130,233,332,0.702,0,1,0.0,74,132,0.561,135,206,341,82,29,76,49,108,540,862,1.67,0.59,2023-24
101108,204,Chris Paul,1610612744,GSW,58,1531,206,467,0.441,78,210,0.371,43,52,0.827,18,207,225,393,70,6,76,108,533,881,5.17,0.92,2023-24
1630541,204,Moses Moody,1610612744,GSW,66,1156,194,420,0.462,72,200,0.36,73,93,0.785,65,131,196,57,42,24,44,90,533,562,1.3,0.96,2023-24
1641731,206,Bilal Coulibaly,1610612764,WAS,63,1715,188,432,0.435,64,185,0.346,92,131,0.702,56,200,256,110,57,48,87,137,532,633,1.26,0.66,2023-24
1631212,206,Peyton Watson,1610612743,DEN,80,1488,208,447,0.465,45,152,0.296,71,106,0.67,56,202,258,86,42,88,58,143,532,674,1.48,0.72,2023-24
1630702,208,Jaden Hardy,1610612742,DAL,73,989,195,479,0.407,81,224,0.362,59,76,0.776,20,111,131,109,22,4,62,80,530,433,1.76,0.36,2023-24
1641739,209,Toumani Camara,1610612757,POR,70,1739,197,438,0.45,58,172,0.337,75,99,0.758,139,204,343,87,66,33,84,174,527,707,1.04,0.79,2023-24
1630163,210,LaMelo Ball,1610612766,CHA,22,711,183,423,0.433,70,197,0.355,90,104,0.865,29,84,113,176,40,4,83,79,526,522,2.12,0.48,2023-24
1641722,211,Jordan Hawkins,1610612740,NOP,67,1161,174,456,0.382,109,298,0.366,67,80,0.838,29,119,148,70,19,7,40,72,524,433,1.75,0.48,2023-24
1631246,212,Vince Williams Jr.,1610612763,MEM,52,1437,169,379,0.446,79,209,0.378,104,130,0.8,59,231,290,175,47,34,92,135,521,739,1.9,0.51,2023-24
1631117,213,Walker Kessler,1610612762,UTA,64,1493,229,350,0.654,4,19,0.211,56,93,0.602,165,316,481,60,30,154,66,132,518,1019,0.91,0.46,2023-24
1629659,214,Talen Horton-Tucker,1610612762,UTA,51,1009,184,465,0.396,60,182,0.33,88,109,0.807,21,100,121,177,45,19,65,94,516,511,2.72,0.69,2023-24
203967,215,Dario Saric,1610612744,GSW,64,1098,181,388,0.466,74,197,0.376,79,93,0.849,73,210,283,144,31,10,78,112,515,684,1.85,0.4,2023-24
1628988,216,Aaron Holiday,1610612745,HOU,78,1269,186,417,0.446,84,217,0.387,58,63,0.921,23,100,123,140,42,6,53,125,514,536,2.64,0.79,2023-24
1641711,217,Gradey Dick,1610612761,TOR,60,1268,189,445,0.425,88,241,0.365,44,51,0.863,27,105,132,68,34,2,50,87,510,433,1.36,0.68,2023-24
1631101,217,Shaedon Sharpe,1610612757,POR,32,1059,176,434,0.406,60,180,0.333,98,119,0.824,42,118,160,94,28,12,72,88,510,453,1.31,0.39,2023-24
201145,219,Jeff Green,1610612745,HOU,78,1307,167,366,0.456,53,160,0.331,122,149,0.819,46,132,178,70,16,31,46,100,509,532,1.52,0.35,2023-24
203937,220,Kyle Anderson,1610612750,MIN,79,1782,199,433,0.46,11,48,0.229,97,137,0.708,60,213,273,331,71,47,91,128,506,863,3.64,0.78,2023-24
1630577,221,Julian Champagnie,1610612759,SAS,74,1468,164,402,0.408,101,277,0.365,75,92,0.815,42,164,206,103,48,42,57,77,504,591,1.81,0.84,2023-24
1630191,222,Isaiah Stewart,1610612765,DET,46,1423,186,382,0.487,67,175,0.383,64,85,0.753,74,231,305,73,17,38,66,99,503,653,1.11,0.26,2023-24
202330,223,Gordon Hayward,1610612760,OKC,51,1245,187,403,0.464,37,90,0.411,89,120,0.742,38,143,181,158,40,13,66,67,500,579,2.39,0.61,2023-24
1626224,224,Cedi Osman,1610612759,SAS,72,1269,184,384,0.479,86,221,0.389,35,52,0.673,25,155,180,119,36,11,47,107,489,571,2.53,0.77,2023-24
200768,225,Kyle Lowry,1610612755,PHI,60,1690,163,377,0.432,98,250,0.392,63,75,0.84,34,160,194,253,59,21,85,146,487,703,2.98,0.69,2023-24
203897,225,Zach LaVine,1610612741,CHI,25,872,170,376,0.452,59,169,0.349,88,103,0.854,8,121,129,98,21,8,52,57,487,470,1.89,0.4,2023-24
201567,227,Kevin Love,1610612748,MIA,55,924,158,359,0.44,84,244,0.344,85,108,0.787,59,279,338,115,18,10,48,97,485,694,2.4,0.38,2023-24
1630241,227,Sam Merrill,1610612739,CLE,61,1069,158,393,0.402,143,354,0.404,26,28,0.929,22,98,120,108,19,4,19,72,485,480,5.68,1.0,2023-24
1641726,229,Dereck Lively II,1610612742,DAL,55,1294,221,296,0.747,0,2,0.0,41,81,0.506,135,243,378,60,36,77,50,144,483,869,1.2,0.72,2023-24
203110,230,Draymond Green,1610612744,GSW,55,1490,185,372,0.497,51,129,0.395,54,74,0.73,76,322,398,332,55,47,135,166,475,965,2.46,0.41,2023-24
1630182,231,Josh Green,1610612742,DAL,57,1505,179,374,0.479,72,187,0.385,39,57,0.684,40,144,184,130,47,9,60,107,469,566,2.17,0.78,2023-24
1630230,232,Naji Marshall,1610612740,NOP,66,1257,170,367,0.463,58,150,0.387,68,86,0.791,53,187,240,128,49,12,65,91,466,615,1.97,0.75,2023-24
1629599,233,Amir Coffey,1610612746,LAC,70,1461,166,352,0.472,70,184,0.38,61,71,0.859,29,119,148,76,41,14,33,102,463,513,2.3,1.24,2023-24
1630534,234,Ochai Agbaji,1610612761,TOR,78,1642,178,433,0.411,62,211,0.294,37,56,0.661,74,142,216,83,47,44,64,117,455,507,1.3,0.73,2023-24
201976,235,Patrick Beverley,1610612749,MIL,73,1463,158,379,0.417,61,181,0.337,74,90,0.822,49,190,239,212,43,31,65,128,451,674,3.26,0.66,2023-24
1630164,236,James Wiseman,1610612765,DET,63,1091,187,305,0.613,0,2,0.0,72,102,0.706,110,226,336,54,12,39,66,141,446,673,0.82,0.18,2023-24
1630570,237,Trendon Watford,1610612751,BKN,63,857,164,311,0.527,27,68,0.397,77,97,0.794,52,142,194,81,23,19,63,106,432,519,1.29,0.37,2023-24
1628379,238,Luke Kennard,1610612763,MEM,39,999,141,315,0.448,107,238,0.45,40,45,0.889,11,102,113,136,20,2,54,39,429,467,2.52,0.37,2023-24
1630172,238,Patrick Williams,1610612741,CHI,43,1174,159,359,0.443,59,148,0.399,52,66,0.788,46,120,166,66,40,33,57,87,429,463,1.16,0.7,2023-24
203957,240,Dante Exum,1610612742,DAL,55,1088,161,302,0.533,53,108,0.491,53,68,0.779,25,124,149,157,22,5,49,85,428,556,3.2,0.45,2023-24
1626192,240,Pat Connaughton,1610612749,MIL,76,1676,151,347,0.435,82,238,0.345,44,58,0.759,51,188,239,161,40,19,49,99,428,628,3.29,0.82,2023-24
1631223,242,David Roddy,1610612756,PHX,65,1177,165,409,0.403,48,164,0.293,47,68,0.691,53,158,211,80,27,11,57,72,425,432,1.4,0.47,2023-24
1626196,242,Josh Richardson,1610612748,MIA,43,1103,154,347,0.444,66,190,0.347,51,54,0.944,18,103,121,105,24,14,36,76,425,457,2.92,0.67,2023-24
203995,244,Vasilije Micic,1610612766,CHA,60,1176,159,370,0.43,43,154,0.279,61,75,0.813,14,74,88,262,31,7,99,68,422,486,2.65,0.31,2023-24
1629001,245,De'Anthony Melton,1610612755,PHI,38,1023,139,360,0.386,77,214,0.36,66,79,0.835,28,113,141,114,60,16,39,84,421,479,2.92,1.54,2023-24
1630533,246,Ziaire Williams,1610612763,MEM,51,1038,150,378,0.397,58,189,0.307,62,75,0.827,35,145,180,75,36,9,66,85,420,413,1.14,0.55,2023-24
1626168,247,Trey Lyles,1610612758,SAC,58,1158,143,321,0.445,84,219,0.384,49,70,0.7,61,196,257,72,17,19,38,86,419,547,1.9,0.45,2023-24
1630549,248,Day'Ron Sharpe,1610612751,BKN,61,921,168,294,0.571,4,15,0.267,75,123,0.61,161,228,389,85,24,44,70,131,415,713,1.21,0.34,2023-24
1629312,249,Haywood Highsmith,1610612748,MIA,66,1366,153,329,0.465,76,192,0.396,23,36,0.639,65,145,210,70,53,30,34,117,405,545,2.06,1.56,2023-24
1630631,250,Jose Alvarado,1610612740,NOP,56,1028,142,345,0.412,78,207,0.377,35,52,0.673,25,103,128,117,59,15,40,89,397,456,2.93,1.48,2023-24
1628371,251,Jonathan Isaac,1610612753,ORL,58,915,146,286,0.51,42,112,0.375,59,82,0.72,73,187,260,30,43,70,27,64,393,606,1.11,1.59,2023-24
1630543,252,Isaiah Jackson,1610612754,IND,60,771,155,233,0.665,0,4,0.0,73,102,0.716,94,144,238,50,34,61,39,137,383,620,1.28,0.87,2023-24
1630544,253,Tre Mann,1610612766,CHA,41,987,145,316,0.459,47,126,0.373,45,59,0.763,20,129,149,165,51,3,65,48,382,500,2.54,0.79,2023-24
1630201,254,Malachi Flynn,1610612765,DET,69,877,136,325,0.418,56,169,0.331,52,71,0.732,21,93,114,130,38,8,63,66,380,399,2.06,0.6,2023-24
1630558,255,Davion Mitchell,1610612758,SAC,72,1101,146,323,0.452,57,158,0.361,30,42,0.714,19,76,95,134,17,3,43,85,379,396,3.12,0.4,2023-24
1629234,255,Drew Eubanks,1610612756,PHX,75,1169,152,253,0.601,3,3,1.0,72,93,0.774,103,219,322,63,27,61,61,115,379,669,1.03,0.44,2023-24
1631222,255,Jake LaRavia,1610612763,MEM,35,806,118,303,0.389,53,156,0.34,90,109,0.826,51,77,128,58,29,12,45,69,379,357,1.29,0.64,2023-24
1628464,258,Daniel Theis,1610612746,LAC,60,1015,156,293,0.532,26,71,0.366,38,50,0.76,85,159,244,61,21,51,42,127,376,562,1.45,0.5,2023-24
1631200,258,Kris Murray,1610612757,POR,62,1348,145,366,0.396,49,183,0.268,37,56,0.661,85,139,224,80,53,21,55,92,376,459,1.46,0.96,2023-24
203914,260,Gary Harris,1610612753,ORL,54,1297,131,297,0.441,76,205,0.371,34,45,0.756,24,67,91,87,49,14,31,91,372,405,2.81,1.58,2023-24
1628372,261,Dennis Smith Jr.,1610612751,BKN,56,1059,147,338,0.435,32,109,0.294,43,58,0.741,50,114,164,203,68,12,68,121,369,542,2.99,1.0,2023-24
1630692,262,Jordan Goodwin,1610612763,MEM,57,1056,141,382,0.369,42,141,0.298,44,59,0.746,88,165,253,155,48,18,56,76,368,530,2.77,0.86,2023-24
1629670,263,Jordan Nwora,1610612761,TOR,52,711,138,299,0.462,44,131,0.336,44,53,0.83,28,121,149,62,26,13,53,48,364,391,1.17,0.49,2023-24
1629656,264,Quentin Grimes,1610612765,DET,51,1025,122,328,0.372,81,240,0.338,34,45,0.756,15,85,100,66,35,7,28,75,359,322,2.36,1.25,2023-24
1628975,265,Jevon Carter,1610612741,CHI,72,1004,138,365,0.378,77,234,0.329,4,7,0.571,11,49,60,94,37,16,36,71,357,298,2.61,1.03,2023-24
1627739,265,Kris Dunn,1610612762,UTA,66,1249,147,313,0.47,41,111,0.369,22,32,0.688,50,139,189,254,68,28,79,135,357,641,3.22,0.86,2023-24
1630700,267,Dyson Daniels,1610612740,NOP,61,1359,139,311,0.447,42,135,0.311,34,53,0.642,62,174,236,164,85,25,59,101,354,614,2.78,1.44,2023-24
1629680,267,Matisse Thybulle,1610612757,POR,65,1487,126,317,0.397,80,231,0.346,22,29,0.759,30,106,136,90,113,49,40,93,354,504,2.25,2.83,2023-24
1631107,269,Nikola Jović,1610612748,MIA,46,896,127,281,0.452,65,163,0.399,33,47,0.702,25,167,192,90,25,14,42,82,352,463,2.14,0.6,2023-24
203926,270,Doug McDermott,1610612754,IND,64,904,123,284,0.433,94,229,0.41,11,19,0.579,10,49,59,70,16,2,28,64,351,301,2.5,0.57,2023-24
1626204,271,Larry Nance Jr.,1610612740,NOP,61,1216,138,241,0.573,27,65,0.415,47,61,0.77,94,213,307,113,61,19,49,98,350,684,2.31,1.25,2023-24
1626174,272,Christian Wood,1610612747,LAL,50,872,123,264,0.466,35,114,0.307,66,94,0.702,39,215,254,49,16,33,50,72,347,480,0.98,0.32,2023-24
1628365,273,Markelle Fultz,1610612753,ORL,43,910,154,326,0.472,4,18,0.222,23,33,0.697,56,82,138,120,42,15,50,65,335,418,2.4,0.84,2023-24
1626172,274,Kevon Looney,1610612744,GSW,74,1194,139,233,0.597,0,1,0.0,56,83,0.675,143,276,419,133,28,29,50,155,334,772,2.66,0.56,2023-24
1628436,274,Luke Kornet,1610612738,BOS,63,983,142,203,0.7,1,1,1.0,49,54,0.907,118,143,261,67,23,61,21,77,334,659,3.19,1.1,2023-24
1629002,276,Chimezie Metu,1610612765,DET,51,859,123,244,0.504,28,94,0.298,58,64,0.906,41,153,194,46,43,16,52,71,332,452,0.89,0.83,2023-24
1629013,277,Landry Shamet,1610612764,WAS,46,727,118,274,0.431,53,157,0.338,38,46,0.826,16,46,62,54,25,10,30,76,327,284,1.8,0.83,2023-24
1629726,278,Garrison Mathews,1610612737,ATL,66,992,103,226,0.456,85,193,0.44,34,42,0.81,17,75,92,37,20,8,19,115,325,332,1.95,1.05,2023-24
1629026,278,Kenrich Williams,1610612760,OKC,69,1029,131,280,0.468,56,141,0.397,7,14,0.5,61,148,209,93,38,9,32,101,325,486,2.91,1.19,2023-24
1628449,280,Chris Boucher,1610612761,TOR,50,705,110,217,0.507,31,94,0.33,71,92,0.772,62,145,207,23,14,24,28,68,322,434,0.82,0.5,2023-24
201587,281,Nicolas Batum,1610612755,PHI,60,1530,116,256,0.453,73,185,0.395,15,21,0.714,70,178,248,128,48,38,40,109,320,596,3.2,1.2,2023-24
1641710,282,Anthony Black,1610612753,ORL,69,1164,115,247,0.466,37,94,0.394,49,80,0.613,33,106,139,91,35,21,56,110,316,383,1.63,0.63,2023-24
202694,282,Marcus Morris Sr.,1610612739,CLE,49,817,116,264,0.439,48,119,0.403,36,44,0.818,23,111,134,36,15,13,30,74,316,328,1.2,0.5,2023-24
203109,284,Jae Crowder,1610612749,MIL,50,1156,114,270,0.422,58,166,0.349,26,36,0.722,31,130,161,66,38,9,23,74,312,397,2.87,1.65,2023-24
1629048,285,Goga Bitadze,1610612753,ORL,62,957,126,209,0.603,2,14,0.143,57,87,0.655,109,177,286,79,32,72,44,107,311,623,1.8,0.73,2023-24
1631165,286,Keon Ellis,1610612758,SAC,57,979,107,232,0.461,70,168,0.417,26,35,0.743,32,92,124,85,51,29,37,112,310,428,2.3,1.38,2023-24
1629637,287,Jaxson Hayes,1610612747,LAL,70,877,126,175,0.72,0,8,0.0,51,82,0.622,69,142,211,33,34,29,43,123,303,487,0.77,0.79,2023-24
1628470,287,Torrey Craig,1610612741,CHI,53,1049,108,251,0.43,60,153,0.392,27,36,0.75,69,148,217,58,30,21,32,110,303,445,1.81,0.94,2023-24
1631121,289,Bryce McGowens,1610612766,CHA,59,882,101,230,0.439,34,102,0.333,66,85,0.776,17,85,102,51,21,10,30,74,302,308,1.7,0.7,2023-24
1641733,289,Nick Smith Jr.,1610612766,CHA,51,729,113,289,0.391,63,146,0.432,13,15,0.867,18,54,72,59,10,7,39,55,302,233,1.51,0.26,2023-24
204060,291,Joe Ingles,1610612753,ORL,68,1169,99,227,0.436,70,161,0.435,28,34,0.824,18,124,142,203,43,5,67,88,296,488,3.03,0.64,2023-24
1641707,292,Taylor Hendricks,1610612762,UTA,40,856,108,240,0.45,53,140,0.379,23,29,0.793,46,139,185,32,28,30,27,77,292,402,1.19,1.04,2023-24
1629731,293,Dean Wade,1610612739,CLE,54,1108,96,232,0.414,79,202,0.391,20,26,0.769,37,181,218,43,40,25,20,93,291,455,2.15,2.0,2023-24
202722,294,Davis Bertans,1610612766,CHA,43,674,92,234,0.393,76,200,0.38,30,33,0.909,9,52,61,35,26,12,18,56,290,261,1.94,1.44,2023-24
1630165,295,Killian Hayes,1610612765,DET,42,1008,117,283,0.413,22,74,0.297,33,50,0.66,11,108,119,205,36,20,51,75,289,435,4.02,0.71,2023-24
203935,295,Marcus Smart,1610612763,MEM,20,605,102,237,0.43,42,134,0.313,43,56,0.768,6,47,53,86,41,5,62,53,289,264,1.39,0.66,2023-24
1641854,297,Craig Porter Jr.,1610612739,CLE,51,649,116,228,0.509,12,34,0.353,41,56,0.732,21,88,109,118,21,15,45,40,285,376,2.62,0.47,2023-24
1631108,298,Max Christie,1610612747,LAL,67,944,103,241,0.427,42,118,0.356,36,46,0.783,15,127,142,60,20,17,35,57,284,340,1.71,0.57,2023-24
1630214,298,Xavier Tillman,1610612738,BOS,54,975,121,279,0.434,20,81,0.247,22,50,0.44,70,141,211,77,51,44,34,75,284,447,2.27,1.5,2023-24
1628981,300,Bruno Fernando,1610612737,ATL,45,682,109,187,0.583,0,4,0.0,64,96,0.667,59,134,193,46,25,28,44,107,282,420,1.05,0.57,2023-24
201568,301,Danilo Gallinari,1610612749,MIL,49,629,83,190,0.437,30,93,0.323,84,98,0.857,20,88,108,55,14,6,23,50,280,319,2.39,0.61,2023-24
1629006,302,Josh Okogie,1610612756,PHX,60,960,86,206,0.417,29,94,0.309,76,102,0.745,74,80,154,64,48,24,36,68,277,385,1.78,1.33,2023-24
1631119,303,Jaylin Williams,1610612760,OKC,69,897,95,228,0.417,53,144,0.368,33,41,0.805,36,198,234,110,28,27,34,98,276,500,3.24,0.82,2023-24
1629111,304,Jock Landale,1610612745,HOU,56,764,106,206,0.515,10,40,0.25,52,65,0.8,88,84,172,65,20,33,31,74,274,420,2.1,0.65,2023-24
1630205,305,Lamar Stevens,1610612763,MEM,38,559,108,240,0.45,14,46,0.304,42,54,0.778,36,91,127,28,23,22,24,45,272,304,1.17,0.96,2023-24
1630590,306,Scotty Pippen Jr.,1610612763,MEM,21,527,100,203,0.493,30,72,0.417,41,55,0.745,22,45,67,98,36,10,56,60,271,309,1.75,0.64,2023-24
1631104,307,Blake Wesley,1610612759,SAS,61,876,102,215,0.474,12,55,0.218,52,78,0.667,18,76,94,166,29,9,55,89,268,372,3.02,0.53,2023-24
1630256,308,Jae'Sean Tate,1610612745,HOU,65,1031,108,229,0.472,23,77,0.299,26,39,0.667,61,136,197,64,42,15,37,137,265,412,1.73,1.14,2023-24
1629629,309,Cam Reddish,1610612747,LAL,48,984,91,234,0.389,37,110,0.336,41,54,0.759,27,72,99,48,47,14,31,64,260,281,1.55,1.52,2023-24
1630538,310,Bones Hyland,1610612746,LAC,37,540,97,251,0.386,44,135,0.326,18,23,0.783,5,50,55,93,26,4,44,51,256,231,2.11,0.59,2023-24
1631216,311,Caleb Houstan,1610612753,ORL,59,815,80,206,0.388,72,193,0.373,21,26,0.808,28,56,84,29,15,4,16,61,253,238,1.81,0.94,2023-24
1628964,311,Mo Bamba,1610612755,PHI,57,740,97,198,0.49,25,64,0.391,34,50,0.68,77,161,238,41,22,60,39,101,253,458,1.05,0.56,2023-24
1631260,313,AJ Green,1610612749,MIL,56,614,83,196,0.423,69,169,0.408,17,19,0.895,9,55,64,30,9,4,12,49,252,232,2.5,0.75,2023-24
1641767,313,Ben Sheppard,1610612754,IND,57,814,90,229,0.393,49,156,0.314,23,26,0.885,15,74,89,53,33,2,15,88,252,272,3.53,2.2,2023-24
1630215,315,Jared Butler,1610612764,WAS,40,566,98,201,0.488,24,78,0.308,31,36,0.861,9,49,58,126,29,8,50,58,251,314,2.52,0.58,2023-24
1628972,316,Troy Brown Jr.,1610612765,DET,59,827,84,226,0.372,47,141,0.333,32,37,0.865,25,119,144,60,24,3,30,42,247,301,2.0,0.8,2023-24
203486,317,Mason Plumlee,1610612746,LAC,46,674,87,153,0.569,0,6,0.0,70,99,0.707,60,174,234,55,14,17,36,68,244,433,1.53,0.39,2023-24
1631109,318,Mark Williams,1610612766,CHA,19,508,98,151,0.649,0,0,0.0,46,64,0.719,76,108,184,22,16,20,17,50,242,396,1.29,0.94,2023-24
1641729,319,Brice Sensabaugh,1610612762,UTA,32,584,85,218,0.39,34,115,0.296,37,41,0.902,16,86,102,55,13,6,47,43,241,233,1.17,0.28,2023-24
1627780,320,Gary Payton II,1610612744,GSW,44,680,103,183,0.563,20,55,0.364,14,23,0.609,46,67,113,48,39,18,27,77,240,342,1.78,1.44,2023-24
1629723,321,John Konchar,1610612763,MEM,55,1174,88,208,0.423,38,120,0.317,21,25,0.84,72,185,257,110,51,51,46,76,235,534,2.39,1.11,2023-24
203200,322,Justin Holiday,1610612743,DEN,58,862,88,194,0.454,55,136,0.404,3,4,0.75,9,62,71,67,36,9,14,69,234,296,4.79,2.57,2023-24
1630537,323,Chris Duarte,1610612758,SAC,59,720,80,210,0.381,44,127,0.346,26,33,0.788,26,80,106,44,28,8,26,80,230,253,1.69,1.08,2023-24
1631124,324,Julian Strawther,1610612743,DEN,50,545,82,222,0.369,41,138,0.297,22,31,0.71,5,56,61,47,17,7,23,54,227,187,2.04,0.74,2023-24
1629630,325,Ja Morant,1610612763,MEM,9,318,80,170,0.471,14,51,0.275,52,64,0.813,6,44,50,73,7,5,27,19,226,232,2.7,0.26,2023-24
203552,325,Seth Curry,1610612766,CHA,44,615,80,204,0.392,38,108,0.352,28,31,0.903,18,50,68,44,22,6,21,39,226,218,2.1,1.05,2023-24
1628426,327,Sasha Vezenkov,1610612758,SAC,42,511,84,191,0.44,45,120,0.375,12,15,0.8,30,66,96,19,20,7,12,42,225,245,1.58,1.67,2023-24
1630231,328,KJ Martin,1610612755,PHI,60,747,97,181,0.536,8,28,0.286,22,41,0.537,41,90,131,51,22,12,32,100,224,305,1.59,0.69,2023-24
1629626,329,Bol Bol,1610612756,PHX,43,469,93,151,0.616,22,52,0.423,15,19,0.789,32,105,137,17,10,25,19,42,223,331,0.9,0.53,2023-24
1628995,329,Kevin Knox II,1610612757,POR,31,560,86,186,0.462,31,94,0.33,20,22,0.909,18,57,75,23,13,7,22,50,223,217,1.05,0.59,2023-24
1630209,331,Omer Yurtseven,1610612762,UTA,48,545,99,184,0.538,5,24,0.208,19,28,0.679,72,136,208,29,8,18,37,52,222,354,0.78,0.22,2023-24
203095,332,Evan Fournier,1610612765,DET,32,580,79,221,0.357,33,130,0.254,29,36,0.806,5,53,58,48,29,7,21,48,220,192,2.29,1.38,2023-24
1628418,333,Thomas Bryant,1610612748,MIA,38,441,86,149,0.577,4,22,0.182,41,47,0.872,40,101,141,23,10,16,21,46,217,317,1.1,0.48,2023-24
1629003,334,Shake Milton,1610612752,NYK,48,581,79,195,0.405,18,64,0.281,40,49,0.816,14,61,75,60,19,6,31,54,216,220,1.94,0.61,2023-24
1631106,335,Tari Eason,1610612745,HOU,22,480,88,189,0.466,18,50,0.36,21,33,0.636,46,107,153,27,31,19,20,51,215,312,1.35,1.55,2023-24
1630592,336,Jalen Wilson,1610612751,BKN,43,665,76,179,0.425,24,74,0.324,38,46,0.826,47,84,131,45,11,4,19,48,214,275,2.37,0.58,2023-24
1628998,337,Cody Martin,1610612766,CHA,28,753,82,215,0.381,27,86,0.314,20,33,0.606,19,90,109,104,32,18,44,48,211,284,2.36,0.73,2023-24
1630699,337,MarJon Beauchamp,1610612749,MIL,48,608,81,166,0.488,30,75,0.4,19,28,0.679,22,77,99,31,13,7,27,54,211,240,1.15,0.48,2023-24
1626153,339,Delon Wright,1610612748,MIA,47,742,74,188,0.394,25,68,0.368,37,45,0.822,19,67,86,119,54,11,14,32,210,344,8.5,3.86,2023-24
203939,340,Dwight Powell,1610612742,DAL,63,836,72,106,0.679,1,3,0.333,63,89,0.708,97,117,214,84,26,20,32,113,208,460,2.63,0.81,2023-24
1630647,341,Eugene Omoruyi,1610612764,WAS,43,393,81,167,0.485,13,46,0.283,32,49,0.653,35,50,85,35,27,5,21,62,207,235,1.67,1.29,2023-24
1629052,342,Oshae Brissett,1610612738,BOS,55,630,68,153,0.444,15,55,0.273,50,83,0.602,61,99,160,44,19,8,20,54,201,294,2.2,0.95,2023-24
1630550,343,JT Thor,1610612766,CHA,63,781,80,183,0.437,28,81,0.346,11,20,0.55,43,103,146,29,11,27,15,60,199,285,1.93,0.73,2023-24
1626158,343,Richaun Holmes,1610612764,WAS,40,554,82,147,0.558,1,3,0.333,34,47,0.723,71,111,182,25,11,19,24,74,199,334,1.04,0.46,2023-24
1628966,345,Keita Bates-Diop,1610612751,BKN,53,665,72,166,0.434,21,69,0.304,32,42,0.762,31,79,110,38,25,22,15,35,197,273,2.53,1.67,2023-24
1629162,346,Jordan McLaughlin,1610612750,MIN,56,626,70,145,0.483,42,89,0.472,13,18,0.722,18,54,72,110,35,7,19,31,195,320,5.79,1.84,2023-24
201565,347,Derrick Rose,1610612763,MEM,24,399,76,165,0.461,15,41,0.366,24,27,0.889,7,38,45,78,8,2,31,21,191,201,2.52,0.26,2023-24
1628467,347,Maxi Kleber,1610612742,DAL,43,871,63,146,0.432,32,92,0.348,33,47,0.702,30,113,143,68,17,30,28,79,191,324,2.43,0.61,2023-24
1630572,349,Sandro Mamukelashvili,1610612759,SAS,46,451,73,155,0.471,19,64,0.297,25,34,0.735,45,102,147,49,7,12,19,35,190,295,2.58,0.37,2023-24
1630264,350,Anthony Gill,1610612764,WAS,50,466,75,160,0.469,10,41,0.244,29,36,0.806,37,57,94,34,13,11,23,48,189,226,1.48,0.57,2023-24
1630192,351,Zeke Nnaji,1610612743,DEN,58,576,69,149,0.463,6,23,0.261,42,62,0.677,61,65,126,32,15,38,27,81,186,270,1.19,0.56,2023-24
201580,352,JaVale McGee,1610612758,SAC,46,339,79,132,0.598,1,7,0.143,26,45,0.578,42,84,126,17,14,20,34,46,185,256,0.5,0.41,2023-24
1631207,353,Dalen Terry,1610612741,CHI,59,681,69,157,0.439,17,74,0.23,25,43,0.581,29,84,113,81,27,18,32,81,180,281,2.53,0.84,2023-24
1629677,354,Luka Samanic,1610612762,UTA,43,404,60,158,0.38,13,64,0.203,44,56,0.786,22,80,102,19,5,7,28,32,177,172,0.68,0.18,2023-24
202687,355,Bismack Biyombo,1610612760,OKC,40,791,74,131,0.565,0,0,0.0,26,54,0.481,62,147,209,53,11,37,42,89,174,357,1.26,0.26,2023-24
1631367,356,Jacob Gilyard,1610612751,BKN,41,698,60,150,0.4,51,126,0.405,2,2,1.0,9,37,46,137,33,5,30,39,173,274,4.57,1.1,2023-24
1629011,356,Mitchell Robinson,1610612752,NYK,31,768,73,127,0.575,0,0,0.0,27,66,0.409,142,121,263,18,37,35,25,55,173,408,0.72,1.48,2023-24
1641741,356,Ricky Council IV,1610612755,PHI,32,289,54,112,0.482,12,32,0.375,53,71,0.746,14,32,46,16,8,1,5,17,173,163,3.2,1.6,2023-24
1641998,359,Trey Jemison III,1610612763,MEM,25,574,75,136,0.551,0,0,0.0,21,25,0.84,64,70,134,27,12,28,34,69,171,273,0.79,0.35,2023-24
1629667,360,Jalen McDaniels,1610612761,TOR,50,538,65,189,0.344,12,71,0.169,27,37,0.73,18,61,79,37,19,6,30,52,169,146,1.23,0.63,2023-24
1631116,361,Patrick Baldwin Jr.,1610612764,WAS,38,494,59,155,0.381,31,97,0.32,19,28,0.679,17,106,123,29,18,15,19,56,168,229,1.53,0.95,2023-24
1630527,362,Brandon Boston,1610612746,LAC,32,345,65,161,0.404,14,52,0.269,23,33,0.697,19,33,52,13,11,8,24,40,167,121,0.54,0.46,2023-24
1631311,363,Lester Quinones,1610612744,GSW,37,394,56,141,0.397,32,88,0.364,20,29,0.69,21,51,72,36,6,2,17,44,164,169,2.12,0.35,2023-24
1628420,363,Monte Morris,1610612750,MIN,33,476,62,153,0.405,27,70,0.386,13,19,0.684,7,50,57,69,19,9,7,14,164,214,9.86,2.71,2023-24
1630531,365,Jaden Springer,1610612738,BOS,49,507,59,148,0.399,10,48,0.208,35,42,0.833,33,45,78,44,36,15,34,66,163,206,1.29,1.06,2023-24
1629004,366,Svi Mykhailiuk,1610612738,BOS,41,413,57,137,0.416,42,108,0.389,6,9,0.667,11,40,51,35,11,1,12,19,162,165,2.92,0.92,2023-24
202684,367,Tristan Thompson,1610612739,CLE,49,549,73,120,0.608,0,1,0.0,15,52,0.288,73,101,174,51,12,14,29,59,161,299,1.76,0.41,2023-24
203488,368,Mike Muscala,1610612760,OKC,53,600,56,156,0.359,28,96,0.292,17,25,0.68,39,86,125,36,9,13,22,52,157,210,1.64,0.41,2023-24
1641712,369,Rayan Rupert,1610612757,POR,39,633,54,161,0.335,28,78,0.359,19,25,0.76,24,68,92,62,12,3,31,56,155,180,2.0,0.39,2023-24
1630219,369,Skylar Mays,1610612747,LAL,38,433,63,159,0.396,16,54,0.296,13,17,0.765,10,33,43,85,21,4,20,26,155,188,4.25,1.05,2023-24
1629674,371,Neemias Queta,1610612738,BOS,28,333,67,104,0.644,0,0,0.0,20,28,0.714,53,69,122,20,13,21,13,50,154,272,1.54,1.0,2023-24
1631241,372,Javon Freeman-Liberty,1610612761,TOR,22,403,55,124,0.444,10,42,0.238,33,36,0.917,16,54,70,40,10,4,25,28,153,180,1.6,0.4,2023-24
1631098,373,Johnny Davis,1610612764,WAS,50,614,62,154,0.403,14,40,0.35,14,24,0.583,18,54,72,32,18,10,13,57,152,169,2.46,1.39,2023-24
1630346,373,Matt Ryan,1610612740,NOP,28,390,49,113,0.434,41,91,0.451,13,14,0.929,6,34,40,18,6,1,19,32,152,133,0.95,0.32,2023-24
1629642,373,Nassir Little,1610612756,PHX,45,458,57,124,0.46,21,70,0.3,17,20,0.85,14,61,75,21,10,10,14,39,152,184,1.5,0.71,2023-24
1629020,376,Jarred Vanderbilt,1610612747,LAL,29,581,59,114,0.518,8,27,0.296,24,36,0.667,41,97,138,36,36,5,28,43,150,270,1.29,1.29,2023-24
1630197,377,Aleksej Pokusevski,1610612766,CHA,28,405,49,121,0.405,18,55,0.327,30,41,0.732,17,72,89,35,15,13,19,22,146,196,1.84,0.79,2023-24
1627863,378,Danuel House Jr.,1610612755,PHI,34,509,47,105,0.448,15,50,0.3,35,46,0.761,16,42,58,28,15,5,19,45,144,162,1.47,0.79,2023-24
1631230,378,Dominick Barlow,1610612759,SAS,33,420,56,113,0.496,3,9,0.333,29,42,0.69,45,68,113,36,12,14,9,47,144,240,4.0,1.33,2023-24
1630548,378,Johnny Juzang,1610612762,UTA,20,372,51,110,0.464,32,77,0.416,10,14,0.714,7,29,36,23,4,2,13,29,144,133,1.77,0.31,2023-24
201599,381,DeAndre Jordan,1610612743,DEN,36,396,58,93,0.624,0,0,0.0,26,53,0.491,54,103,157,26,6,16,23,56,142,262,1.13,0.26,2023-24
202397,382,Ish Smith,1610612766,CHA,43,741,66,158,0.418,4,8,0.5,3,4,0.75,11,65,76,145,17,4,47,49,139,241,3.09,0.36,2023-24
1630322,383,Lindy Waters III,1610612760,OKC,38,280,49,104,0.471,37,85,0.435,2,2,1.0,7,33,40,24,5,7,7,23,137,151,3.43,0.71,2023-24
201152,383,Thaddeus Young,1610612756,PHX,33,440,65,108,0.602,1,7,0.143,6,15,0.4,46,57,103,57,23,5,15,49,137,258,3.8,1.53,2023-24
1630639,385,A.J. Lawson,1610612742,DAL,42,311,54,121,0.446,13,50,0.26,15,23,0.652,14,36,50,20,10,3,14,22,136,130,1.43,0.71,2023-24
1630249,386,Vít Krejčí,1610612737,ATL,22,541,51,104,0.49,28,68,0.412,5,6,0.833,11,41,52,50,13,6,20,48,135,182,2.5,0.65,2023-24
1641730,387,Noah Clowney,1610612751,BKN,23,370,50,93,0.538,12,33,0.364,21,30,0.7,26,55,81,18,8,16,15,25,133,189,1.2,0.53,2023-24
1631172,387,Ousmane Dieng,1610612760,OKC,33,365,49,116,0.422,21,70,0.3,14,16,0.875,10,41,51,37,8,5,19,22,133,146,1.95,0.42,2023-24
201988,389,Patty Mills,1610612748,MIA,32,415,46,131,0.351,24,87,0.276,11,11,1.0,9,26,35,34,20,1,16,32,127,116,2.13,1.25,2023-24
203496,389,Robert Covington,1610612755,PHI,29,488,43,98,0.439,19,56,0.339,22,26,0.846,31,66,97,24,39,18,11,56,127,235,2.18,3.55,2023-24
1630649,389,Stanley Umude,1610612765,DET,24,307,37,84,0.44,24,53,0.453,29,32,0.906,8,43,51,11,8,7,14,40,127,140,0.79,0.57,2023-24
1641748,392,Andre Jackson Jr.,1610612749,MIL,57,572,50,100,0.5,17,46,0.37,8,11,0.727,43,70,113,50,16,6,28,92,125,229,1.79,0.57,2023-24
1641765,393,Olivier-Maxence Prosper,1610612742,DAL,40,336,40,104,0.385,13,45,0.289,28,41,0.683,25,54,79,22,7,4,8,20,121,148,2.75,0.88,2023-24
203458,394,Alex Len,1610612758,SAC,48,444,50,81,0.617,0,3,0.0,20,34,0.588,46,82,128,50,11,33,27,66,120,270,1.85,0.41,2023-24
1641716,394,Jarace Walker,1610612754,IND,33,340,45,110,0.409,22,55,0.4,8,9,0.889,12,51,63,40,15,11,17,29,120,166,2.35,0.88,2023-24
1629139,396,Yuta Watanabe,1610612763,MEM,34,464,41,116,0.353,25,85,0.294,10,17,0.588,11,43,54,15,12,7,19,39,117,104,0.79,0.63,2023-24
1630526,397,Jeremiah Robinson-Earl,1610612740,NOP,39,334,45,95,0.474,13,39,0.333,12,16,0.75,23,53,76,21,10,4,16,24,115,156,1.31,0.63,2023-24
1629007,397,Jontay Porter,1610612765,DET,26,360,40,104,0.385,20,60,0.333,15,18,0.833,26,56,82,60,20,20,21,35,115,209,2.86,0.95,2023-24
1628984,399,Devonte' Graham,1610612759,SAS,23,313,38,108,0.352,25,83,0.301,13,16,0.813,5,31,36,49,9,2,17,14,114,120,2.88,0.53,2023-24
1630587,399,Isaiah Livers,1610612765,DET,23,469,40,116,0.345,22,77,0.286,12,18,0.667,15,33,48,25,13,5,16,43,114,107,1.56,0.81,2023-24
1629750,401,Javonte Green,1610612741,CHI,9,230,45,75,0.6,10,27,0.37,10,13,0.769,20,47,67,5,10,8,7,19,110,160,0.71,1.43,2023-24
202083,401,Wesley Matthews,1610612737,ATL,36,413,34,97,0.351,24,69,0.348,18,24,0.75,9,44,53,23,16,11,8,43,110,136,2.88,2.0,2023-24
1629643,403,Chuma Okeke,1610612753,ORL,47,432,40,112,0.357,23,82,0.28,4,7,0.571,18,62,80,20,9,7,16,19,107,132,1.25,0.56,2023-24
1627745,403,Damian Jones,1610612739,CLE,39,270,43,72,0.597,3,14,0.214,18,21,0.857,20,42,62,15,7,13,13,27,107,159,1.15,0.54,2023-24
1641787,405,Tosan Evbuomwan,1610612765,DET,17,367,36,71,0.507,12,32,0.375,17,25,0.68,18,42,60,16,6,5,9,23,101,136,1.78,0.67,2023-24
1630568,406,Luka Garza,1610612750,MIN,25,122,36,75,0.48,9,32,0.281,18,25,0.72,19,12,31,4,4,1,6,24,99,87,0.67,0.67,2023-24
1631115,406,Orlando Robinson,1610612748,MIA,36,304,36,72,0.5,8,15,0.533,19,25,0.76,28,56,84,34,7,8,18,35,99,172,1.89,0.39,2023-24
1631288,408,Jamal Cain,1610612748,MIA,26,259,34,79,0.43,11,31,0.355,18,23,0.783,15,22,37,10,10,5,8,22,97,101,1.25,1.25,2023-24
1631254,409,Kenneth Lofton Jr.,1610612762,UTA,21,198,36,78,0.462,7,24,0.292,17,26,0.654,12,26,38,33,6,5,14,24,96,113,2.36,0.43,2023-24
203493,409,Reggie Bullock Jr.,1610612745,HOU,44,417,34,82,0.415,27,67,0.403,1,1,1.0,6,67,73,15,12,5,10,29,96,143,1.5,1.2,2023-24
1630556,411,Kessler Edwards,1610612758,SAC,54,275,34,82,0.415,20,52,0.385,5,9,0.556,9,33,42,15,10,4,4,26,93,108,3.75,2.5,2023-24
1627732,412,Ben Simmons,1610612751,BKN,15,359,43,74,0.581,0,0,0.0,6,15,0.4,31,88,119,86,12,9,27,36,92,251,3.19,0.44,2023-24
1630579,412,Jericho Sims,1610612752,NYK,45,585,38,55,0.691,0,0,0.0,16,24,0.667,56,91,147,25,8,19,16,45,92,250,1.56,0.5,2023-24
1641763,414,Julian Phillips,1610612741,CHI,40,323,32,77,0.416,12,38,0.316,13,19,0.684,12,24,36,13,7,7,10,40,89,91,1.3,0.7,2023-24
1630551,414,Justin Champagnie,1610612764,WAS,15,235,32,78,0.41,13,45,0.289,12,15,0.8,19,34,53,19,10,9,10,14,89,121,1.9,1.0,2023-24
1630184,414,Kira Lewis Jr.,1610612762,UTA,28,264,34,92,0.37,4,33,0.121,17,20,0.85,9,17,26,37,9,2,14,13,89,88,2.64,0.64,2023-24
1641738,414,Kobe Brown,1610612746,LAC,44,394,37,90,0.411,14,48,0.292,1,2,0.5,20,42,62,25,12,6,9,49,89,131,2.78,1.33,2023-24
1627788,418,Furkan Korkmaz,1610612755,PHI,35,300,30,76,0.395,14,40,0.35,14,20,0.7,4,26,30,25,14,3,10,17,88,98,2.5,1.4,2023-24
202066,418,Garrett Temple,1610612761,TOR,27,289,29,78,0.372,12,40,0.3,18,22,0.818,18,27,45,28,12,3,14,28,88,109,2.0,0.86,2023-24
1631221,420,Collin Gillespie,1610612743,DEN,24,225,32,69,0.464,15,38,0.395,8,12,0.667,1,20,21,27,13,0,14,24,87,93,1.93,0.93,2023-24
1641774,421,Tristan Vukcevic,1610612764,WAS,10,153,29,67,0.433,10,36,0.278,17,22,0.773,6,30,36,13,5,7,10,28,85,93,1.3,0.5,2023-24
1631197,422,Jared Rhoden,1610612765,DET,17,245,33,66,0.5,12,31,0.387,5,8,0.625,3,30,33,14,3,13,7,28,83,103,2.0,0.43,2023-24
1630235,422,Trent Forrest,1610612737,ATL,38,414,34,90,0.378,2,10,0.2,13,17,0.765,11,40,51,92,11,3,20,25,83,160,4.6,0.55,2023-24
1630611,424,Gui Santos,1610612744,GSW,23,192,28,55,0.509,10,27,0.37,16,17,0.941,17,32,49,14,4,2,7,23,82,116,2.0,0.57,2023-24
1629669,425,Jaylen Nowell,1610612758,SAC,13,214,34,78,0.436,6,29,0.207,7,9,0.778,6,18,24,19,4,2,7,15,81,77,2.71,0.57,2023-24
1641723,425,Kobe Bufkin,1610612737,ATL,17,196,34,92,0.37,9,40,0.225,4,8,0.5,6,27,33,27,7,5,10,20,81,81,2.7,0.7,2023-24
1630204,427,Ashton Hagans,1610612757,POR,19,316,29,71,0.408,8,25,0.32,14,17,0.824,14,31,45,54,11,9,30,40,80,124,1.8,0.37,2023-24
1641931,427,Onuralp Bitim,1610612741,CHI,23,268,32,84,0.381,12,44,0.273,4,5,0.8,6,26,32,13,3,2,10,24,80,67,1.3,0.3,2023-24
203469,429,Cody Zeller,1610612740,NOP,43,320,26,62,0.419,1,3,0.333,23,38,0.605,48,64,112,39,9,5,16,45,76,174,2.44,0.56,2023-24
1629650,430,Moses Brown,1610612757,POR,22,200,33,65,0.508,0,0,0.0,9,31,0.29,37,49,86,7,5,7,11,27,75,115,0.64,0.46,2023-24
1631262,431,Jules Bernard,1610612764,WAS,19,149,29,64,0.453,11,29,0.379,5,9,0.556,10,16,26,16,3,1,8,14,74,73,2.0,0.38,2023-24
1630240,432,Saben Lee,1610612756,PHX,24,185,20,55,0.364,2,16,0.125,29,39,0.744,9,22,31,30,7,3,8,13,71,89,3.75,0.88,2023-24
1641778,433,Leaky Black,1610612766,CHA,26,284,25,52,0.481,9,20,0.45,10,15,0.667,9,39,48,24,8,11,6,19,69,122,4.0,1.33,2023-24
1629634,434,Brandon Clarke,1610612763,MEM,6,134,33,59,0.559,1,6,0.167,1,7,0.143,13,19,32,9,5,6,3,8,68,85,3.0,1.67,2023-24
202693,435,Markieff Morris,1610612742,DAL,26,216,23,68,0.338,15,42,0.357,5,6,0.833,4,35,39,16,5,3,12,12,66,71,1.33,0.42,2023-24
1641732,436,Colby Jones,1610612758,SAC,30,192,28,71,0.394,2,22,0.091,6,11,0.545,17,23,40,20,7,5,10,29,64,78,2.0,0.7,2023-24
1629646,437,Charles Bassey,1610612759,SAS,19,205,29,40,0.725,0,1,0.0,5,6,0.833,23,53,76,21,8,17,15,31,63,158,1.4,0.53,2023-24
202709,437,Cory Joseph,1610612744,GSW,26,296,23,64,0.359,13,42,0.31,4,7,0.571,6,24,30,42,4,3,12,25,63,86,3.5,0.33,2023-24
1631466,437,Nate Williams,1610612745,HOU,22,129,27,50,0.54,2,5,0.4,7,13,0.538,12,11,23,7,4,1,4,10,63,65,1.75,1.0,2023-24
1631303,440,Justin Minaya,1610612757,POR,34,381,22,74,0.297,12,49,0.245,5,9,0.556,30,26,56,21,9,10,9,35,61,92,2.33,1.0,2023-24
1630177,441,Theo Maledon,1610612756,PHX,17,213,20,70,0.286,5,30,0.167,14,15,0.933,4,20,24,28,7,0,18,21,59,49,1.56,0.39,2023-24
1628385,442,Harry Giles III,1610612747,LAL,23,100,23,50,0.46,3,14,0.214,7,13,0.538,12,18,30,6,2,3,6,15,56,58,1.0,0.33,2023-24
1630314,443,Brandon Williams,1610612742,DAL,17,113,20,54,0.37,3,15,0.2,11,17,0.647,4,9,13,17,1,1,7,4,54,39,2.43,0.14,2023-24
1630695,444,Micah Potter,1610612762,UTA,16,186,19,40,0.475,9,21,0.429,6,8,0.75,10,33,43,6,4,6,5,14,53,84,1.2,0.8,2023-24
1630288,445,Jeff Dowtin Jr.,1610612755,PHI,12,142,20,36,0.556,9,19,0.474,3,4,0.75,3,17,20,27,7,1,5,1,52,85,5.4,1.4,2023-24
200782,445,P.J. Tucker,1610612746,LAC,31,486,18,50,0.36,13,35,0.371,3,3,1.0,28,57,85,16,16,7,8,54,52,136,2.0,2.0,2023-24
1631173,445,Terquavion Smith,1610612755,PHI,16,85,18,46,0.391,13,35,0.371,3,5,0.6,0,4,4,12,8,0,7,8,52,39,1.71,1.14,2023-24
1630547,448,James Bouknight,1610612766,CHA,14,81,18,41,0.439,13,30,0.433,1,2,0.5,1,8,9,6,1,1,2,3,50,41,3.0,0.5,2023-24
1631169,448,Josh Minott,1610612750,MIN,32,91,17,36,0.472,4,10,0.4,12,14,0.857,4,13,17,8,5,5,2,10,50,62,4.0,2.5,2023-24
1631100,450,AJ Griffin,1610612737,ATL,20,171,18,62,0.29,10,39,0.256,2,2,1.0,2,16,18,5,1,2,8,6,48,22,0.63,0.13,2023-24
1629647,450,Darius Bazley,1610612762,UTA,9,152,18,30,0.6,2,8,0.25,10,12,0.833,8,20,28,7,6,7,8,3,48,74,0.88,0.75,2023-24
1641970,450,Maozinha Pereira,1610612763,MEM,7,122,18,35,0.514,5,13,0.385,7,10,0.7,11,26,37,2,6,4,5,10,48,72,0.4,1.2,2023-24
1630186,453,Jahmi'us Ramsey,1610612761,TOR,7,121,18,41,0.439,6,22,0.273,5,6,0.833,4,18,22,8,7,0,7,10,47,53,1.14,1.0,2023-24
1630678,454,Terry Taylor,1610612741,CHI,31,188,20,39,0.513,2,9,0.222,4,5,0.8,17,20,37,10,5,2,7,17,46,73,1.43,0.71,2023-24
1626246,455,Boban Marjanovic,1610612745,HOU,14,71,18,34,0.529,0,2,0.0,9,14,0.643,7,25,32,6,1,2,5,5,45,60,1.2,0.2,2023-24
1631321,455,Sidy Cissoko,1610612759,SAS,12,141,16,33,0.485,1,12,0.083,12,15,0.8,8,14,22,10,7,3,3,18,45,64,3.33,2.33,2023-24
1631157,457,Ryan Rollins,1610612749,MIL,13,78,14,27,0.519,3,4,0.75,13,17,0.765,2,11,13,14,10,3,8,8,44,59,1.75,1.25,2023-24
1630610,458,DeJon Jarreau,1610612763,MEM,9,150,17,50,0.34,4,13,0.308,5,11,0.455,8,36,44,26,6,2,9,14,43,73,2.89,0.67,2023-24
1629685,458,Dylan Windler,1610612737,ATL,17,108,15,30,0.5,13,27,0.481,0,0,0.0,3,13,16,10,2,0,2,6,43,54,5.0,1.0,2023-24
1629717,460,Armoni Brooks,1610612751,BKN,10,104,15,46,0.326,11,32,0.344,1,2,0.5,7,11,18,5,1,1,3,3,42,32,1.67,0.33,2023-24
1631306,460,Cole Swider,1610612748,MIA,18,87,15,38,0.395,10,30,0.333,2,2,1.0,1,6,7,5,1,1,8,4,42,25,0.63,0.13,2023-24
1629618,460,Jalen Pickett,1610612743,DEN,27,122,15,35,0.429,9,25,0.36,3,4,0.75,1,13,14,21,4,0,9,13,42,51,2.33,0.44,2023-24
1630285,460,Zavier Simpson,1610612765,DET,7,161,17,54,0.315,5,17,0.294,3,4,0.75,4,16,20,25,7,3,10,11,42,49,2.5,0.7,2023-24
1641734,464,Emoni Bates,1610612739,CLE,15,133,15,49,0.306,10,33,0.303,1,4,0.25,1,13,14,10,1,2,8,5,41,23,1.25,0.13,2023-24
1629057,464,Robert Williams III,1610612757,POR,6,119,17,26,0.654,0,0,0.0,7,9,0.778,11,27,38,5,7,7,7,17,41,80,0.71,1.0,2023-24
203933,464,T.J. Warren,1610612750,MIN,11,125,18,41,0.439,2,13,0.154,3,4,0.75,5,17,22,9,4,1,4,11,41,49,2.25,1.0,2023-24
1630243,467,Trevelin Queen,1610612753,ORL,14,165,14,38,0.368,3,17,0.176,9,12,0.75,3,17,20,18,7,5,7,15,40,56,2.57,1.0,2023-24
1630696,468,Dru Smith,1610612748,MIA,9,131,15,33,0.455,7,17,0.412,2,2,1.0,6,8,14,14,9,3,5,12,39,56,2.8,1.8,2023-24
203925,468,Joe Harris,1610612765,DET,16,170,14,39,0.359,10,30,0.333,1,2,0.5,3,10,13,10,3,2,4,19,39,37,2.5,0.75,2023-24
203490,468,Otto Porter Jr.,1610612761,TOR,15,174,14,33,0.424,8,23,0.348,3,3,1.0,6,23,29,8,5,5,2,19,39,65,4.0,2.5,2023-24
1629716,471,Marques Bolden,1610612766,CHA,11,121,17,25,0.68,0,1,0.0,3,4,0.75,10,24,34,4,3,7,3,10,37,73,1.33,1.0,2023-24
1641766,472,Adama Sanogo,1610612741,CHI,9,66,14,27,0.519,0,0,0.0,8,12,0.667,19,17,36,0,1,0,5,5,36,51,0.0,0.2,2023-24
1628962,473,Udoka Azubuike,1610612756,PHX,16,113,16,23,0.696,0,0,0.0,3,13,0.231,11,21,32,3,1,6,4,17,35,56,0.75,0.25,2023-24
1631205,474,Buddy Boeheim,1610612765,DET,10,84,9,29,0.31,8,25,0.32,8,10,0.8,3,7,10,3,0,1,0,5,34,26,0.0,0.0,2023-24
1629216,474,Gabe Vincent,1610612747,LAL,11,218,15,49,0.306,3,28,0.107,1,2,0.5,4,5,9,21,9,0,5,19,34,33,4.2,1.8,2023-24
1630641,474,Ibou Badji,1610612757,POR,22,226,14,22,0.636,0,0,0.0,6,12,0.5,20,31,51,13,3,20,15,46,34,92,0.87,0.2,2023-24
1641720,474,Jalen Hood-Schifino,1610612747,LAL,21,109,10,45,0.222,2,15,0.133,12,20,0.6,2,11,13,8,3,2,9,13,34,8,0.89,0.33,2023-24
1630846,474,Olivier Sarr,1610612760,OKC,15,98,11,19,0.579,2,6,0.333,10,15,0.667,10,26,36,2,0,7,3,18,34,63,0.67,0.0,2023-24
201959,474,Taj Gibson,1610612765,DET,20,204,15,37,0.405,2,10,0.2,2,2,1.0,12,25,37,11,3,7,5,31,34,65,2.2,0.6,2023-24
1630207,480,Nate Hinton,1610612745,HOU,15,75,11,26,0.423,7,14,0.5,4,5,0.8,7,15,22,10,3,2,3,11,33,51,3.33,1.0,2023-24
1641877,480,Nathan Mensah,1610612766,CHA,25,307,12,28,0.429,0,0,0.0,9,12,0.75,29,36,65,9,6,14,14,64,33,94,0.64,0.43,2023-24
1629875,480,Xavier Moon,1610612746,LAC,14,119,15,46,0.326,2,17,0.118,1,2,0.5,8,10,18,21,3,3,5,8,33,41,4.2,0.6,2023-24
1630562,483,Matt Hurt,1610612763,MEM,8,113,12,34,0.353,5,20,0.25,3,3,1.0,9,7,16,4,3,3,2,8,32,34,2.0,1.5,2023-24
203648,483,Thanasis Antetokounmpo,1610612749,MIL,34,155,16,30,0.533,0,1,0.0,0,2,0.0,7,6,13,17,7,4,14,24,32,43,1.21,0.5,2023-24
1629010,485,Jerome Robinson,1610612744,GSW,22,81,11,33,0.333,2,17,0.118,7,11,0.636,1,5,6,5,1,3,2,5,31,18,2.5,0.5,2023-24
1630553,485,Keon Johnson,1610612751,BKN,5,61,8,21,0.381,4,10,0.4,11,12,0.917,3,4,7,3,3,1,5,5,31,26,0.6,0.6,2023-24
1641724,487,Jett Howard,1610612753,ORL,18,67,10,30,0.333,7,25,0.28,2,4,0.5,1,6,7,6,2,2,3,4,29,21,2.0,0.67,2023-24
1631159,487,Leonard Miller,1610612750,MIN,17,52,13,20,0.65,2,5,0.4,1,2,0.5,5,15,20,8,2,1,1,5,29,51,8.0,2.0,2023-24
1631217,487,Moussa Diabaté,1610612746,LAC,11,64,10,19,0.526,0,0,0.0,9,14,0.643,15,9,24,4,5,1,2,4,29,47,2.0,2.5,2023-24
1630227,490,Daishen Nix,1610612750,MIN,15,50,9,24,0.375,6,17,0.353,3,6,0.5,1,2,3,6,5,0,5,2,27,18,1.2,1.0,2023-24
1629678,491,Admiral Schofield,1610612753,ORL,23,84,10,26,0.385,6,16,0.375,0,2,0.0,3,14,17,7,1,0,5,9,26,28,1.4,0.2,2023-24
1641753,491,Chris Livingston,1610612749,MIL,21,91,11,22,0.5,1,5,0.2,3,4,0.75,3,18,21,5,2,0,5,15,26,37,1.0,0.4,2023-24
1630561,491,David Duke Jr.,1610612759,SAS,4,51,10,18,0.556,3,6,0.5,3,3,1.0,2,8,10,5,2,0,3,4,26,32,1.67,0.67,2023-24
1631338,491,Mouhamadou Gueye,1610612761,TOR,11,120,11,38,0.289,0,3,0.0,4,9,0.444,12,11,23,5,3,18,12,15,26,31,0.42,0.25,2023-24
1631131,491,Oscar Tshiebwe,1610612754,IND,8,42,10,20,0.5,0,0,0.0,6,8,0.75,8,8,16,2,2,1,0,3,26,35,0.0,0.0,2023-24
1630658,496,Colin Castleton,1610612747,LAL,16,59,9,16,0.563,0,0,0.0,6,6,1.0,6,6,12,3,2,0,3,11,24,31,1.0,0.67,2023-24
1631243,496,Mouhamed Gueye,1610612737,ATL,6,73,8,23,0.348,3,9,0.333,5,6,0.833,10,12,22,4,5,4,1,13,24,42,4.0,5.0,2023-24
1641735,498,Amari Bailey,1610612766,CHA,10,65,8,24,0.333,1,8,0.125,6,7,0.857,6,3,9,7,3,0,4,2,23,21,1.75,0.75,2023-24
1630600,498,Isaiah Mobley,1610612739,CLE,10,72,10,24,0.417,3,10,0.3,0,1,0.0,3,7,10,6,2,0,2,6,23,24,3.0,1.0,2023-24
1630688,498,Ish Wainright,1610612756,PHX,11,62,7,24,0.292,7,20,0.35,2,2,1.0,3,11,14,1,4,1,2,8,23,24,0.5,2.0,2023-24
1630643,498,Jay Huff,1610612743,DEN,20,49,9,15,0.6,3,9,0.333,2,2,1.0,2,9,11,2,2,3,1,9,23,34,2.0,2.0,2023-24
1630564,498,RaiQuan Gray,1610612759,SAS,3,39,10,17,0.588,3,7,0.429,0,0,0.0,2,5,7,6,1,1,1,0,23,30,6.0,1.0,2023-24
1630296,503,Braxton Key,1610612743,DEN,20,60,7,17,0.412,2,5,0.4,6,8,0.75,3,15,18,9,2,1,1,5,22,39,9.0,2.0,2023-24
1641926,503,Dexter Dennis,1610612742,DAL,4,30,10,19,0.526,1,8,0.125,1,3,0.333,1,8,9,4,0,1,3,1,22,22,1.33,0.0,2023-24
1631123,505,Jamaree Bouyea,1610612759,SAS,9,95,10,28,0.357,1,9,0.111,0,0,0.0,3,16,19,11,1,0,9,10,21,25,1.22,0.11,2023-24
1631112,505,Kendall Brown,1610612754,IND,15,63,8,15,0.533,0,2,0.0,5,8,0.625,3,2,5,5,0,0,2,9,21,19,2.5,0.0,2023-24
1641816,507,Hunter Tyson,1610612743,DEN,18,48,8,20,0.4,4,14,0.286,0,0,0.0,1,8,9,2,1,0,2,10,20,18,1.0,0.5,2023-24
1631257,507,Jermaine Samuels Jr.,1610612745,HOU,14,60,9,14,0.643,0,2,0.0,2,2,1.0,3,10,13,3,1,2,0,5,20,34,0.0,0.0,2023-24
1628424,507,Kobi Simmons,1610612761,TOR,4,67,9,21,0.429,2,8,0.25,0,0,0.0,1,6,7,12,6,2,1,5,20,34,12.0,6.0,2023-24
1642013,510,Malik Williams,1610612761,TOR,7,107,9,34,0.265,1,5,0.2,0,2,0.0,15,23,38,2,3,4,3,15,19,36,0.67,1.0,2023-24
201577,511,Robin Lopez,1610612749,MIL,16,65,7,19,0.368,2,8,0.25,2,2,1.0,3,2,5,4,1,3,2,7,18,17,2.0,0.5,2023-24
1631386,511,Taze Moore,1610612757,POR,4,40,8,19,0.421,1,7,0.143,1,2,0.5,4,4,8,5,2,0,3,4,18,18,1.67,0.67,2023-24
1631111,511,Wendell Moore Jr.,1610612750,MIN,25,75,9,18,0.5,0,6,0.0,0,0,0.0,0,12,12,6,5,1,4,5,18,29,1.5,1.25,2023-24
1629117,514,Wenyen Gabriel,1610612738,BOS,5,81,8,22,0.364,1,6,0.167,0,5,0.0,7,18,25,3,2,2,8,10,17,22,0.38,0.25,2023-24
1631120,515,JD Davison,1610612738,BOS,8,39,5,12,0.417,3,7,0.429,3,4,0.75,2,8,10,10,1,1,2,4,16,28,5.0,0.5,2023-24
1641788,516,Alex Fudge,1610612742,DAL,6,40,6,15,0.4,1,5,0.2,2,2,1.0,4,1,5,0,3,0,2,2,15,12,0.0,1.5,2023-24
1630535,516,Greg Brown III,1610612742,DAL,6,40,5,11,0.455,1,3,0.333,4,9,0.444,3,6,9,4,0,4,4,5,15,17,1.0,0.0,2023-24
1641775,516,Jordan Walsh,1610612738,BOS,9,83,6,15,0.4,2,9,0.222,1,2,0.5,5,15,20,5,5,1,3,11,15,33,1.67,1.67,2023-24
1641793,519,D'Moi Hodge,1610612747,LAL,7,41,5,15,0.333,3,12,0.25,1,2,0.5,0,0,0,5,1,1,1,4,14,9,5.0,1.0,2023-24
1629610,519,DaQuan Jeffries,1610612752,NYK,17,46,6,17,0.353,2,10,0.2,0,2,0.0,0,5,5,5,0,1,3,2,14,9,1.67,0.0,2023-24
1631220,519,Dereon Seabron,1610612740,NOP,6,55,4,13,0.308,1,2,0.5,5,6,0.833,1,6,7,5,2,1,0,4,14,19,0.0,0.0,2023-24
1641754,519,Seth Lundy,1610612737,ATL,9,52,4,17,0.235,3,13,0.231,3,4,0.75,1,6,7,0,0,0,1,6,14,6,0.0,0.0,2023-24
1631102,519,TyTy Washington Jr.,1610612749,MIL,11,56,6,20,0.3,2,6,0.333,0,0,0.0,1,4,5,5,3,0,2,1,14,11,2.5,1.5,2023-24
1631210,524,Jacob Toppin,1610612752,NYK,9,38,5,9,0.556,1,4,0.25,2,2,1.0,3,4,7,3,0,1,1,3,13,19,3.0,0.0,2023-24
1641757,524,Jordan Miller,1610612746,LAC,8,28,5,9,0.556,1,2,0.5,2,2,1.0,3,2,5,0,0,0,1,2,13,13,0.0,0.0,2023-24
1641851,524,Timmy Allen,1610612763,MEM,5,125,6,23,0.261,0,7,0.0,1,2,0.5,4,13,17,5,4,0,2,18,13,19,2.5,2.0,2023-24
1630554,527,Jason Preston,1610612762,UTA,7,71,6,19,0.316,0,3,0.0,0,0,0.0,6,11,17,16,2,1,2,3,12,33,8.0,1.0,2023-24
1630259,527,Jordan Ford,1610612758,SAC,6,22,4,7,0.571,2,3,0.667,2,2,1.0,0,2,2,2,0,0,1,0,12,12,2.0,0.0,2023-24
1629603,527,Mamadi Diakite,1610612752,NYK,6,24,4,6,0.667,0,1,0.0,4,6,0.667,1,3,4,2,1,1,1,2,12,15,2.0,1.0,2023-24
1630618,530,D.J. Carton,1610612761,TOR,4,36,3,8,0.375,1,4,0.25,4,5,0.8,2,2,4,3,1,0,1,3,11,12,3.0,1.0,2023-24
1641809,530,Drew Peterson,1610612738,BOS,3,23,4,6,0.667,3,5,0.6,0,0,0.0,0,1,1,1,2,0,1,1,11,12,1.0,2.0,2023-24
1630929,530,Henri Drell,1610612741,CHI,4,30,4,10,0.4,2,6,0.333,1,2,0.5,1,3,4,4,2,1,2,6,11,13,2.0,1.0,2023-24
1641749,530,Keyontae Johnson,1610612760,OKC,9,66,5,16,0.313,1,3,0.333,0,0,0.0,4,6,10,4,1,0,4,5,11,11,1.0,0.25,2023-24
1641721,530,Maxwell Lewis,1610612747,LAL,34,103,4,21,0.19,1,9,0.111,2,3,0.667,2,2,4,6,2,1,10,5,11,-4,0.6,0.2,2023-24
1628391,535,D.J. Wilson,1610612753,ORL,2,15,4,6,0.667,2,2,1.0,0,0,0.0,1,1,2,2,0,2,0,1,10,14,0.0,0.0,2023-24
1630181,535,R.J. Hampton,1610612748,MIA,8,76,4,14,0.286,1,8,0.125,1,2,0.5,2,4,6,8,0,0,3,8,10,10,2.67,0.0,2023-24
202738,537,Isaiah Thomas,1610612756,PHX,6,19,3,10,0.3,2,4,0.5,0,0,0.0,0,0,0,3,0,0,0,0,8,4,0.0,0.0,2023-24
1641771,537,Jalen Slawson,1610612758,SAC,12,37,4,6,0.667,0,2,0.0,0,0,0.0,1,6,7,2,1,1,2,8,8,15,1.0,0.5,2023-24
201949,537,James Johnson,1610612754,IND,9,47,3,10,0.3,0,2,0.0,2,2,1.0,1,3,4,8,5,1,5,9,8,14,1.6,1.0,2023-24
1629308,540,Juan Toscano-Anderson,1610612758,SAC,11,53,3,12,0.25,1,4,0.25,0,0,0.0,4,10,14,4,1,1,2,11,7,16,2.0,0.5,2023-24
1630222,540,Mason Jones,1610612758,SAC,5,28,2,8,0.25,2,7,0.286,1,2,0.5,1,4,5,5,1,0,2,3,7,9,2.5,0.5,2023-24
1629718,542,Charlie Brown Jr.,1610612752,NYK,8,37,2,10,0.2,2,7,0.286,0,0,0.0,1,1,2,0,0,2,2,5,6,0,0.0,0.0,2023-24
1631298,542,Jack White,1610612760,OKC,4,64,2,16,0.125,2,10,0.2,0,0,0.0,4,8,12,1,4,1,2,3,6,8,0.5,2.0,2023-24
1629623,542,Lindell Wigginton,1610612749,MIL,3,8,2,5,0.4,0,2,0.0,2,2,1.0,0,0,0,0,0,0,1,1,6,2,0.0,0.0,2023-24
1631214,545,Alondes Williams,1610612748,MIA,7,16,2,8,0.25,0,4,0.0,1,1,1.0,0,1,1,0,0,1,2,2,5,-1,0.0,0.0,2023-24
1628373,545,Frank Ntilikina,1610612766,CHA,5,43,1,9,0.111,1,8,0.125,2,2,1.0,1,5,6,4,0,0,1,4,5,6,4.0,0.0,2023-24
1630604,547,E.J. Liddell,1610612740,NOP,8,23,1,6,0.167,0,5,0.0,2,2,1.0,0,5,5,1,2,2,2,2,4,7,0.5,1.0,2023-24
1631167,547,Izaiah Brockington,1610612740,NOP,1,3,2,5,0.4,0,1,0.0,0,0,0.0,1,1,2,0,0,0,0,0,4,3,0.0,0.0,2023-24
1630284,547,Kevon Harris,1610612753,ORL,2,6,2,3,0.667,0,0,0.0,0,0,0.0,0,2,2,1,0,0,1,3,4,5,1.0,0.0,2023-24
1630311,547,Pat Spencer,1610612744,GSW,6,26,2,4,0.5,0,2,0.0,0,0,0.0,2,2,4,5,0,0,1,1,4,10,5.0,0.0,2023-24
1629660,547,Ty Jerome,1610612739,CLE,2,15,2,4,0.5,0,1,0.0,0,0,0.0,1,0,1,3,0,0,1,2,4,5,3.0,0.0,2023-24
1641745,552,Adam Flagler,1610612760,OKC,2,14,1,7,0.143,1,6,0.167,0,0,0.0,0,0,0,4,0,0,0,0,3,1,0.0,0.0,2023-24
1641727,552,Dariq Whitehead,1610612751,BKN,2,24,1,5,0.2,0,3,0.0,1,2,0.5,0,4,4,3,0,1,0,0,3,6,0.0,0.0,2023-24
1630196,552,Filip Petrusev,1610612755,PHI,3,9,1,2,0.5,0,0,0.0,1,2,0.5,0,1,1,0,0,0,0,1,3,2,0.0,0.0,2023-24
1631250,552,Pete Nance,1610612739,CLE,8,27,1,6,0.167,1,1,1.0,0,2,0.0,0,3,3,0,1,0,1,2,3,-1,0.0,1.0,2023-24
1630586,552,Usman Garuba,1610612744,GSW,6,18,1,6,0.167,0,1,0.0,1,2,0.5,3,4,7,1,1,3,2,2,3,7,0.5,0.5,2023-24
1628977,557,Hamidou Diallo,1610612764,WAS,2,5,1,2,0.5,0,0,0.0,0,0,0.0,2,0,2,1,2,0,1,1,2,5,1.0,2.0,2023-24
1631209,557,Isaiah Wong,1610612754,IND,1,4,1,3,0.333,0,1,0.0,0,0,0.0,0,0,0,0,0,0,0,0,2,0,0.0,0.0,2023-24
1630563,557,Joshua Primo,1610612746,LAC,2,10,1,3,0.333,0,1,0.0,0,0,0.0,1,0,1,0,0,1,4,0,2,-2,0.0,0.0,2023-24
1641806,557,Markquis Nowell,1610612761,TOR,1,4,0,1,0.0,0,0,0.0,2,2,1.0,2,0,2,2,1,0,0,0,2,6,0.0,0.0,2023-24
1631245,557,Quenton Jackson,1610612754,IND,3,11,0,1,0.0,0,0,0.0,2,2,1.0,0,4,4,2,1,0,0,1,2,8,0.0,0.0,2023-24
1627885,557,Shaquille Harrison,1610612763,MEM,3,6,1,2,0.5,0,0,0.0,0,0,0.0,0,2,2,0,0,1,0,0,2,4,0.0,0.0,2023-24
1641847,563,Andrew Funk,1610612741,CHI,5,13,0,4,0.0,0,3,0.0,0,0,0.0,0,0,0,0,1,1,0,0,0,-2,0.0,0.0,2023-24
201980,563,Danny Green,1610612755,PHI,2,18,0,2,0.0,0,1,0.0,0,0,0.0,0,2,2,1,1,0,0,1,0,2,0.0,0.0,2023-24
1631376,563,Dmytro Skapintsev,1610612752,NYK,2,2,0,1,0.0,0,0,0.0,0,0,0.0,0,0,0,0,0,0,0,0,0,-1,0.0,0.0,2023-24
1630622,563,Jalen Crutcher,1610612740,NOP,1,3,0,1,0.0,0,0,0.0,0,0,0.0,0,0,0,0,0,0,0,0,0,-1,0.0,0.0,2023-24
1630606,563,Javonte Smart,1610612755,PHI,1,1,0,0,0.0,0,0,0.0,0,0,0.0,0,0,0,0,0,0,0,0,0,0,0.0,0.0,2023-24
1628382,563,Justin Jackson,1610612750,MIN,2,1,0,0,0.0,0,0,0.0,0,0,0.0,0,0,0,0,0,0,0,0,0,0,0.0,0.0,2023-24
1629232,563,Kaiser Gates,1610612740,NOP,1,7,0,4,0.0,0,2,0.0,0,0,0.0,0,1,1,0,0,0,0,0,0,-3,0.0,0.0,2023-24
1630608,563,Malcolm Cazalon,1610612765,DET,1,3,0,0,0.0,0,0,0.0,0,0,0.0,0,0,0,0,0,0,0,0,0,0,0.0,0.0,2023-24
1631199,563,Ron Harper Jr.,1610612761,TOR,1,4,0,0,0.0,0,0,0.0,0,0,0.0,0,0,0,1,0,0,0,2,0,1,0.0,0.0,2023-24
1627853,563,Ryan Arcidiacono,1610612752,NYK,20,45,0,6,0.0,0,6,0.0,0,0,0.0,0,8,8,4,2,0,2,5,0,6,2.0,1.0,2023-24
1628369,1,Jayson Tatum,1610612738,BOS,74,2732,727,1559,0.466,240,686,0.35,531,622,0.854,78,571,649,342,78,51,213,160,2225,2209,1.61,0.37,2022-23
203954,2,Joel Embiid,1610612755,PHI,66,2284,728,1328,0.548,66,200,0.33,661,771,0.857,113,557,670,274,66,112,226,205,2183,2369,1.21,0.29,2022-23
1629029,3,Luka Dončić,1610612742,DAL,66,2391,719,1449,0.496,185,541,0.342,515,694,0.742,54,515,569,529,90,33,236,166,2138,2214,2.24,0.38,2022-23
1628983,4,Shai Gilgeous-Alexander,1610612760,OKC,68,2416,704,1381,0.51,58,168,0.345,669,739,0.905,59,270,329,371,112,65,192,192,2135,2073,1.93,0.58,2022-23
203507,5,Giannis Antetokounmpo,1610612749,MIL,63,2024,707,1278,0.553,47,171,0.275,498,772,0.645,137,605,742,359,52,51,246,197,1959,2072,1.46,0.21,2022-23
1630162,6,Anthony Edwards,1610612750,MIN,79,2841,707,1541,0.459,213,578,0.369,319,422,0.756,47,411,458,350,125,58,259,186,1946,1741,1.35,0.48,2022-23
203944,7,Julius Randle,1610612752,NYK,77,2737,658,1432,0.459,218,636,0.343,402,531,0.757,141,626,767,316,49,21,216,233,1936,1970,1.46,0.23,2022-23
1628378,8,Donovan Mitchell,1610612739,CLE,68,2432,679,1402,0.484,245,635,0.386,319,368,0.867,63,226,289,301,99,27,180,168,1922,1686,1.67,0.55,2022-23
1629027,9,Trae Young,1610612737,ATL,73,2541,597,1390,0.429,154,460,0.335,566,639,0.886,56,161,217,741,80,9,300,104,1914,1795,2.47,0.27,2022-23
203897,10,Zach LaVine,1610612741,CHI,77,2768,673,1388,0.485,204,544,0.375,363,428,0.848,42,303,345,327,69,18,194,159,1913,1698,1.69,0.36,2022-23
203081,11,Damian Lillard,1610612757,POR,58,2107,556,1202,0.463,244,658,0.371,510,558,0.914,44,233,277,425,50,18,191,109,1866,1751,2.23,0.26,2022-23
1628368,12,De'Aaron Fox,1610612758,SAC,73,2435,682,1331,0.512,119,367,0.324,343,440,0.78,40,266,306,447,83,23,181,172,1826,1758,2.47,0.46,2022-23
201942,13,DeMar DeRozan,1610612741,CHI,74,2682,657,1303,0.504,46,142,0.324,456,523,0.872,34,309,343,377,83,36,153,186,1816,1789,2.46,0.54,2022-23
1627759,14,Jaylen Brown,1610612738,BOS,67,2405,679,1383,0.491,163,487,0.335,263,344,0.765,78,381,459,232,75,26,197,172,1784,1594,1.18,0.38,2022-23
1627783,15,Pascal Siakam,1610612761,TOR,71,2652,630,1313,0.48,93,287,0.324,367,474,0.774,131,425,556,415,65,36,169,228,1720,1833,2.46,0.39,2022-23
1628374,16,Lauri Markkanen,1610612762,UTA,66,2272,571,1145,0.499,200,511,0.391,349,399,0.875,130,440,570,123,42,38,127,137,1691,1713,0.97,0.33,2022-23
203999,17,Nikola Jokić,1610612743,DEN,69,2323,646,1022,0.632,57,149,0.383,341,415,0.822,167,650,817,678,87,47,247,174,1690,2622,2.75,0.35,2022-23
1630224,18,Jalen Green,1610612745,HOU,76,2602,566,1359,0.416,187,554,0.338,364,463,0.786,43,241,284,281,59,18,200,131,1683,1233,1.41,0.3,2022-23
1629673,19,Jordan Poole,1610612744,GSW,82,2458,550,1278,0.43,214,637,0.336,361,415,0.87,32,193,225,369,63,21,252,214,1675,1319,1.46,0.25,2022-23
1628969,20,Mikal Bridges,1610612751,BKN,83,2963,593,1267,0.468,169,442,0.382,316,353,0.895,79,285,364,273,91,61,127,159,1671,1622,2.15,0.72,2022-23
201939,21,Stephen Curry,1610612744,GSW,56,1941,559,1133,0.493,273,639,0.427,257,281,0.915,39,302,341,352,52,20,179,117,1648,1636,1.97,0.29,2022-23
1628973,22,Jalen Brunson,1610612752,NYK,68,2379,587,1195,0.491,134,322,0.416,325,392,0.829,40,201,241,421,61,15,142,152,1633,1554,2.97,0.43,2022-23
202681,23,Kyrie Irving,1610612742,DAL,60,2241,594,1203,0.494,188,496,0.379,247,273,0.905,59,245,304,331,66,45,128,165,1623,1606,2.59,0.52,2022-23
1629630,24,Ja Morant,1610612763,MEM,61,1948,566,1214,0.466,92,300,0.307,372,497,0.748,61,296,357,493,66,16,206,100,1596,1549,2.39,0.32,2022-23
2544,25,LeBron James,1610612747,LAL,55,1954,609,1219,0.5,121,377,0.321,251,327,0.768,65,392,457,375,50,32,178,88,1590,1640,2.11,0.28,2022-23
203468,26,CJ McCollum,1610612740,NOP,75,2649,587,1344,0.437,211,543,0.389,183,238,0.769,55,273,328,429,70,38,183,153,1568,1438,2.34,0.38,2022-23
1628389,27,Bam Adebayo,1610612748,MIA,75,2598,602,1114,0.54,1,12,0.083,324,402,0.806,184,504,688,240,88,61,187,208,1529,1829,1.28,0.47,2022-23
1627749,28,Dejounte Murray,1610612737,ATL,74,2693,612,1319,0.464,133,387,0.344,158,190,0.832,53,336,389,448,112,19,160,106,1515,1584,2.8,0.7,2022-23
1627734,29,Domantas Sabonis,1610612758,SAC,79,2736,577,938,0.615,31,83,0.373,325,438,0.742,251,722,973,573,65,39,230,279,1510,2456,2.49,0.28,2022-23
202691,30,Klay Thompson,1610612744,GSW,69,2279,546,1252,0.436,301,731,0.412,116,132,0.879,39,247,286,163,49,29,123,130,1509,1191,1.33,0.4,2022-23
204001,31,Kristaps Porziņģis,1610612764,WAS,65,2120,507,1018,0.498,137,356,0.385,354,416,0.851,114,432,546,174,58,100,137,196,1505,1673,1.27,0.42,2022-23
1629636,32,Darius Garland,1610612739,CLE,69,2447,522,1129,0.462,169,412,0.41,277,321,0.863,28,157,185,538,85,9,199,148,1490,1457,2.7,0.43,2022-23
1630532,33,Franz Wagner,1610612753,ORL,80,2609,542,1118,0.485,130,360,0.361,271,322,0.842,70,259,329,283,77,17,167,183,1485,1397,1.7,0.46,2022-23
1626164,34,Devin Booker,1610612756,PHX,53,1835,527,1067,0.494,111,316,0.351,306,358,0.855,46,194,240,293,51,18,145,159,1471,1336,2.02,0.35,2022-23
202710,35,Jimmy Butler III,1610612748,MIA,64,2138,479,888,0.539,36,103,0.35,472,555,0.85,141,234,375,340,117,21,101,80,1466,1726,3.37,1.16,2022-23
203076,36,Anthony Davis,1610612747,LAL,56,1905,542,962,0.563,19,74,0.257,348,444,0.784,195,507,702,148,59,114,122,146,1451,1836,1.21,0.48,2022-23
202696,37,Nikola Vučević,1610612741,CHI,82,2746,597,1148,0.52,121,347,0.349,132,158,0.835,159,744,903,265,60,57,139,179,1447,2016,1.91,0.43,2022-23
1631094,38,Paolo Banchero,1610612753,ORL,72,2430,479,1122,0.427,85,285,0.298,394,534,0.738,84,413,497,269,60,39,200,160,1437,1319,1.35,0.3,2022-23
1629628,39,RJ Barrett,1610612752,NYK,73,2476,510,1176,0.434,121,390,0.31,290,392,0.74,60,308,368,201,31,15,164,179,1431,1114,1.23,0.19,2022-23
1629640,40,Keldon Johnson,1610612759,SAS,63,2063,503,1113,0.452,134,407,0.329,245,327,0.749,56,262,318,183,46,11,134,125,1385,1117,1.37,0.34,2022-23
203915,41,Spencer Dinwiddie,1610612751,BKN,79,2725,460,1050,0.438,181,490,0.369,268,330,0.812,28,242,270,515,67,24,145,187,1369,1448,3.55,0.46,2022-23
201142,42,Kevin Durant,1610612756,PHX,47,1672,483,862,0.56,93,230,0.404,307,334,0.919,17,296,313,235,34,67,156,99,1366,1453,1.51,0.22,2022-23
1628398,43,Kyle Kuzma,1610612764,WAS,64,2239,512,1142,0.448,160,481,0.333,173,237,0.73,55,408,463,239,36,29,190,145,1357,1240,1.26,0.19,2022-23
1629639,44,Tyler Herro,1610612748,MIA,67,2335,487,1109,0.439,203,537,0.378,170,182,0.934,27,333,360,280,51,16,158,101,1347,1262,1.77,0.32,2022-23
1627741,45,Buddy Hield,1610612754,IND,80,2482,475,1038,0.458,288,677,0.425,106,129,0.822,67,333,400,225,92,26,139,156,1344,1362,1.62,0.66,2022-23
1627832,46,Fred VanVleet,1610612761,TOR,69,2535,437,1112,0.393,207,606,0.342,254,283,0.898,30,250,280,495,123,38,140,193,1335,1427,3.54,0.88,2022-23
202331,47,Paul George,1610612746,LAC,56,1939,459,1004,0.457,158,426,0.371,256,294,0.871,45,297,342,288,83,20,176,159,1332,1306,1.64,0.47,2022-23
1626179,48,Terry Rozier,1610612766,CHA,63,2221,493,1188,0.415,165,505,0.327,178,220,0.809,51,208,259,319,74,16,134,119,1329,1126,2.38,0.55,2022-23
1629014,49,Anfernee Simons,1610612757,POR,62,2171,467,1045,0.447,212,562,0.377,160,179,0.894,18,143,161,253,42,14,128,142,1306,1051,1.98,0.33,2022-23
1631097,50,Bennedict Mathurin,1610612754,IND,78,2222,413,951,0.434,100,310,0.323,376,454,0.828,87,231,318,116,48,13,152,162,1302,1029,0.76,0.32,2022-23
1627750,51,Jamal Murray,1610612743,DEN,65,2133,473,1041,0.454,172,432,0.398,180,216,0.833,48,209,257,400,66,16,145,103,1298,1288,2.76,0.46,2022-23
203924,52,Jerami Grant,1610612757,POR,63,2246,434,913,0.475,144,359,0.401,278,342,0.813,53,230,283,150,51,53,116,152,1290,1168,1.29,0.44,2022-23
201950,52,Jrue Holiday,1610612749,MIL,67,2183,490,1023,0.479,158,411,0.384,152,177,0.859,79,262,341,495,79,25,197,116,1290,1475,2.51,0.4,2022-23
1630596,54,Evan Mobley,1610612739,CLE,79,2715,525,947,0.554,22,102,0.216,205,304,0.674,187,524,711,224,60,119,146,218,1277,1724,1.53,0.41,2022-23
202711,55,Bojan Bogdanovic,1610612765,DET,59,1893,430,882,0.488,145,353,0.411,268,303,0.884,36,187,223,152,34,8,135,113,1273,1068,1.13,0.25,2022-23
203903,56,Jordan Clarkson,1610612762,UTA,61,1988,458,1031,0.444,155,459,0.338,200,245,0.816,72,174,246,270,33,13,186,120,1271,1029,1.45,0.18,2022-23
1626156,57,D'Angelo Russell,1610612747,LAL,71,2304,445,948,0.469,194,490,0.396,179,216,0.829,35,180,215,437,70,29,186,140,1263,1288,2.35,0.38,2022-23
1630581,58,Josh Giddey,1610612760,OKC,76,2367,539,1118,0.482,76,234,0.325,106,145,0.731,148,451,599,469,57,31,211,143,1260,1587,2.22,0.27,2022-23
1630217,59,Desmond Bane,1610612763,MEM,58,1841,450,939,0.479,166,407,0.408,181,205,0.883,43,248,291,254,56,22,126,150,1247,1231,2.02,0.44,2022-23
201572,60,Brook Lopez,1610612749,MIL,78,2372,477,899,0.531,136,364,0.374,149,190,0.784,157,363,520,99,37,193,107,203,1239,1518,0.93,0.35,2022-23
202695,60,Kawhi Leonard,1610612746,LAC,52,1748,446,871,0.512,104,250,0.416,243,279,0.871,57,281,338,204,72,28,88,84,1239,1332,2.32,0.82,2022-23
203084,62,Harrison Barnes,1610612758,SAC,82,2662,374,791,0.473,132,353,0.374,350,413,0.847,87,279,366,128,57,10,86,103,1230,1225,1.49,0.66,2022-23
1630178,63,Tyrese Maxey,1610612755,PHI,60,2016,439,913,0.481,160,369,0.434,180,213,0.845,23,153,176,212,49,8,80,132,1218,1076,2.65,0.61,2022-23
201935,64,James Harden,1610612755,PHI,58,2135,371,842,0.441,161,418,0.385,313,361,0.867,40,314,354,618,71,31,195,112,1216,1576,3.17,0.36,2022-23
1630193,65,Immanuel Quickley,1610612752,NYK,81,2344,419,936,0.448,168,454,0.37,203,248,0.819,58,279,337,279,80,14,100,166,1209,1257,2.79,0.8,2022-23
1631093,66,Jaden Ivey,1610612765,DET,74,2304,409,983,0.416,120,350,0.343,266,356,0.747,73,215,288,387,61,17,237,242,1204,1056,1.63,0.26,2022-23
1629028,67,Deandre Ayton,1610612756,PHX,67,2035,522,887,0.589,7,24,0.292,152,200,0.76,172,495,667,115,37,53,120,190,1203,1542,0.96,0.31,2022-23
1630567,68,Scottie Barnes,1610612761,TOR,77,2678,463,1016,0.456,63,224,0.281,190,246,0.772,179,333,512,371,83,61,154,170,1179,1443,2.41,0.54,2022-23
1628991,69,Jaren Jackson Jr.,1610612763,MEM,63,1788,416,822,0.506,100,282,0.355,241,306,0.788,108,318,426,60,65,189,107,227,1173,1335,0.56,0.61,2022-23
203078,70,Bradley Beal,1610612764,WAS,50,1673,444,878,0.506,80,219,0.365,192,228,0.842,41,155,196,271,45,33,145,107,1160,1090,1.87,0.31,2022-23
1630169,70,Tyrese Haliburton,1610612754,IND,56,1883,412,841,0.49,161,402,0.4,175,201,0.871,33,172,205,585,91,25,141,69,1160,1470,4.15,0.65,2022-23
201566,72,Russell Westbrook,1610612746,LAC,73,2126,432,991,0.436,89,286,0.311,206,314,0.656,89,334,423,551,76,33,255,162,1159,1320,2.16,0.3,2022-23
1629018,73,Gary Trent Jr.,1610612761,TOR,66,2118,405,935,0.433,166,450,0.369,172,205,0.839,30,143,173,106,104,14,55,102,1148,927,1.93,1.89,2022-23
1630530,73,Trey Murphy III,1610612740,NOP,79,2448,387,800,0.484,202,497,0.406,172,190,0.905,59,222,281,112,89,43,61,155,1148,1181,1.84,1.46,2022-23
1629023,75,P.J. Washington,1610612766,CHA,73,2380,434,978,0.444,149,428,0.348,127,174,0.73,73,285,358,175,66,79,110,193,1144,1121,1.59,0.6,2022-23
1628989,76,Kevin Huerter,1610612758,SAC,75,2203,420,866,0.485,205,510,0.402,95,131,0.725,42,209,251,221,80,24,97,181,1140,1137,2.28,0.83,2022-23
1629645,77,Kevin Porter Jr.,1610612745,HOU,59,2024,391,884,0.442,141,385,0.366,207,264,0.784,76,238,314,338,82,17,188,156,1130,1143,1.8,0.44,2022-23
1628384,78,OG Anunoby,1610612761,TOR,67,2386,421,885,0.476,142,367,0.387,140,167,0.838,95,237,332,131,128,50,132,200,1124,1142,0.99,0.97,2022-23
202685,79,Jonas Valančiūnas,1610612740,NOP,79,1968,446,816,0.547,38,109,0.349,185,224,0.826,225,579,804,140,20,52,159,245,1115,1563,0.88,0.13,2022-23
1626174,80,Christian Wood,1610612742,DAL,67,1738,396,769,0.515,105,279,0.376,217,281,0.772,87,404,491,121,30,72,121,169,1114,1270,1.0,0.25,2022-23
1626167,81,Myles Turner,1610612754,IND,62,1825,402,733,0.548,93,249,0.373,216,276,0.783,88,378,466,89,36,140,103,215,1113,1350,0.86,0.35,2022-23
1627742,82,Brandon Ingram,1610612740,NOP,45,1538,404,835,0.484,64,164,0.39,240,272,0.882,23,223,246,262,32,19,148,116,1112,1060,1.77,0.22,2022-23
203932,83,Aaron Gordon,1610612743,DEN,68,2055,429,761,0.564,60,173,0.347,191,314,0.608,164,282,446,203,54,51,98,129,1109,1310,2.07,0.55,2022-23
1630578,83,Alperen Sengun,1610612745,HOU,75,2171,442,799,0.553,19,57,0.333,206,288,0.715,242,436,678,291,70,70,193,258,1109,1586,1.51,0.36,2022-23
202699,85,Tobias Harris,1610612755,PHI,74,2436,423,845,0.501,126,324,0.389,113,129,0.876,67,357,424,186,68,40,89,149,1085,1276,2.09,0.76,2022-23
1629008,86,Michael Porter Jr.,1610612743,DEN,62,1798,398,817,0.487,188,454,0.414,96,120,0.8,64,277,341,65,37,29,68,119,1080,1041,0.96,0.54,2022-23
1630180,87,Saddiq Bey,1610612737,ATL,77,2129,353,836,0.422,151,418,0.361,205,238,0.861,98,264,362,118,70,13,71,123,1062,1038,1.66,0.99,2022-23
1631114,88,Jalen Williams,1610612760,OKC,75,2276,414,794,0.521,73,205,0.356,155,191,0.812,84,253,337,248,103,35,123,191,1056,1240,2.02,0.84,2022-23
1628415,89,Dillon Brooks,1610612763,MEM,73,2214,392,991,0.396,143,439,0.326,120,154,0.779,45,199,244,189,65,16,104,240,1047,824,1.82,0.63,2022-23
1628370,90,Malik Monk,1610612758,SAC,77,1719,357,796,0.448,143,398,0.359,184,207,0.889,32,171,203,298,49,20,146,125,1041,1003,2.04,0.34,2022-23
1630231,91,KJ Martin,1610612745,HOU,82,2292,410,720,0.569,68,216,0.315,151,222,0.68,126,326,452,123,41,30,91,147,1039,1213,1.35,0.45,2022-23
1629631,92,De'Andre Hunter,1610612737,ATL,67,2126,379,822,0.461,100,286,0.35,171,207,0.826,46,238,284,94,35,17,82,199,1029,898,1.15,0.43,2022-23
1627736,93,Malik Beasley,1610612747,LAL,81,2093,370,937,0.395,235,658,0.357,50,65,0.769,35,248,283,124,65,9,90,107,1025,834,1.38,0.72,2022-23
1626181,94,Norman Powell,1610612746,LAC,60,1567,340,710,0.479,114,287,0.397,225,277,0.812,24,151,175,109,50,18,101,125,1019,848,1.08,0.5,2022-23
203501,94,Tim Hardaway Jr.,1610612742,DAL,71,2152,340,847,0.401,212,550,0.385,127,165,0.77,21,230,251,129,49,12,60,120,1019,855,2.15,0.82,2022-23
1628401,96,Derrick White,1610612738,BOS,82,2319,350,758,0.462,149,391,0.381,168,192,0.875,52,241,293,321,54,76,95,177,1017,1234,3.38,0.57,2022-23
1629652,97,Luguentz Dort,1610612760,OKC,74,2272,339,873,0.388,135,409,0.33,200,259,0.772,128,216,344,154,75,23,92,243,1013,924,1.67,0.82,2022-23
1631095,98,Jabari Smith Jr.,1610612745,HOU,79,2451,364,892,0.408,120,391,0.307,162,206,0.786,122,447,569,101,43,74,104,227,1010,1121,0.97,0.41,2022-23
1627763,99,Malcolm Brogdon,1610612738,BOS,67,1744,354,732,0.484,132,297,0.444,160,184,0.87,42,238,280,248,45,18,98,109,1000,1091,2.53,0.46,2022-23
1626171,100,Bobby Portis,1610612749,MIL,70,1818,398,803,0.496,95,257,0.37,96,125,0.768,154,518,672,105,29,16,81,115,987,1294,1.3,0.36,2022-23
1631099,101,Keegan Murray,1610612758,SAC,80,2382,354,782,0.453,206,501,0.411,62,81,0.765,89,282,371,98,61,42,60,162,976,1041,1.63,1.02,2022-23
1626162,102,Kelly Oubre Jr.,1610612766,CHA,48,1548,353,819,0.431,108,339,0.319,158,208,0.76,65,184,249,54,68,18,64,141,972,781,0.84,1.06,2022-23
1628386,103,Jarrett Allen,1610612739,CLE,68,2220,403,626,0.644,1,10,0.1,162,221,0.733,221,445,666,113,54,84,93,153,969,1511,1.22,0.58,2022-23
1629651,104,Nic Claxton,1610612751,BKN,76,2271,414,587,0.705,0,2,0.0,133,246,0.541,184,518,702,144,65,189,96,212,961,1679,1.5,0.68,2022-23
1630183,105,Jaden McDaniels,1610612750,MIN,79,2417,370,716,0.517,107,269,0.398,106,144,0.736,92,215,307,148,74,76,112,272,953,1062,1.32,0.66,2022-23
203497,106,Rudy Gobert,1610612750,MIN,70,2148,360,546,0.659,0,3,0.0,219,340,0.644,231,583,814,87,56,95,122,210,939,1562,0.71,0.46,2022-23
1628381,107,John Collins,1610612737,ATL,71,2130,359,707,0.508,70,240,0.292,143,178,0.803,77,385,462,85,42,73,79,220,931,1131,1.08,0.53,2022-23
1628971,108,Bruce Brown,1610612743,DEN,80,2279,358,741,0.483,91,254,0.358,116,153,0.758,63,265,328,268,87,51,123,190,923,1114,2.18,0.71,2022-23
1629622,108,Max Strus,1610612748,MIA,80,2272,324,790,0.41,197,563,0.35,78,89,0.876,49,209,258,171,42,12,70,166,923,859,2.44,0.6,2022-23
1627747,110,Caris LeVert,1610612739,CLE,74,2237,320,742,0.431,127,324,0.392,130,180,0.722,53,229,282,287,72,24,116,170,897,974,2.47,0.62,2022-23
1627751,110,Jakob Poeltl,1610612761,TOR,72,1906,389,618,0.629,0,1,0.0,119,201,0.592,236,417,653,197,66,86,125,195,897,1463,1.58,0.53,2022-23
1630200,112,Tre Jones,1610612759,SAS,68,1984,341,743,0.459,45,158,0.285,148,172,0.86,56,189,245,448,89,9,110,98,875,1130,4.07,0.81,2022-23
1628976,113,Wendell Carter Jr.,1610612753,ORL,57,1690,322,613,0.525,80,225,0.356,144,195,0.738,120,377,497,132,30,33,106,159,868,1112,1.25,0.28,2022-23
203486,114,Mason Plumlee,1610612746,LAC,79,2053,329,484,0.68,0,0,0.0,199,313,0.636,229,471,700,245,46,47,117,217,857,1509,2.09,0.39,2022-23
201569,115,Eric Gordon,1610612746,LAC,69,1966,291,653,0.446,132,356,0.371,142,173,0.821,16,118,134,183,43,25,104,78,856,744,1.76,0.41,2022-23
203482,116,Kelly Olynyk,1610612762,UTA,68,1942,278,557,0.499,93,236,0.394,198,232,0.853,82,338,420,252,60,37,168,232,847,1135,1.5,0.36,2022-23
1630163,117,LaMelo Ball,1610612766,CHA,36,1268,296,721,0.411,144,383,0.376,102,122,0.836,42,189,231,304,46,11,129,118,838,856,2.36,0.36,2022-23
1628365,118,Markelle Fultz,1610612753,ORL,60,1778,349,679,0.514,27,87,0.31,112,143,0.783,69,165,234,341,87,26,139,131,837,1025,2.45,0.63,2022-23
1630559,119,Austin Reaves,1610612747,LAL,64,1843,259,490,0.529,86,216,0.398,229,265,0.864,33,160,193,215,33,19,99,108,833,927,2.17,0.33,2022-23
1630172,119,Patrick Williams,1610612741,CHI,82,2323,314,677,0.464,115,277,0.415,90,105,0.857,78,249,327,100,72,70,101,147,833,923,0.99,0.71,2022-23
203471,121,Dennis Schröder,1610612747,LAL,67,1986,270,650,0.415,74,225,0.329,216,252,0.857,21,144,165,298,50,10,112,145,830,825,2.66,0.45,2022-23
1626145,122,Tyus Jones,1610612763,MEM,80,1939,311,710,0.438,121,326,0.371,80,100,0.8,28,172,200,417,83,6,74,32,823,1036,5.64,1.12,2022-23
203484,123,Kentavious Caldwell-Pope,1610612743,DEN,76,2381,292,632,0.462,135,319,0.423,103,125,0.824,35,173,208,183,112,35,86,145,822,912,2.13,1.3,2022-23
1630557,124,Corey Kispert,1610612764,WAS,74,2093,291,585,0.497,163,384,0.424,75,88,0.852,33,174,207,87,32,9,55,97,820,793,1.58,0.58,2022-23
101108,125,Chris Paul,1610612756,PHX,59,1889,294,668,0.44,98,261,0.375,133,160,0.831,27,224,251,524,91,22,114,126,819,1192,4.6,0.8,2022-23
1627826,126,Ivica Zubac,1610612746,LAC,76,2169,326,514,0.634,0,2,0.0,166,238,0.697,236,520,756,77,29,98,117,219,818,1401,0.66,0.25,2022-23
1629656,127,Quentin Grimes,1610612752,NYK,71,2121,282,602,0.468,157,407,0.386,78,98,0.796,49,180,229,150,47,26,69,177,799,842,2.17,0.68,2022-23
201144,128,Mike Conley,1610612750,MIN,67,2028,261,610,0.428,135,351,0.385,141,169,0.834,33,149,182,450,73,14,103,139,798,1037,4.37,0.71,2022-23
1630168,129,Onyeka Okongwu,1610612737,ATL,80,1849,317,497,0.638,4,13,0.308,153,196,0.781,217,359,576,81,56,107,81,251,791,1307,1.0,0.69,2022-23
1631101,130,Shaedon Sharpe,1610612757,POR,80,1779,306,648,0.472,102,283,0.36,75,105,0.714,63,173,236,94,38,24,83,136,789,726,1.13,0.46,2022-23
1630165,131,Killian Hayes,1610612765,DET,76,2154,307,815,0.377,80,286,0.28,92,112,0.821,28,193,221,470,104,28,173,219,786,908,2.72,0.6,2022-23
1630175,132,Cole Anthony,1610612753,ORL,60,1552,277,610,0.454,75,206,0.364,152,170,0.894,47,241,288,235,37,31,91,158,781,930,2.58,0.41,2022-23
1629675,132,Naz Reid,1610612750,MIN,68,1251,310,577,0.537,75,217,0.346,86,127,0.677,73,260,333,77,42,53,92,176,781,886,0.84,0.46,2022-23
1629001,134,De'Anthony Melton,1610612755,PHI,77,2150,277,651,0.425,157,403,0.39,69,87,0.793,69,243,312,197,126,41,102,191,780,962,1.93,1.24,2022-23
203991,135,Clint Capela,1610612737,ATL,65,1730,350,536,0.653,0,1,0.0,79,131,0.603,258,459,717,58,45,79,54,139,779,1386,1.07,0.83,2022-23
1631106,136,Tari Eason,1610612745,HOU,82,1767,296,660,0.448,59,172,0.343,109,145,0.752,195,301,496,88,96,47,101,189,760,986,0.87,0.95,2022-23
203992,137,Bogdan Bogdanović,1610612737,ATL,54,1509,273,611,0.447,146,360,0.406,64,77,0.831,23,142,165,150,43,18,65,86,756,716,2.31,0.66,2022-23
1629667,138,Jalen McDaniels,1610612755,PHI,80,1913,281,617,0.455,77,232,0.332,116,138,0.841,63,283,346,130,83,34,93,209,755,897,1.4,0.89,2022-23
1629627,139,Zion Williamson,1610612740,NOP,29,956,285,469,0.608,7,19,0.368,177,248,0.714,58,144,202,133,32,16,99,65,754,783,1.34,0.32,2022-23
1628960,140,Grayson Allen,1610612749,MIL,72,1972,245,557,0.44,146,366,0.399,114,126,0.905,61,176,237,163,62,14,72,117,750,830,2.26,0.86,2022-23
1628404,141,Josh Hart,1610612752,NYK,76,2454,275,520,0.529,61,164,0.372,132,176,0.75,142,451,593,290,88,21,117,195,743,1329,2.48,0.75,2022-23
1630174,142,Aaron Nesmith,1610612754,IND,73,1816,252,590,0.427,115,314,0.366,119,142,0.838,62,215,277,98,55,34,75,235,738,766,1.31,0.73,2022-23
202330,143,Gordon Hayward,1610612766,CHA,50,1577,276,581,0.475,52,160,0.325,129,159,0.811,33,182,215,206,42,12,99,70,733,774,2.08,0.42,2022-23
1628380,144,Zach Collins,1610612759,SAS,63,1441,284,548,0.518,55,147,0.374,108,142,0.761,116,286,402,180,37,49,129,199,731,972,1.4,0.29,2022-23
202694,145,Marcus Morris Sr.,1610612746,LAC,65,1825,274,643,0.426,112,308,0.364,68,87,0.782,29,229,258,114,42,21,56,136,728,719,2.04,0.75,2022-23
1629632,146,Coby White,1610612741,CHI,74,1730,263,594,0.443,128,344,0.372,61,70,0.871,16,196,212,204,54,6,74,122,715,777,2.76,0.73,2022-23
1629611,147,Terance Mann,1610612746,LAC,81,1872,272,524,0.519,77,198,0.389,92,118,0.78,77,199,276,184,42,22,80,149,713,879,2.3,0.53,2022-23
1628449,148,Chris Boucher,1610612761,TOR,76,1523,261,529,0.493,62,189,0.328,128,168,0.762,157,264,421,29,47,64,41,143,712,924,0.71,1.15,2022-23
1629614,149,Andrew Nembhard,1610612754,IND,75,2074,284,644,0.441,92,263,0.35,49,62,0.79,35,164,199,341,70,13,126,179,709,833,2.71,0.56,2022-23
1629060,150,Rui Hachimura,1610612747,LAL,63,1466,284,584,0.486,51,160,0.319,88,119,0.739,53,230,283,58,19,26,53,72,707,709,1.09,0.36,2022-23
1629655,151,Daniel Gafford,1610612764,WAS,78,1604,289,395,0.732,0,0,0.0,127,187,0.679,163,270,433,84,33,99,85,187,705,1103,0.99,0.39,2022-23
1629669,152,Jaylen Nowell,1610612750,MIN,65,1252,280,625,0.448,67,232,0.289,77,99,0.778,36,134,170,132,42,5,65,101,704,621,2.03,0.65,2022-23
1630170,153,Devin Vassell,1610612759,SAS,38,1178,261,595,0.439,103,266,0.387,78,100,0.78,8,140,148,136,43,17,57,57,703,634,2.39,0.75,2022-23
203935,153,Marcus Smart,1610612738,BOS,61,1957,250,602,0.415,115,342,0.336,88,118,0.746,46,145,191,382,93,23,143,172,703,867,2.67,0.65,2022-23
1630230,155,Naji Marshall,1610612740,NOP,77,1792,247,571,0.433,66,218,0.303,138,175,0.789,48,231,279,189,54,14,97,113,698,776,1.95,0.56,2022-23
1629659,155,Talen Horton-Tucker,1610612762,UTA,65,1313,257,613,0.419,58,203,0.286,126,168,0.75,41,169,210,246,41,29,126,108,698,700,1.95,0.33,2022-23
1630166,157,Deni Avdija,1610612764,WAS,76,2020,253,579,0.437,69,232,0.297,122,165,0.739,74,413,487,211,65,29,123,209,697,997,1.72,0.53,2022-23
1630583,158,Santi Aldama,1610612763,MEM,77,1682,247,525,0.47,94,266,0.353,108,144,0.75,85,286,371,97,45,48,60,143,696,883,1.62,0.75,2022-23
203994,159,Jusuf Nurkić,1610612757,POR,52,1391,262,505,0.519,43,119,0.361,127,192,0.661,114,357,471,149,43,44,119,185,694,974,1.25,0.36,2022-23
202704,160,Reggie Jackson,1610612743,DEN,68,1657,263,640,0.411,96,288,0.333,71,78,0.91,25,119,144,233,47,6,115,114,693,624,2.03,0.41,2022-23
1630198,161,Isaiah Joe,1610612760,OKC,73,1395,224,508,0.441,161,394,0.409,82,100,0.82,27,148,175,88,48,8,39,105,691,669,2.26,1.23,2022-23
1630245,162,Ayo Dosunmu,1610612741,CHI,80,2098,281,570,0.493,59,189,0.312,66,82,0.805,45,175,220,206,62,26,99,182,687,797,2.08,0.63,2022-23
1629012,163,Collin Sexton,1610612762,UTA,48,1145,237,468,0.506,48,122,0.393,163,199,0.819,37,68,105,138,27,6,85,112,685,609,1.62,0.32,2022-23
1628997,164,Caleb Martin,1610612748,MIA,71,2078,254,548,0.464,84,236,0.356,91,113,0.805,88,256,344,117,71,31,78,145,683,852,1.5,0.91,2022-23
1631117,165,Walker Kessler,1610612762,UTA,74,1703,298,414,0.72,1,3,0.333,82,159,0.516,231,389,620,69,26,173,58,169,679,1316,1.19,0.45,2022-23
1628978,166,Donte DiVincenzo,1610612744,GSW,72,1894,235,540,0.435,150,378,0.397,58,71,0.817,80,245,325,252,97,10,112,133,678,932,2.25,0.87,2022-23
1631103,167,Malaki Branham,1610612759,SAS,66,1550,269,611,0.44,77,255,0.302,58,70,0.829,28,153,181,127,33,7,76,115,673,591,1.67,0.43,2022-23
1626220,168,Royce O'Neale,1610612751,BKN,76,2409,229,593,0.386,163,419,0.389,50,69,0.725,55,329,384,283,65,49,114,239,671,955,2.48,0.57,2022-23
1626224,169,Cedi Osman,1610612739,CLE,77,1548,239,530,0.451,116,312,0.372,75,108,0.694,25,151,176,115,35,11,52,122,669,630,2.21,0.67,2022-23
1630228,170,Jonathan Kuminga,1610612744,GSW,67,1394,261,497,0.525,54,146,0.37,90,138,0.652,70,161,231,125,41,31,95,157,666,715,1.32,0.43,2022-23
1630538,171,Bones Hyland,1610612746,LAC,56,1086,228,571,0.399,117,315,0.371,86,102,0.843,20,115,135,172,39,15,82,96,659,579,2.1,0.48,2022-23
203926,172,Doug McDermott,1610612759,SAS,64,1314,239,523,0.457,123,298,0.413,53,70,0.757,23,115,138,91,13,6,58,118,654,543,1.57,0.22,2022-23
1626196,172,Josh Richardson,1610612740,NOP,65,1530,239,554,0.431,107,293,0.365,69,81,0.852,41,134,175,174,69,20,86,117,654,679,2.02,0.8,2022-23
1629022,172,Lonnie Walker IV,1610612747,LAL,56,1297,236,527,0.448,91,249,0.365,91,106,0.858,14,95,109,64,30,17,46,71,654,522,1.39,0.65,2022-23
202692,175,Alec Burks,1610612765,DET,51,1122,200,459,0.436,99,239,0.414,153,188,0.814,19,139,158,114,38,8,58,98,652,618,1.97,0.66,2022-23
1628975,176,Jevon Carter,1610612749,MIL,81,1812,239,565,0.423,142,337,0.421,31,38,0.816,35,167,202,197,66,29,78,158,651,734,2.53,0.85,2022-23
1629661,177,Cameron Johnson,1610612751,BKN,42,1200,223,474,0.47,103,255,0.404,101,120,0.842,34,151,185,78,50,14,37,83,650,670,2.11,1.35,2022-23
204456,177,T.J. McConnell,1610612754,IND,75,1526,283,521,0.543,26,59,0.441,58,68,0.853,45,189,234,397,81,10,143,105,650,981,2.78,0.57,2022-23
1630529,179,Herbert Jones,1610612740,NOP,66,1951,235,501,0.469,56,167,0.335,123,161,0.764,97,172,269,162,103,42,88,208,649,833,1.84,1.17,2022-23
1628966,180,Keita Bates-Diop,1610612759,SAS,67,1453,236,465,0.508,56,142,0.394,119,150,0.793,65,183,248,103,46,20,56,63,647,748,1.84,0.82,2022-23
203937,180,Kyle Anderson,1610612750,MIN,69,1957,252,495,0.509,43,105,0.41,100,136,0.735,66,302,368,335,78,63,103,146,647,1109,3.25,0.76,2022-23
1630188,182,Jalen Smith,1610612754,IND,68,1279,242,508,0.476,54,191,0.283,104,137,0.759,129,265,394,66,21,60,72,153,642,812,0.92,0.29,2022-23
1629216,183,Gabe Vincent,1610612748,MIA,68,1759,228,567,0.402,117,350,0.334,68,78,0.872,27,118,145,167,62,5,92,154,641,579,1.82,0.67,2022-23
1629684,183,Grant Williams,1610612738,BOS,79,2045,216,476,0.454,115,291,0.395,94,122,0.77,87,276,363,131,41,31,82,192,641,837,1.6,0.5,2022-23
1631100,185,AJ Griffin,1610612737,ATL,72,1401,248,533,0.465,101,259,0.39,42,47,0.894,37,116,153,73,42,12,42,87,639,587,1.74,1.0,2022-23
1627777,186,Georges Niang,1610612755,PHI,78,1512,222,502,0.442,154,384,0.401,39,45,0.867,19,166,185,77,30,14,54,145,637,603,1.43,0.56,2022-23
1629003,186,Shake Milton,1610612755,PHI,76,1567,241,503,0.479,56,148,0.378,99,116,0.853,39,152,191,240,25,13,94,123,637,733,2.55,0.27,2022-23
1628420,188,Monte Morris,1610612764,WAS,62,1696,247,515,0.48,78,204,0.382,64,77,0.831,26,184,210,326,43,13,60,75,636,887,5.43,0.72,2022-23
1629626,189,Bol Bol,1610612753,ORL,70,1505,261,478,0.546,30,113,0.265,82,108,0.759,69,336,405,69,30,85,112,92,634,868,0.62,0.27,2022-23
203952,190,Andrew Wiggins,1610612744,GSW,37,1190,250,529,0.473,89,225,0.396,44,72,0.611,61,125,186,85,45,28,48,107,633,622,1.77,0.94,2022-23
1629020,191,Jarred Vanderbilt,1610612747,LAL,78,1880,247,451,0.548,29,90,0.322,96,139,0.691,170,412,582,184,83,21,97,190,619,1145,1.9,0.86,2022-23
203110,192,Draymond Green,1610612744,GSW,73,2298,250,474,0.527,40,131,0.305,77,108,0.713,66,459,525,500,74,60,204,229,617,1317,2.45,0.36,2022-23
201143,193,Al Horford,1610612738,BOS,63,1921,228,479,0.476,145,325,0.446,15,21,0.714,73,317,390,189,30,61,37,121,616,992,5.11,0.81,2022-23
200768,194,Kyle Lowry,1610612748,MIA,55,1718,196,485,0.404,107,310,0.345,116,135,0.859,43,182,225,281,57,21,103,143,615,788,2.73,0.55,2022-23
1631110,195,Jeremy Sochan,1610612759,SAS,56,1458,250,552,0.453,33,134,0.246,81,116,0.698,95,200,295,142,43,23,97,138,614,683,1.46,0.44,2022-23
1631105,196,Jalen Duren,1610612765,DET,67,1670,258,398,0.648,0,2,0.0,96,157,0.611,229,366,595,75,44,59,92,182,612,1092,0.82,0.48,2022-23
1630560,197,Cam Thomas,1610612751,BKN,57,948,201,456,0.441,51,133,0.383,151,174,0.868,8,87,95,78,20,7,63,55,604,463,1.24,0.32,2022-23
1627814,197,Damion Lee,1610612756,PHX,74,1506,200,452,0.442,110,247,0.445,94,104,0.904,39,186,225,99,30,7,78,118,604,625,1.27,0.39,2022-23
1626157,199,Karl-Anthony Towns,1610612750,MIN,29,957,212,428,0.495,60,164,0.366,118,135,0.874,48,188,236,140,20,17,86,111,602,696,1.63,0.23,2022-23
1629021,200,Moritz Wagner,1610612753,ORL,57,1109,198,396,0.5,51,163,0.313,153,182,0.841,69,190,259,84,37,13,68,136,600,698,1.24,0.54,2022-23
1628470,201,Torrey Craig,1610612756,PHX,79,1948,228,500,0.456,100,253,0.395,32,45,0.711,145,281,426,117,50,62,73,179,588,885,1.6,0.69,2022-23
1628418,202,Thomas Bryant,1610612743,DEN,59,1082,230,369,0.623,26,59,0.441,93,126,0.738,86,253,339,31,16,30,38,102,579,785,0.82,0.42,2022-23
1626172,203,Kevon Looney,1610612744,GSW,82,1958,242,384,0.63,0,1,0.0,94,155,0.606,274,486,760,207,52,50,45,225,578,1399,4.6,1.16,2022-23
1630191,204,Isaiah Stewart,1610612765,DET,50,1414,195,441,0.442,67,205,0.327,110,149,0.738,115,288,403,70,20,34,68,133,567,741,1.03,0.29,2022-23
203925,205,Joe Harris,1610612751,BKN,74,1527,201,440,0.457,142,333,0.426,18,28,0.643,23,141,164,101,34,13,41,140,562,584,2.46,0.83,2022-23
1626168,205,Trey Lyles,1610612758,SAC,74,1247,187,408,0.458,87,240,0.363,101,124,0.815,68,232,300,66,27,31,64,97,562,678,1.03,0.42,2022-23
203493,207,Reggie Bullock Jr.,1610612742,DAL,78,2365,192,470,0.409,151,397,0.38,26,37,0.703,32,251,283,108,54,13,36,166,561,694,3.0,1.5,2022-23
203552,207,Seth Curry,1610612751,BKN,61,1211,208,449,0.463,94,232,0.405,51,55,0.927,13,87,100,99,36,7,51,96,561,507,1.94,0.71,2022-23
1629634,209,Brandon Clarke,1610612763,MEM,56,1090,229,349,0.656,1,6,0.167,99,137,0.723,92,218,310,72,34,37,55,131,558,798,1.31,0.62,2022-23
1627827,210,Dorian Finney-Smith,1610612751,BKN,66,2009,196,501,0.391,114,338,0.337,45,59,0.763,114,202,316,100,55,36,62,144,551,677,1.61,0.89,2022-23
1630631,211,Jose Alvarado,1610612740,NOP,61,1310,201,489,0.411,83,247,0.336,65,80,0.813,28,113,141,186,67,10,81,125,550,570,2.3,0.83,2022-23
1630182,212,Josh Green,1610612742,DAL,60,1539,205,382,0.537,68,169,0.402,68,94,0.723,55,127,182,103,42,5,72,156,546,603,1.43,0.58,2022-23
1628379,212,Luke Kennard,1610612763,MEM,59,1315,188,382,0.492,133,269,0.494,37,39,0.949,15,143,158,91,32,5,46,82,546,590,1.98,0.7,2022-23
1629670,214,Jordan Nwora,1610612754,IND,62,1188,194,445,0.436,86,211,0.408,68,86,0.791,51,178,229,88,24,14,66,74,542,562,1.33,0.36,2022-23
1628972,215,Troy Brown Jr.,1610612747,LAL,76,1860,200,465,0.43,107,281,0.381,34,39,0.872,62,246,308,95,59,16,49,120,541,700,1.94,1.2,2022-23
1628984,216,Devonte' Graham,1610612759,SAS,73,1338,161,431,0.374,119,338,0.352,98,131,0.748,19,103,122,196,45,16,53,79,539,562,3.7,0.85,2022-23
1630208,217,Nick Richards,1610612766,CHA,65,1218,197,313,0.629,1,1,1.0,137,183,0.749,147,269,416,38,11,71,59,154,532,847,0.64,0.19,2022-23
1629006,218,Josh Okogie,1610612756,PHX,72,1351,162,414,0.391,66,197,0.335,139,192,0.724,109,142,251,105,56,34,63,114,529,607,1.67,0.89,2022-23
1630591,219,Jalen Suggs,1610612753,ORL,53,1246,186,444,0.419,66,202,0.327,86,119,0.723,55,106,161,155,67,27,94,120,524,549,1.65,0.71,2022-23
1628977,220,Hamidou Diallo,1610612765,DET,56,996,215,375,0.573,5,21,0.238,87,148,0.588,57,137,194,55,53,16,71,124,522,548,0.78,0.75,2022-23
203082,220,Terrence Ross,1610612756,PHX,63,1331,200,465,0.43,95,258,0.368,27,34,0.794,22,132,154,95,35,10,43,97,522,501,2.21,0.81,2022-23
1629234,222,Drew Eubanks,1610612757,POR,78,1584,214,334,0.641,7,18,0.389,83,125,0.664,132,286,418,103,40,102,67,169,518,952,1.54,0.6,2022-23
1630544,223,Tre Mann,1610612760,OKC,67,1183,197,501,0.393,81,257,0.315,42,55,0.764,27,128,155,120,40,11,62,99,517,464,1.94,0.65,2022-23
1630573,224,Sam Hauser,1610612738,BOS,80,1290,180,396,0.455,140,335,0.418,12,17,0.706,35,169,204,71,29,21,30,99,512,586,2.37,0.97,2022-23
201567,225,Kevin Love,1610612748,MIA,62,1239,165,424,0.389,99,296,0.334,80,91,0.879,59,340,399,116,16,12,70,97,509,712,1.66,0.23,2022-23
1630173,226,Precious Achiuwa,1610612761,TOR,55,1141,196,404,0.485,29,108,0.269,87,124,0.702,100,228,328,50,31,30,59,102,508,643,0.85,0.53,2022-23
203939,227,Dwight Powell,1610612742,DAL,76,1458,197,269,0.732,0,5,0.0,112,168,0.667,149,165,314,69,48,26,65,209,506,770,1.06,0.74,2022-23
1628963,228,Marvin Bagley III,1610612765,DET,42,990,202,382,0.529,19,66,0.288,81,108,0.75,94,175,269,36,19,30,46,81,504,605,0.78,0.41,2022-23
203114,229,Khris Middleton,1610612749,MIL,33,801,177,406,0.436,51,162,0.315,92,102,0.902,28,112,140,163,23,5,71,68,497,518,2.3,0.32,2022-23
1630167,229,Obi Toppin,1610612752,NYK,67,1051,187,419,0.446,85,247,0.344,38,47,0.809,29,158,187,66,23,12,38,68,497,506,1.74,0.61,2022-23
1629134,231,Kendrick Nunn,1610612764,WAS,70,963,191,450,0.424,79,223,0.354,35,41,0.854,15,94,109,90,28,7,66,66,496,399,1.36,0.42,2022-23
1626166,232,Cameron Payne,1610612756,PHX,48,968,188,453,0.415,68,185,0.368,49,64,0.766,12,94,106,214,33,8,81,88,493,493,2.64,0.41,2022-23
1627752,232,Taurean Prince,1610612750,MIN,54,1193,177,379,0.467,74,194,0.381,65,77,0.844,15,117,132,84,28,15,69,123,493,469,1.22,0.41,2022-23
1630171,234,Isaac Okoro,1610612739,CLE,76,1653,175,354,0.494,62,171,0.363,78,103,0.757,52,135,187,87,56,30,42,158,490,604,2.07,1.33,2022-23
1630598,235,Aaron Wiggins,1610612760,OKC,70,1297,186,363,0.512,48,122,0.393,59,71,0.831,68,142,210,80,39,15,55,110,479,579,1.46,0.71,2022-23
201587,236,Nicolas Batum,1610612746,LAC,78,1710,160,381,0.42,124,317,0.391,34,48,0.708,62,237,299,121,54,44,50,149,478,711,2.42,1.08,2022-23
1628372,237,Dennis Smith Jr.,1610612766,CHA,54,1390,186,452,0.412,24,111,0.216,78,106,0.736,27,140,167,261,75,25,82,122,474,626,3.18,0.92,2022-23
1630534,238,Ochai Agbaji,1610612762,UTA,59,1209,165,386,0.427,81,228,0.355,56,69,0.812,43,78,121,67,16,15,41,99,467,411,1.63,0.39,2022-23
1631223,239,David Roddy,1610612763,MEM,70,1259,180,420,0.429,65,212,0.307,41,65,0.631,50,143,193,59,29,19,57,107,466,445,1.04,0.51,2022-23
1626192,239,Pat Connaughton,1610612749,MIL,61,1443,165,421,0.392,109,322,0.339,27,41,0.659,50,233,283,77,37,11,33,69,466,571,2.33,1.12,2022-23
1630570,241,Trendon Watford,1610612757,POR,62,1182,181,323,0.56,25,64,0.391,72,100,0.72,42,196,238,130,32,12,71,118,459,630,1.83,0.45,2022-23
1629111,242,Jock Landale,1610612756,PHX,69,979,178,337,0.528,21,84,0.25,79,105,0.752,119,161,280,68,16,30,59,126,456,606,1.15,0.27,2022-23
1630543,243,Isaiah Jackson,1610612754,IND,63,1042,179,318,0.563,2,14,0.143,95,146,0.651,113,169,282,51,31,93,51,154,455,671,1.0,0.61,2022-23
1630558,244,Davion Mitchell,1610612758,SAC,80,1447,181,399,0.454,63,197,0.32,25,31,0.806,16,89,105,185,44,15,62,112,450,513,2.98,0.71,2022-23
1630164,244,James Wiseman,1610612765,DET,45,867,189,339,0.558,4,20,0.2,68,97,0.701,73,194,267,30,7,27,51,108,450,551,0.59,0.14,2022-23
203506,246,Victor Oladipo,1610612748,MIA,42,1106,160,403,0.397,70,212,0.33,59,79,0.747,16,112,128,146,57,12,87,99,449,442,1.68,0.66,2022-23
1626204,247,Larry Nance Jr.,1610612740,NOP,65,1381,186,305,0.61,14,42,0.333,55,79,0.696,106,248,354,119,56,37,42,133,441,822,2.83,1.33,2022-23
201145,248,Jeff Green,1610612743,DEN,56,1091,160,328,0.488,30,104,0.288,87,117,0.744,38,106,144,69,18,17,46,99,437,441,1.5,0.39,2022-23
1629011,249,Mitchell Robinson,1610612752,NYK,59,1589,188,280,0.671,0,0,0.0,59,122,0.484,267,288,555,53,56,109,41,160,435,1012,1.29,1.37,2022-23
1629056,250,Terence Davis,1610612758,SAC,64,841,154,364,0.423,89,243,0.366,34,43,0.791,20,119,139,67,43,12,53,104,431,420,1.26,0.81,2022-23
1630214,251,Xavier Tillman,1610612763,MEM,61,1180,188,306,0.614,4,15,0.267,49,89,0.551,121,186,307,96,58,29,44,97,429,717,2.18,1.32,2022-23
202709,252,Cory Joseph,1610612765,DET,62,1227,150,351,0.427,70,180,0.389,57,72,0.792,21,85,106,217,34,9,56,88,427,521,3.88,0.61,2022-23
1629026,253,Kenrich Williams,1610612760,OKC,53,1206,179,346,0.517,50,134,0.373,17,39,0.436,97,164,261,105,45,14,32,112,425,629,3.28,1.41,2022-23
1630702,254,Jaden Hardy,1610612742,DAL,48,708,146,333,0.438,63,156,0.404,65,79,0.823,11,78,89,65,17,7,46,64,420,351,1.41,0.37,2022-23
1630237,255,Anthony Lamb,1610612744,GSW,62,1195,148,314,0.471,73,199,0.367,46,60,0.767,56,159,215,96,28,20,54,134,415,540,1.78,0.52,2022-23
1628995,255,Kevin Knox II,1610612757,POR,63,952,152,332,0.458,65,186,0.349,46,60,0.767,34,143,177,33,24,12,50,95,415,417,0.66,0.48,2022-23
201976,255,Patrick Beverley,1610612741,CHI,67,1817,144,360,0.4,80,239,0.335,47,65,0.723,44,203,247,194,63,41,60,187,415,666,3.23,1.05,2022-23
1630692,258,Jordan Goodwin,1610612764,WAS,62,1105,158,353,0.448,38,118,0.322,53,69,0.768,57,148,205,168,58,26,57,95,407,596,2.95,1.02,2022-23
1628392,259,Isaiah Hartenstein,1610612752,NYK,82,1628,175,327,0.535,8,37,0.216,48,71,0.676,209,327,536,102,53,64,66,213,406,920,1.55,0.8,2022-23
203083,260,Andre Drummond,1610612741,CHI,67,849,166,274,0.606,0,3,0.0,67,125,0.536,138,306,444,33,45,27,75,117,399,707,0.44,0.6,2022-23
1629052,261,Oshae Brissett,1610612754,IND,65,1083,123,319,0.386,48,155,0.31,104,145,0.717,62,156,218,44,33,13,34,79,398,435,1.29,0.97,2022-23
203914,262,Gary Harris,1610612753,ORL,48,1184,138,307,0.45,94,218,0.431,27,30,0.9,21,77,98,59,45,12,28,93,397,411,2.11,1.61,2022-23
1630552,263,Jalen Johnson,1610612737,ATL,70,1042,158,322,0.491,30,104,0.288,49,78,0.628,51,231,282,83,38,34,41,113,395,598,2.02,0.93,2022-23
1629629,264,Cam Reddish,1610612757,POR,40,990,139,312,0.446,45,144,0.313,64,75,0.853,18,70,88,57,39,14,47,72,387,354,1.21,0.83,2022-23
1631109,264,Mark Williams,1610612766,CHA,43,828,160,251,0.637,0,0,0.0,67,97,0.691,93,211,304,18,28,45,40,94,387,621,0.45,0.7,2022-23
202322,266,John Wall,1610612746,LAC,34,755,138,338,0.408,33,109,0.303,77,113,0.681,14,78,92,178,27,12,80,59,386,379,2.23,0.34,2022-23
203488,267,Mike Muscala,1610612738,BOS,63,945,131,292,0.449,81,207,0.391,40,52,0.769,37,166,203,50,15,24,23,98,383,479,2.17,0.65,2022-23
203115,268,Will Barton,1610612761,TOR,56,993,138,364,0.379,66,180,0.367,37,47,0.787,15,122,137,112,28,13,48,56,379,385,2.33,0.58,2022-23
1628410,269,Edmond Sumner,1610612751,BKN,53,736,124,269,0.461,31,87,0.356,99,108,0.917,13,66,79,68,31,10,50,83,378,362,1.36,0.62,2022-23
1627936,270,Alex Caruso,1610612741,CHI,67,1575,130,286,0.455,55,151,0.364,59,73,0.808,42,154,196,193,98,46,77,159,374,660,2.51,1.27,2022-23
1630528,271,Josh Christopher,1610612745,HOU,64,786,153,329,0.465,21,89,0.236,45,60,0.75,20,51,71,73,33,15,60,59,372,313,1.22,0.55,2022-23
1629117,271,Wenyen Gabriel,1610612747,LAL,68,1024,155,260,0.596,10,36,0.278,52,84,0.619,116,170,286,36,26,35,46,144,372,572,0.78,0.57,2022-23
1626153,273,Delon Wright,1610612764,WAS,50,1221,138,291,0.474,41,119,0.345,52,60,0.867,58,122,180,194,92,17,44,59,369,647,4.41,2.09,2022-23
203210,274,JaMychal Green,1610612744,GSW,57,797,136,252,0.54,42,111,0.378,52,67,0.776,72,133,205,51,25,23,52,105,366,487,0.98,0.48,2022-23
201609,275,Goran Dragic,1610612749,MIL,58,870,141,335,0.421,52,145,0.359,31,45,0.689,16,65,81,151,13,4,63,65,365,343,2.4,0.21,2022-23
1629723,276,John Konchar,1610612763,MEM,72,1494,138,320,0.431,60,177,0.339,28,36,0.778,64,246,310,100,77,25,37,112,364,649,2.7,2.08,2022-23
1629638,277,Nickeil Alexander-Walker,1610612750,MIN,59,884,131,295,0.444,61,159,0.384,40,60,0.667,15,86,101,108,32,21,55,88,363,386,1.96,0.58,2022-23
1630537,278,Chris Duarte,1610612754,IND,46,897,123,333,0.369,55,174,0.316,61,72,0.847,19,96,115,64,25,9,41,65,362,313,1.56,0.61,2022-23
203967,278,Dario Saric,1610612760,OKC,57,806,127,277,0.458,45,115,0.391,63,76,0.829,53,154,207,74,20,7,55,99,362,452,1.35,0.36,2022-23
203500,280,Steven Adams,1610612763,MEM,42,1133,157,263,0.597,0,1,0.0,47,129,0.364,214,271,485,97,36,46,79,98,361,758,1.23,0.46,2022-23
1631128,281,Christian Braun,1610612743,DEN,76,1181,143,289,0.495,34,96,0.354,40,64,0.625,48,133,181,59,41,17,35,101,360,453,1.69,1.17,2022-23
1629642,282,Nassir Little,1610612757,POR,54,976,134,303,0.442,58,158,0.367,33,46,0.717,27,114,141,50,20,20,36,66,359,372,1.39,0.56,2022-23
1630587,283,Isaiah Livers,1610612765,DET,52,1199,120,288,0.417,74,203,0.365,32,39,0.821,28,115,143,41,28,28,30,103,346,381,1.37,0.93,2022-23
1629013,283,Landry Shamet,1610612756,PHX,40,807,113,300,0.377,75,199,0.377,45,51,0.882,11,56,67,93,26,5,36,61,346,308,2.58,0.72,2022-23
1630205,285,Lamar Stevens,1610612739,CLE,62,1121,129,288,0.448,30,95,0.316,40,57,0.702,48,159,207,33,27,19,27,79,328,411,1.22,1.0,2022-23
1631323,285,Simone Fontecchio,1610612762,UTA,52,766,115,312,0.369,63,191,0.33,35,44,0.795,31,55,86,42,15,8,39,62,328,234,1.08,0.39,2022-23
1628964,287,Mo Bamba,1610612747,LAL,49,768,117,241,0.485,48,124,0.387,41,62,0.661,58,167,225,46,13,43,30,105,323,475,1.53,0.43,2022-23
1629139,288,Yuta Watanabe,1610612751,BKN,58,928,114,232,0.491,60,135,0.444,34,47,0.723,30,111,141,48,25,17,22,80,322,400,2.18,1.14,2022-23
1629002,289,Chimezie Metu,1610612758,SAC,66,689,129,219,0.589,9,38,0.237,54,73,0.74,47,151,198,40,22,21,32,81,321,461,1.25,0.69,2022-23
1626149,290,Montrezl Harrell,1610612755,PHI,57,681,125,209,0.598,0,6,0.0,70,101,0.693,67,92,159,33,17,25,35,75,320,404,0.94,0.49,2022-23
1627884,291,Derrick Jones Jr.,1610612741,CHI,64,893,115,230,0.5,27,80,0.338,62,84,0.738,60,93,153,34,29,37,25,86,319,410,1.36,1.16,2022-23
204060,292,Joe Ingles,1610612749,MIL,46,1044,108,248,0.435,83,203,0.409,18,21,0.857,13,115,128,150,33,6,55,74,317,436,2.73,0.6,2022-23
203933,293,T.J. Warren,1610612756,PHX,42,687,132,270,0.489,22,67,0.328,28,35,0.8,26,95,121,40,22,12,20,65,314,344,2.0,1.1,2022-23
1629660,294,Ty Jerome,1610612744,GSW,45,816,118,242,0.488,35,90,0.389,38,41,0.927,7,71,78,135,23,5,30,64,309,393,4.5,0.77,2022-23
1630541,295,Moses Moody,1610612744,GSW,63,817,108,227,0.476,49,135,0.363,37,53,0.698,28,77,105,51,18,7,34,54,302,314,1.5,0.53,2022-23
1630181,295,R.J. Hampton,1610612765,DET,47,750,102,237,0.43,41,116,0.353,57,76,0.75,18,69,87,54,27,9,42,51,302,283,1.29,0.64,2022-23
1629641,297,Romeo Langford,1610612759,SAS,43,844,121,259,0.467,16,61,0.262,39,56,0.696,57,57,114,50,24,13,30,67,297,313,1.67,0.8,2022-23
1628427,297,Vlatko Čančar,1610612743,DEN,60,889,108,227,0.476,43,115,0.374,38,41,0.927,24,104,128,80,22,14,37,84,297,382,2.16,0.6,2022-23
1630177,299,Theo Maledon,1610612766,CHA,44,854,102,254,0.402,28,95,0.295,63,74,0.851,14,109,123,152,37,12,59,61,295,397,2.58,0.63,2022-23
1629680,300,Matisse Thybulle,1610612757,POR,71,1200,110,253,0.435,54,148,0.365,19,28,0.679,40,100,140,53,83,32,24,113,293,425,2.21,3.46,2022-23
200752,300,Rudy Gay,1610612762,UTA,56,816,109,287,0.38,33,130,0.254,42,49,0.857,33,130,163,57,19,18,37,68,293,328,1.54,0.51,2022-23
1630526,302,Jeremiah Robinson-Earl,1610612760,OKC,43,814,110,248,0.444,37,111,0.333,35,42,0.833,71,109,180,43,24,11,19,71,292,386,2.26,1.26,2022-23
1627732,303,Ben Simmons,1610612751,BKN,42,1105,133,235,0.566,0,2,0.0,25,57,0.439,40,223,263,256,54,24,97,139,291,657,2.64,0.56,2022-23
1627739,304,Kris Dunn,1610612762,UTA,22,568,116,216,0.537,17,36,0.472,41,53,0.774,9,91,100,124,25,10,35,58,290,402,3.54,0.71,2022-23
1631119,305,Jaylin Williams,1610612760,OKC,49,914,102,234,0.436,46,113,0.407,38,54,0.704,44,197,241,76,28,12,37,111,288,460,2.05,0.76,2022-23
203496,305,Robert Covington,1610612746,LAC,48,779,102,229,0.445,54,136,0.397,30,40,0.75,31,135,166,57,38,33,32,86,288,413,1.78,1.19,2022-23
1630194,307,Paul Reed,1610612755,PHI,69,755,124,209,0.593,1,6,0.167,38,51,0.745,112,150,262,27,46,51,45,123,287,530,0.6,1.02,2022-23
1630256,308,Jae'Sean Tate,1610612745,HOU,31,677,110,229,0.48,13,46,0.283,50,69,0.725,41,77,118,84,21,7,47,106,283,328,1.79,0.45,2022-23
1629057,309,Robert Williams III,1610612738,BOS,35,824,127,170,0.747,0,1,0.0,25,41,0.61,104,188,292,50,22,48,34,68,279,598,1.47,0.65,2022-23
1630647,310,Eugene Omoruyi,1610612765,DET,40,645,101,228,0.443,25,89,0.281,51,75,0.68,43,68,111,28,28,3,34,91,278,263,0.82,0.82,2022-23
1630192,311,Zeke Nnaji,1610612743,DEN,53,728,110,196,0.561,17,65,0.262,40,62,0.645,65,73,138,18,17,23,31,105,277,334,0.58,0.55,2022-23
1630197,312,Aleksej Pokusevski,1610612760,OKC,34,701,108,249,0.434,38,104,0.365,22,35,0.629,45,114,159,64,20,43,43,58,276,365,1.49,0.47,2022-23
1630202,313,Payton Pritchard,1610612738,BOS,48,643,101,245,0.412,56,154,0.364,12,16,0.75,25,63,88,64,14,1,40,37,270,249,1.6,0.35,2022-23
1627863,314,Danuel House Jr.,1610612755,PHI,56,807,93,197,0.472,37,110,0.336,45,60,0.75,9,85,94,44,14,9,26,69,268,284,1.69,0.54,2022-23
1629130,314,Duncan Robinson,1610612748,MIA,42,690,88,237,0.371,63,192,0.328,29,32,0.906,8,61,69,46,14,0,28,77,268,217,1.64,0.5,2022-23
1630699,316,MarJon Beauchamp,1610612749,MIL,52,701,96,243,0.395,47,142,0.331,27,37,0.73,38,77,115,35,21,7,45,71,266,242,0.78,0.47,2022-23
200782,316,P.J. Tucker,1610612755,PHI,75,1920,96,225,0.427,55,140,0.393,19,23,0.826,95,200,295,60,39,15,44,180,266,498,1.36,0.89,2022-23
202687,318,Bismack Biyombo,1610612756,PHX,61,874,119,206,0.578,0,0,0.0,25,70,0.357,89,171,260,56,18,88,51,114,263,502,1.1,0.35,2022-23
1630572,318,Sandro Mamukelashvili,1610612759,SAS,43,660,97,230,0.422,30,99,0.303,39,57,0.684,70,115,185,62,14,12,35,52,263,350,1.77,0.4,2022-23
1630550,320,JT Thor,1610612766,CHA,69,969,95,238,0.399,39,123,0.317,33,47,0.702,36,116,152,36,22,23,44,66,262,294,0.82,0.5,2022-23
1626195,320,Willy Hernangomez,1610612740,NOP,38,458,89,169,0.527,3,11,0.273,81,104,0.779,58,122,180,33,17,13,39,64,262,363,0.85,0.44,2022-23
1628436,322,Luke Kornet,1610612738,BOS,69,804,113,170,0.665,3,13,0.231,32,39,0.821,86,111,197,53,11,46,25,81,261,479,2.12,0.44,2022-23
1629726,323,Garrison Mathews,1610612737,ATL,54,686,73,201,0.363,63,180,0.35,48,53,0.906,11,62,73,26,24,5,19,62,257,233,1.37,1.26,2022-23
203085,324,Austin Rivers,1610612750,MIN,52,1016,91,209,0.435,43,123,0.35,30,39,0.769,5,78,83,75,28,4,23,80,255,295,3.26,1.22,2022-23
1630688,325,Ish Wainright,1610612756,PHX,60,915,84,227,0.37,57,173,0.329,26,31,0.839,45,94,139,53,38,22,22,117,251,333,2.41,1.73,2022-23
1628988,326,Aaron Holiday,1610612737,ATL,63,845,92,220,0.418,36,88,0.409,27,32,0.844,25,49,74,89,37,12,36,79,247,290,2.47,1.03,2022-23
1631121,327,Bryce McGowens,1610612766,CHA,46,787,80,202,0.396,26,80,0.325,60,80,0.75,20,73,93,54,15,6,43,48,246,229,1.26,0.35,2022-23
1630201,327,Malachi Flynn,1610612761,TOR,53,691,87,242,0.36,47,133,0.353,25,33,0.758,15,61,76,70,21,4,25,65,246,229,2.8,0.84,2022-23
201988,327,Patty Mills,1610612751,BKN,40,567,86,209,0.411,49,134,0.366,25,30,0.833,8,36,44,56,15,3,30,32,246,206,1.87,0.5,2022-23
1630613,330,Duane Washington Jr.,1610612752,NYK,31,394,94,256,0.367,40,111,0.36,16,24,0.667,2,34,36,63,6,4,34,23,244,149,1.85,0.18,2022-23
201152,331,Thaddeus Young,1610612761,TOR,54,795,108,198,0.545,6,34,0.176,18,26,0.692,71,95,166,75,54,5,42,88,240,400,1.79,1.29,2022-23
1630595,332,Cade Cunningham,1610612765,DET,12,400,93,224,0.415,17,61,0.279,36,43,0.837,12,62,74,72,10,7,39,34,239,225,1.85,0.26,2022-23
1629312,333,Haywood Highsmith,1610612748,MIA,54,969,93,216,0.431,37,109,0.339,13,28,0.464,57,131,188,43,36,17,45,82,236,337,0.96,0.8,2022-23
1629637,334,Jaxson Hayes,1610612740,NOP,47,610,86,156,0.551,3,29,0.103,58,83,0.699,39,93,132,34,20,19,31,67,233,312,1.1,0.65,2022-23
201588,335,George Hill,1610612754,IND,46,833,78,166,0.47,34,95,0.358,42,55,0.764,15,70,85,110,26,6,34,55,232,324,3.24,0.77,2022-23
1630549,336,Day'Ron Sharpe,1610612751,BKN,48,553,93,171,0.544,6,11,0.545,35,55,0.636,99,101,200,37,15,32,42,89,227,371,0.88,0.36,2022-23
1630700,336,Dyson Daniels,1610612740,NOP,59,1042,87,208,0.418,27,86,0.314,26,40,0.65,36,152,188,134,43,11,57,99,227,411,2.35,0.75,2022-23
1630227,338,Daishen Nix,1610612745,HOU,57,914,81,237,0.342,40,140,0.286,24,36,0.667,18,80,98,132,31,7,86,59,226,240,1.54,0.36,2022-23
1630586,339,Usman Garuba,1610612745,HOU,75,970,86,177,0.486,24,59,0.407,29,47,0.617,120,187,307,64,44,29,47,135,225,513,1.36,0.94,2022-23
1629647,340,Darius Bazley,1610612756,PHX,43,616,83,183,0.454,20,53,0.377,38,70,0.543,34,104,138,38,22,34,27,44,224,297,1.41,0.82,2022-23
1630540,341,Miles McBride,1610612752,NYK,64,760,77,215,0.358,40,134,0.299,28,42,0.667,13,37,50,72,37,8,25,60,222,212,2.88,1.48,2022-23
1629004,341,Svi Mykhailiuk,1610612766,CHA,32,468,77,173,0.445,42,99,0.424,26,39,0.667,15,38,53,53,15,4,24,23,222,214,2.21,0.63,2022-23
1628467,343,Maxi Kleber,1610612742,DAL,37,930,77,169,0.456,39,112,0.348,27,38,0.711,30,105,135,52,12,30,27,85,220,319,1.93,0.44,2022-23
1631133,344,Jabari Walker,1610612757,POR,56,619,83,198,0.419,16,56,0.286,34,45,0.756,48,83,131,34,10,13,29,69,216,249,1.17,0.35,2022-23
1630322,345,Lindy Waters III,1610612760,OKC,41,531,70,178,0.393,58,162,0.358,16,20,0.8,16,59,75,28,14,11,10,42,214,220,2.8,1.4,2022-23
1630533,346,Ziaire Williams,1610612763,MEM,37,561,84,196,0.429,25,97,0.258,17,22,0.773,16,63,79,35,14,6,37,58,210,190,0.95,0.38,2022-23
202722,347,Davis Bertans,1610612742,DAL,45,492,69,160,0.431,55,141,0.39,13,15,0.867,10,43,53,21,11,8,10,53,206,196,2.1,1.1,2022-23
1629731,347,Dean Wade,1610612739,CLE,44,892,73,177,0.412,45,127,0.354,15,23,0.652,20,130,150,37,28,21,17,89,206,313,2.18,1.65,2022-23
203200,349,Justin Holiday,1610612742,DAL,46,706,77,204,0.377,46,143,0.322,5,8,0.625,5,50,55,41,19,19,22,68,205,187,1.86,0.86,2022-23
1629646,350,Charles Bassey,1610612759,SAS,35,508,87,135,0.644,3,8,0.375,22,37,0.595,75,118,193,48,16,33,41,74,199,385,1.17,0.39,2022-23
201599,350,DeAndre Jordan,1610612743,DEN,39,586,88,115,0.765,1,1,1.0,22,48,0.458,52,150,202,34,12,23,48,71,199,369,0.71,0.25,2022-23
203473,350,Dewayne Dedmon,1610612755,PHI,38,426,77,151,0.51,12,39,0.308,33,49,0.673,34,100,134,26,9,19,25,75,199,272,1.04,0.36,2022-23
1626159,353,Justise Winslow,1610612757,POR,29,776,81,198,0.409,14,45,0.311,20,28,0.714,49,96,145,98,30,11,43,89,196,312,2.28,0.7,2022-23
1630264,354,Anthony Gill,1610612764,WAS,59,625,71,132,0.538,4,29,0.138,49,67,0.731,37,62,99,34,7,12,15,70,195,253,2.27,0.47,2022-23
1631216,355,Caleb Houstan,1610612753,ORL,51,812,66,182,0.363,46,136,0.338,15,18,0.833,34,65,99,30,12,7,18,63,193,204,1.67,0.67,2022-23
1631172,355,Ousmane Dieng,1610612760,OKC,39,569,76,181,0.42,26,98,0.265,15,23,0.652,19,86,105,46,14,7,26,42,193,226,1.77,0.54,2022-23
1630547,357,James Bouknight,1610612766,CHA,34,515,69,193,0.358,33,109,0.303,20,30,0.667,8,64,72,41,14,5,32,49,191,157,1.28,0.44,2022-23
1630553,358,Keon Johnson,1610612757,POR,40,416,67,178,0.376,28,81,0.346,27,41,0.659,11,33,44,59,19,6,43,43,189,149,1.37,0.44,2022-23
201580,359,JaVale McGee,1610612742,DAL,42,355,80,125,0.64,2,5,0.4,24,41,0.585,30,77,107,11,4,26,36,54,186,236,0.31,0.11,2022-23
1631104,360,Blake Wesley,1610612759,SAS,37,669,69,215,0.321,20,52,0.385,26,44,0.591,12,70,82,98,25,5,65,67,184,165,1.51,0.39,2022-23
203585,361,Rodney McGruder,1610612765,DET,32,524,62,152,0.408,41,97,0.423,18,22,0.818,20,54,74,28,16,1,11,39,183,197,2.55,1.46,2022-23
1631132,362,Christian Koloko,1610612761,TOR,58,802,72,150,0.48,1,12,0.083,37,59,0.627,84,87,171,31,21,57,20,128,182,342,1.55,1.05,2022-23
1630568,363,Luka Garza,1610612750,MIN,28,243,63,116,0.543,14,39,0.359,41,52,0.788,33,30,63,18,3,2,14,43,181,189,1.29,0.21,2022-23
202083,364,Wesley Matthews,1610612749,MIL,52,820,58,160,0.363,39,124,0.315,24,28,0.857,34,79,113,34,20,13,18,71,179,235,1.89,1.11,2022-23
1630579,365,Jericho Sims,1610612752,NYK,52,812,83,107,0.776,0,1,0.0,12,16,0.75,99,143,242,25,15,28,27,96,178,433,0.93,0.56,2022-23
1626169,366,Stanley Johnson,1610612762,UTA,30,470,65,122,0.533,18,40,0.45,26,39,0.667,22,73,95,67,16,6,33,48,174,255,2.03,0.49,2022-23
1629599,367,Amir Coffey,1610612746,LAC,50,625,56,145,0.386,11,40,0.275,49,63,0.778,17,36,53,53,7,5,21,50,172,166,2.52,0.33,2022-23
1629676,367,Isaiah Roby,1610612752,NYK,42,474,67,155,0.432,18,60,0.3,20,41,0.488,21,86,107,38,18,7,31,53,172,202,1.23,0.58,2022-23
201937,369,Ricky Rubio,1610612739,CLE,33,566,61,178,0.343,21,82,0.256,28,35,0.8,9,61,70,115,26,6,31,51,171,233,3.71,0.84,2022-23
201933,370,Blake Griffin,1610612738,BOS,41,569,63,130,0.485,23,66,0.348,21,32,0.656,47,108,155,61,14,9,22,75,170,309,2.77,0.64,2022-23
201959,371,Taj Gibson,1610612764,WAS,49,480,65,125,0.52,8,24,0.333,30,42,0.714,32,61,93,34,15,12,26,84,168,224,1.31,0.58,2022-23
1629048,372,Goga Bitadze,1610612753,ORL,38,457,69,125,0.552,6,26,0.231,23,42,0.548,61,76,137,39,16,26,22,64,167,288,1.77,0.73,2022-23
203095,373,Evan Fournier,1610612752,NYK,27,459,56,166,0.337,35,114,0.307,18,21,0.857,4,45,49,36,16,3,22,46,165,134,1.64,0.73,2022-23
1629750,373,Javonte Green,1610612741,CHI,32,480,61,108,0.565,13,35,0.371,30,45,0.667,27,61,88,23,24,21,20,52,165,239,1.15,1.2,2022-23
1630577,373,Julian Champagnie,1610612759,SAS,17,320,59,130,0.454,33,82,0.402,14,17,0.824,10,50,60,10,6,5,11,26,165,161,0.91,0.55,2022-23
1631098,376,Johnny Davis,1610612764,WAS,28,423,66,171,0.386,17,70,0.243,14,27,0.519,10,55,65,28,10,8,17,48,163,139,1.65,0.59,2022-23
1629162,377,Jordan McLaughlin,1610612750,MIN,43,679,61,145,0.421,24,78,0.308,15,18,0.833,15,47,62,148,32,4,33,28,161,287,4.49,0.97,2022-23
1630539,378,Kai Jones,1610612766,CHA,46,550,67,120,0.558,4,19,0.211,19,26,0.731,37,86,123,15,17,30,31,65,157,251,0.48,0.55,2022-23
203526,378,Raul Neto,1610612739,CLE,48,505,57,110,0.518,12,42,0.286,31,34,0.912,10,36,46,79,17,4,24,49,157,223,3.29,0.71,2022-23
1629678,380,Admiral Schofield,1610612753,ORL,37,451,55,122,0.451,24,74,0.324,21,23,0.913,23,39,62,31,8,5,16,61,155,176,1.94,0.5,2022-23
1629308,380,Juan Toscano-Anderson,1610612762,UTA,52,700,64,143,0.448,8,43,0.186,19,24,0.792,28,96,124,65,16,10,34,80,155,252,1.91,0.47,2022-23
1629650,380,Moses Brown,1610612746,LAC,36,294,61,96,0.635,0,0,0.0,33,72,0.458,57,82,139,4,4,14,15,39,155,227,0.27,0.27,2022-23
1631260,383,AJ Green,1610612749,MIL,35,345,53,125,0.424,44,105,0.419,4,4,1.0,6,39,45,22,6,0,9,31,154,146,2.44,0.67,2022-23
1628981,384,Bruno Fernando,1610612737,ATL,39,405,59,112,0.527,0,4,0.0,35,50,0.7,54,83,137,31,6,34,25,74,153,268,1.24,0.24,2022-23
201565,385,Derrick Rose,1610612752,NYK,27,338,61,159,0.384,19,63,0.302,11,12,0.917,8,32,40,46,7,5,22,18,152,129,2.09,0.32,2022-23
1630240,386,Saben Lee,1610612756,PHX,25,374,49,121,0.405,11,30,0.367,42,57,0.737,13,32,45,67,19,1,24,32,151,172,2.79,0.79,2022-23
1631102,387,TyTy Washington Jr.,1610612745,HOU,31,433,58,160,0.363,19,80,0.238,10,18,0.556,2,43,45,47,15,2,14,29,145,130,3.36,1.07,2022-23
1630527,388,Brandon Boston,1610612746,LAC,22,248,51,122,0.418,12,29,0.414,29,38,0.763,7,23,30,20,9,0,12,21,143,110,1.67,0.75,2022-23
1630625,389,Dalano Banton,1610612761,TOR,31,279,55,130,0.423,15,51,0.294,17,24,0.708,11,34,45,36,13,13,18,34,142,149,2.0,0.72,2022-23
1627745,389,Damian Jones,1610612762,UTA,41,477,55,86,0.64,10,17,0.588,22,29,0.759,42,80,122,15,8,21,23,55,142,247,0.65,0.35,2022-23
1630284,391,Kevon Harris,1610612753,ORL,34,457,47,107,0.439,16,43,0.372,31,41,0.756,28,42,70,16,17,5,21,53,141,158,0.76,0.81,2022-23
1627788,392,Furkan Korkmaz,1610612755,PHI,37,353,48,111,0.432,18,46,0.391,26,36,0.722,6,36,42,22,10,3,24,18,140,120,0.92,0.42,2022-23
1630233,393,Nathan Knight,1610612750,MIN,38,291,46,81,0.568,8,22,0.364,39,57,0.684,22,34,56,13,10,6,21,41,139,150,0.62,0.48,2022-23
1628373,394,Frank Ntilikina,1610612742,DAL,47,608,48,132,0.364,17,67,0.254,22,33,0.667,7,55,62,58,16,7,29,65,135,154,2.0,0.55,2022-23
202693,395,Markieff Morris,1610612742,DAL,35,355,47,115,0.409,28,71,0.394,10,10,1.0,13,58,71,31,9,5,18,48,132,162,1.72,0.5,2022-23
1626158,396,Richaun Holmes,1610612758,SAC,42,348,55,89,0.618,5,8,0.625,15,19,0.789,29,51,80,9,3,11,14,50,130,181,0.64,0.21,2022-23
1629643,397,Chuma Okeke,1610612753,ORL,27,518,43,122,0.352,26,86,0.302,16,21,0.762,26,70,96,37,19,11,17,40,128,190,2.18,1.12,2022-23
1631108,397,Max Christie,1610612747,LAL,41,512,44,106,0.415,26,62,0.419,14,16,0.875,7,68,75,21,9,7,13,33,128,163,1.62,0.69,2022-23
1628962,399,Udoka Azubuike,1610612762,UTA,36,359,59,72,0.819,0,0,0.0,7,20,0.35,31,88,119,11,6,15,18,34,125,232,0.61,0.33,2022-23
203109,400,Jae Crowder,1610612749,MIL,18,340,45,94,0.479,24,55,0.436,10,12,0.833,17,52,69,27,12,6,7,27,124,180,3.86,1.71,2022-23
1627823,401,Juancho Hernangomez,1610612761,TOR,42,614,48,114,0.421,17,67,0.254,9,16,0.563,27,96,123,25,16,6,15,43,122,204,1.67,1.07,2022-23
1630346,401,Matt Ryan,1610612750,MIN,34,310,40,108,0.37,32,84,0.381,10,12,0.833,4,22,26,16,5,1,7,27,122,93,2.29,0.71,2022-23
1631116,401,Patrick Baldwin Jr.,1610612744,GSW,31,226,43,109,0.394,32,84,0.381,4,6,0.667,1,39,40,11,6,4,11,14,122,104,1.0,0.55,2022-23
203476,404,Gorgui Dieng,1610612759,SAS,31,358,45,117,0.385,21,75,0.28,10,13,0.769,27,80,107,53,4,14,32,57,121,192,1.66,0.13,2022-23
1631254,405,Kenneth Lofton Jr.,1610612763,MEM,24,176,49,93,0.527,6,17,0.353,16,27,0.593,19,32,51,20,5,2,12,28,120,131,1.67,0.42,2022-23
1631115,406,Orlando Robinson,1610612748,MIA,31,425,47,89,0.528,0,6,0.0,22,31,0.71,48,78,126,25,12,12,16,53,116,224,1.56,0.75,2022-23
1630184,407,Kira Lewis Jr.,1610612740,NOP,25,235,40,88,0.455,15,34,0.441,19,22,0.864,5,28,33,23,10,2,10,24,114,121,2.3,1.0,2022-23
1630593,407,McKinley Wright IV,1610612742,DAL,27,335,46,98,0.469,9,28,0.321,13,19,0.684,9,38,47,58,8,5,19,24,114,155,3.05,0.42,2022-23
201577,409,Robin Lopez,1610612739,CLE,37,299,48,75,0.64,2,4,0.5,14,18,0.778,23,28,51,19,2,8,25,43,112,136,0.76,0.08,2022-23
1631230,410,Dominick Barlow,1610612759,SAS,28,408,46,86,0.535,0,4,0.0,18,25,0.72,46,56,102,24,10,19,15,56,110,203,1.6,0.67,2022-23
202397,411,Ish Smith,1610612743,DEN,43,398,52,131,0.397,2,12,0.167,2,4,0.5,5,49,54,100,8,7,44,33,108,152,2.27,0.18,2022-23
1631222,412,Jake LaRavia,1610612763,MEM,35,414,37,95,0.389,24,71,0.338,7,9,0.778,19,44,63,21,12,4,18,49,105,127,1.17,0.67,2022-23
1626246,413,Boban Marjanovic,1610612745,HOU,31,171,41,60,0.683,0,1,0.0,20,27,0.741,20,40,60,9,5,2,14,10,102,138,0.64,0.36,2022-23
1627780,414,Gary Payton II,1610612744,GSW,22,368,41,69,0.594,13,26,0.5,6,7,0.857,24,45,69,30,22,5,16,43,101,182,1.88,1.38,2022-23
1630556,415,Kessler Edwards,1610612758,SAC,36,386,36,93,0.387,17,55,0.309,11,15,0.733,23,38,61,23,14,6,13,40,100,130,1.77,1.08,2022-23
203469,416,Cody Zeller,1610612748,MIA,15,217,37,59,0.627,0,2,0.0,24,35,0.686,25,39,64,10,3,4,14,33,98,132,0.71,0.21,2022-23
1631288,416,Jamal Cain,1610612748,MIA,18,240,37,66,0.561,7,20,0.35,17,22,0.773,15,37,52,12,11,1,6,21,98,134,2.0,1.83,2022-23
1629033,418,Theo Pinson,1610612742,DAL,40,323,31,87,0.356,22,62,0.355,11,13,0.846,10,53,63,46,6,1,12,34,95,141,3.83,0.5,2022-23
1630219,419,Skylar Mays,1610612757,POR,6,189,34,68,0.5,12,26,0.462,12,13,0.923,2,17,19,50,6,1,10,11,92,123,5.0,0.6,2022-23
1627854,420,Bryn Forbes,1610612750,MIN,25,268,30,83,0.361,14,46,0.304,15,15,1.0,4,11,15,17,7,2,12,22,89,65,1.42,0.58,2022-23
1628432,420,Davon Reed,1610612743,DEN,43,343,28,84,0.333,17,46,0.37,16,24,0.667,10,49,59,23,15,4,20,39,89,106,1.15,0.75,2022-23
1626163,420,Frank Kaminsky,1610612745,HOU,36,235,31,63,0.492,13,33,0.394,14,16,0.875,7,45,52,32,6,4,9,22,89,140,3.56,0.67,2022-23
1630678,420,Terry Taylor,1610612741,CHI,31,263,39,75,0.52,5,19,0.263,6,11,0.545,27,20,47,10,3,6,9,26,89,105,1.11,0.33,2022-23
1630548,424,Johnny Juzang,1610612762,UTA,18,232,35,104,0.337,15,63,0.238,2,4,0.5,8,31,39,8,4,3,3,13,87,67,2.67,1.33,2022-23
1631207,425,Dalen Terry,1610612741,CHI,38,214,32,72,0.444,7,27,0.259,14,21,0.667,12,25,37,22,11,5,8,24,85,105,2.75,1.38,2022-23
1630561,425,David Duke Jr.,1610612751,BKN,23,228,36,78,0.462,1,12,0.083,12,17,0.706,11,18,29,21,10,1,18,31,85,81,1.17,0.56,2022-23
1631107,427,Nikola Jović,1610612748,MIA,15,204,28,69,0.406,8,35,0.229,18,19,0.947,9,22,31,10,7,2,10,19,82,80,1.0,0.7,2022-23
1631113,428,Kennedy Chandler,1610612763,MEM,36,282,35,83,0.422,2,15,0.133,6,13,0.462,9,29,38,58,12,5,18,15,78,118,3.22,0.67,2022-23
1631212,429,Peyton Watson,1610612743,DEN,23,186,29,59,0.492,6,14,0.429,11,20,0.55,8,29,37,11,2,11,8,14,75,89,1.38,0.25,2022-23
202689,430,Kemba Walker,1610612742,DAL,9,144,24,57,0.421,7,28,0.25,17,21,0.81,3,13,16,19,2,2,4,11,72,70,4.75,0.5,2022-23
1629677,431,Luka Samanic,1610612762,UTA,7,161,26,57,0.456,8,31,0.258,9,13,0.692,0,30,30,15,6,2,10,17,69,77,1.5,0.6,2022-23
201586,432,Serge Ibaka,1610612749,MIL,16,185,26,54,0.481,6,18,0.333,8,13,0.615,15,29,44,4,2,7,11,23,66,79,0.36,0.18,2022-23
201980,433,Danny Green,1610612739,CLE,11,139,22,49,0.449,16,37,0.432,1,1,1.0,3,11,14,6,6,3,10,16,61,53,0.6,0.6,2022-23
1630288,433,Jeff Dowtin Jr.,1610612761,TOR,25,259,25,57,0.439,5,16,0.313,6,9,0.667,6,17,23,31,9,3,5,13,61,87,6.2,1.8,2022-23
1631217,435,Moussa Diabaté,1610612746,LAC,22,195,24,47,0.511,1,2,0.5,10,16,0.625,31,19,50,4,7,8,9,15,59,90,0.44,0.78,2022-23
1629603,436,Mamadi Diakite,1610612739,CLE,22,176,24,50,0.48,7,21,0.333,2,2,1.0,8,22,30,8,4,9,12,26,57,70,0.67,0.33,2022-23
1630639,437,A.J. Lawson,1610612742,DAL,15,108,22,44,0.5,10,25,0.4,2,8,0.25,6,15,21,2,2,0,3,11,56,50,0.67,0.67,2022-23
1631245,437,Quenton Jackson,1610612764,WAS,9,135,19,42,0.452,1,12,0.083,17,22,0.773,2,6,8,15,4,1,4,10,56,52,3.75,1.0,2022-23
1628371,439,Jonathan Isaac,1610612753,ORL,11,124,22,53,0.415,6,15,0.4,5,9,0.556,15,29,44,6,14,4,4,5,55,84,1.5,3.5,2022-23
1631466,440,Nate Williams,1610612757,POR,5,127,24,39,0.615,3,8,0.375,2,3,0.667,10,5,15,10,3,2,4,13,53,63,2.5,0.75,2022-23
1630235,441,Trent Forrest,1610612737,ATL,23,277,25,60,0.417,0,2,0.0,2,3,0.667,5,32,37,38,7,2,15,17,52,85,2.53,0.47,2022-23
201949,442,James Johnson,1610612754,IND,18,162,22,49,0.449,3,15,0.2,4,8,0.5,4,26,30,15,7,6,8,32,51,70,1.88,0.88,2022-23
1630643,442,Jay Huff,1610612764,WAS,7,95,15,25,0.6,6,12,0.5,15,16,0.938,6,15,21,10,3,4,5,15,51,73,2.0,0.6,2022-23
203648,442,Thanasis Antetokounmpo,1610612749,MIL,37,206,20,46,0.435,0,8,0.0,11,22,0.5,15,29,44,15,3,3,12,22,51,67,1.25,0.25,2022-23
202066,445,Garrett Temple,1610612740,NOP,25,162,18,45,0.4,11,26,0.423,3,4,0.75,5,12,17,13,9,2,4,15,50,59,3.25,2.25,2022-23
1629623,445,Lindell Wigginton,1610612749,MIL,7,87,18,37,0.486,6,18,0.333,8,9,0.889,0,7,7,14,0,2,12,7,50,41,1.17,0.0,2022-23
1628464,447,Daniel Theis,1610612754,IND,7,109,21,44,0.477,2,11,0.182,5,12,0.417,7,15,22,9,2,6,3,7,49,55,3.0,0.67,2022-23
203521,448,Matthew Dellavedova,1610612758,SAC,32,213,17,50,0.34,9,27,0.333,4,7,0.571,1,12,13,41,7,0,10,20,47,62,4.1,0.7,2022-23
1631169,449,Josh Minott,1610612750,MIN,15,96,18,36,0.5,2,6,0.333,8,8,1.0,5,20,25,5,4,6,3,10,46,65,1.67,1.33,2022-23
1629644,449,KZ Okpala,1610612758,SAC,35,248,16,38,0.421,7,21,0.333,7,8,0.875,7,27,34,13,7,7,7,39,46,77,1.86,1.0,2022-23
1631197,451,Jared Rhoden,1610612765,DET,14,198,17,44,0.386,5,20,0.25,6,6,1.0,11,26,37,4,4,1,3,23,45,61,1.33,1.33,2022-23
1631219,451,John Butler Jr.,1610612757,POR,19,221,17,53,0.321,8,35,0.229,3,4,0.75,3,14,17,11,7,9,1,22,45,51,11.0,7.0,2022-23
1630696,453,Dru Smith,1610612751,BKN,15,158,18,45,0.4,5,19,0.263,3,3,1.0,2,22,24,22,10,4,3,23,44,74,7.33,3.33,2022-23
1629633,453,Jarrett Culver,1610612737,ATL,10,137,17,43,0.395,1,12,0.083,9,13,0.692,10,28,38,6,6,2,7,14,44,59,0.86,0.86,2022-23
203490,453,Otto Porter Jr.,1610612761,TOR,8,146,15,30,0.5,6,17,0.353,8,8,1.0,6,13,19,8,11,0,4,7,44,63,2.0,2.75,2022-23
1627885,453,Shaquille Harrison,1610612747,LAL,5,120,15,36,0.417,3,10,0.3,11,15,0.733,1,21,22,30,11,2,6,12,44,78,5.0,1.83,2022-23
203458,457,Alex Len,1610612758,SAC,26,161,16,30,0.533,0,2,0.0,11,16,0.688,24,36,60,12,4,11,16,28,43,95,0.75,0.25,2022-23
203920,457,Khem Birch,1610612759,SAS,20,162,19,32,0.594,1,2,0.5,4,5,0.8,8,17,25,7,5,5,8,24,43,63,0.88,0.63,2022-23
203086,457,Meyers Leonard,1610612749,MIL,9,114,14,29,0.483,7,18,0.389,8,9,0.889,12,22,34,1,2,0,6,16,43,58,0.17,0.33,2022-23
1630531,460,Jaden Springer,1610612755,PHI,16,89,17,35,0.486,2,5,0.4,6,8,0.75,6,8,14,8,7,3,3,15,42,51,2.67,2.33,2022-23
1631111,460,Wendell Moore Jr.,1610612750,MIN,29,153,18,43,0.419,2,17,0.118,4,5,0.8,4,14,18,18,8,5,8,13,42,57,2.25,1.0,2022-23
1630554,462,Jason Preston,1610612746,LAC,14,124,18,41,0.439,5,18,0.278,0,2,0.0,2,20,22,27,2,0,10,7,41,57,2.7,0.2,2022-23
1630209,463,Omer Yurtseven,1610612748,MIA,9,83,16,27,0.593,3,7,0.429,5,6,0.833,8,15,23,2,2,2,4,16,40,53,0.5,0.5,2022-23
1641645,464,Xavier Cooks,1610612764,WAS,10,126,17,28,0.607,0,1,0.0,4,10,0.4,16,22,38,6,6,4,8,13,38,67,0.75,0.75,2022-23
1630215,465,Jared Butler,1610612760,OKC,6,77,15,32,0.469,7,14,0.5,0,0,0.0,1,3,4,8,5,0,5,5,37,32,1.6,1.0,2022-23
1630846,466,Olivier Sarr,1610612760,OKC,9,114,15,30,0.5,1,8,0.125,5,7,0.714,12,19,31,4,1,5,4,17,36,56,1.0,0.25,2022-23
1630249,466,Vít Krejčí,1610612737,ATL,29,165,15,37,0.405,5,21,0.238,1,2,0.5,6,20,26,17,5,1,5,17,36,57,3.4,1.0,2022-23
1628998,468,Cody Martin,1610612766,CHA,7,134,14,36,0.389,3,14,0.214,4,7,0.571,8,16,24,11,4,1,2,13,35,48,5.5,2.0,2022-23
203457,468,Nerlens Noel,1610612751,BKN,17,195,13,36,0.361,1,2,0.5,8,12,0.667,10,36,46,10,16,10,13,32,35,77,0.77,1.23,2022-23
1630600,470,Isaiah Mobley,1610612739,CLE,12,84,12,28,0.429,3,8,0.375,4,4,1.0,4,16,20,3,4,3,1,8,31,44,3.0,4.0,2022-23
1631246,471,Vince Williams Jr.,1610612763,MEM,15,105,12,40,0.3,4,28,0.143,2,2,1.0,4,11,15,4,6,2,5,12,30,24,0.8,1.2,2022-23
1630535,472,Greg Brown III,1610612757,POR,16,93,11,28,0.393,1,7,0.143,5,12,0.417,2,17,19,3,4,5,6,13,28,29,0.5,0.67,2022-23
1631160,472,Jordan Hall,1610612759,SAS,9,83,9,28,0.321,3,15,0.2,7,9,0.778,3,9,12,11,1,0,7,6,28,24,1.57,0.14,2022-23
1630563,472,Joshua Primo,1610612759,SAS,4,93,9,26,0.346,3,12,0.25,7,9,0.778,2,11,13,18,1,2,11,8,28,32,1.64,0.09,2022-23
2617,475,Udonis Haslem,1610612748,MIA,7,72,10,29,0.345,3,9,0.333,4,5,0.8,4,7,11,0,1,2,1,11,27,20,0.0,1.0,2022-23
1627853,476,Ryan Arcidiacono,1610612752,NYK,20,172,9,37,0.243,8,23,0.348,0,0,0.0,0,15,15,23,5,0,7,17,26,34,3.29,0.71,2022-23
1630644,477,Mac McClung,1610612755,PHI,2,41,9,20,0.45,4,11,0.364,3,5,0.6,3,7,10,9,0,0,3,3,25,28,3.0,0.0,2022-23
203943,477,Noah Vonleh,1610612738,BOS,23,172,11,24,0.458,1,4,0.25,2,2,1.0,18,30,48,7,2,8,11,35,25,66,0.64,0.18,2022-23
1630241,477,Sam Merrill,1610612739,CLE,5,59,9,22,0.409,5,18,0.278,2,2,1.0,0,9,9,5,4,0,0,3,25,30,0.0,0.0,2022-23
1628221,480,Gabe York,1610612754,IND,3,56,8,21,0.381,6,18,0.333,2,2,1.0,0,6,6,5,2,0,0,5,24,24,0.0,0.0,2022-23
1631165,480,Keon Ellis,1610612758,SAC,16,71,7,16,0.438,6,12,0.5,4,7,0.571,4,4,8,6,5,1,1,10,24,31,6.0,5.0,2022-23
1630695,480,Micah Potter,1610612762,UTA,7,52,10,15,0.667,4,7,0.571,0,0,0.0,3,13,16,4,1,0,2,5,24,38,2.0,0.5,2022-23
1631157,483,Ryan Rollins,1610612744,GSW,12,62,7,20,0.35,3,9,0.333,6,6,1.0,3,9,12,6,1,1,16,10,23,14,0.38,0.06,2022-23
1629714,484,Jarrell Brantley,1610612762,UTA,4,39,8,14,0.571,4,9,0.444,2,2,1.0,1,5,6,3,0,2,2,3,22,25,1.5,0.0,2022-23
1628408,484,PJ Dozier,1610612758,SAC,16,79,10,33,0.303,2,16,0.125,0,0,0.0,1,13,14,10,6,1,5,7,22,25,2.0,1.2,2022-23
1631298,486,Jack White,1610612743,DEN,17,66,8,19,0.421,3,9,0.333,2,3,0.667,6,11,17,4,3,2,2,9,21,33,2.0,1.5,2022-23
1630243,486,Trevelin Queen,1610612755,PHI,7,70,7,29,0.241,2,15,0.133,5,5,1.0,8,9,17,6,2,5,7,4,21,22,0.86,0.29,2022-23
1631213,486,Tyrese Martin,1610612737,ATL,16,66,9,23,0.391,1,7,0.143,2,2,1.0,5,7,12,2,1,0,2,2,21,20,1.0,0.5,2022-23
1630637,489,Carlik Jones,1610612741,CHI,7,56,6,15,0.4,3,6,0.5,5,8,0.625,1,4,5,6,2,0,2,2,20,19,3.0,1.0,2022-23
1628382,489,Justin Jackson,1610612738,BOS,23,107,7,27,0.259,5,20,0.25,1,2,0.5,2,15,17,9,4,4,2,7,20,31,4.5,2.0,2022-23
1629663,489,Louis King,1610612755,PHI,1,29,8,13,0.615,4,8,0.5,0,1,0.0,2,2,4,2,1,0,2,4,20,19,1.0,0.5,2022-23
1631199,489,Ron Harper Jr.,1610612761,TOR,9,48,8,16,0.5,3,9,0.333,1,1,1.0,3,4,7,4,0,1,0,3,20,24,0.0,0.0,2022-23
1631120,493,JD Davison,1610612738,BOS,12,66,8,19,0.421,2,7,0.286,1,2,0.5,2,7,9,11,2,2,4,5,19,27,2.75,0.5,2022-23
1628396,493,Tony Bradley,1610612741,CHI,12,33,6,12,0.5,3,5,0.6,4,4,1.0,1,10,11,1,1,1,1,2,19,26,1.0,1.0,2022-23
2738,495,Andre Iguodala,1610612744,GSW,8,113,7,15,0.467,1,9,0.111,2,3,0.667,3,14,17,19,4,3,9,11,17,42,2.11,0.44,2022-23
1631303,495,Justin Minaya,1610612757,POR,4,89,7,23,0.304,3,12,0.25,0,1,0.0,3,12,15,4,2,5,4,9,17,22,1.0,0.5,2022-23
203487,495,Michael Carter-Williams,1610612753,ORL,4,44,6,14,0.429,1,3,0.333,4,7,0.571,1,4,5,7,1,1,4,5,17,16,1.75,0.25,2022-23
1630270,495,Xavier Sneed,1610612766,CHA,4,48,5,10,0.5,3,6,0.5,4,4,1.0,0,5,5,5,0,1,3,7,17,20,1.67,0.0,2022-23
1631205,499,Buddy Boeheim,1610612765,DET,10,90,5,27,0.185,4,25,0.16,2,2,1.0,2,4,6,4,2,0,0,6,16,6,0.0,0.0,2022-23
1630564,499,RaiQuan Gray,1610612751,BKN,1,35,6,12,0.5,2,5,0.4,2,2,1.0,3,6,9,7,0,1,4,5,16,23,1.75,0.0,2022-23
1630620,501,Darius Days,1610612745,HOU,4,25,5,12,0.417,3,10,0.3,2,2,1.0,1,5,6,1,0,1,0,2,15,16,0.0,0.0,2022-23
1631123,501,Jamaree Bouyea,1610612748,MIA,5,71,6,14,0.429,2,6,0.333,1,2,0.5,1,5,6,4,4,2,4,6,15,18,1.0,1.0,2022-23
1630590,503,Scotty Pippen Jr.,1610612747,LAL,6,32,4,12,0.333,1,3,0.333,5,9,0.556,2,2,4,2,2,1,2,3,14,9,1.0,1.0,2022-23
1630206,504,Jay Scrubb,1610612753,ORL,2,30,5,7,0.714,2,2,1.0,1,2,0.5,0,6,6,1,2,0,3,2,13,16,0.33,0.67,2022-23
1629674,505,Neemias Queta,1610612758,SAC,5,29,6,9,0.667,0,0,0.0,0,2,0.0,5,6,11,1,0,2,1,7,12,20,1.0,0.0,2022-23
1630551,506,Justin Champagnie,1610612738,BOS,5,34,5,15,0.333,1,5,0.2,0,0,0.0,3,5,8,4,1,0,0,2,11,14,0.0,0.0,2022-23
1630267,507,Facundo Campazzo,1610612742,DAL,8,52,3,13,0.231,3,11,0.273,1,2,0.5,0,2,2,9,6,0,3,3,10,13,3.0,2.0,2022-23
1631311,507,Lester Quinones,1610612744,GSW,4,18,2,5,0.4,2,4,0.5,4,6,0.667,1,2,3,2,1,0,5,0,10,6,0.4,0.2,2022-23
1631306,509,Cole Swider,1610612747,LAL,7,41,3,9,0.333,3,8,0.375,0,0,0.0,1,6,7,4,0,0,0,3,9,14,0.0,0.0,2022-23
1630225,509,Isaiah Todd,1610612764,WAS,6,61,3,19,0.158,1,10,0.1,2,2,1.0,2,10,12,4,1,0,2,4,9,8,2.0,0.5,2022-23
1630580,509,Joe Wieskamp,1610612761,TOR,9,50,3,14,0.214,3,12,0.25,0,0,0.0,0,4,4,3,0,0,1,3,9,4,3.0,0.0,2022-23
1631112,509,Kendall Brown,1610612754,IND,6,40,4,7,0.571,0,1,0.0,1,2,0.5,2,4,6,3,4,0,2,9,9,16,1.5,2.0,2022-23
1631309,509,Trevor Hudgins,1610612745,HOU,5,28,2,9,0.222,2,8,0.25,3,3,1.0,0,0,0,3,0,0,1,1,9,4,3.0,0.0,2022-23
1628416,509,Tyler Dorsey,1610612742,DAL,3,8,4,5,0.8,1,2,0.5,0,0,0.0,1,1,2,0,0,0,0,0,9,10,0.0,0.0,2022-23
1628993,515,Alize Johnson,1610612759,SAS,4,30,3,6,0.5,0,2,0.0,1,2,0.5,2,8,10,1,1,0,4,3,7,11,0.25,0.25,2022-23
1628435,515,Chance Comanche,1610612757,POR,1,21,3,5,0.6,0,0,0.0,1,4,0.25,2,1,3,0,0,1,0,0,7,6,0.0,0.0,2022-23
1629875,515,Xavier Moon,1610612746,LAC,4,20,3,9,0.333,1,3,0.333,0,0,0.0,0,3,3,5,0,0,1,2,7,8,5.0,0.0,2022-23
1630195,518,Leandro Bolmaro,1610612762,UTA,14,68,3,20,0.15,0,4,0.0,0,0,0.0,4,3,7,7,3,1,7,10,6,0,1.0,0.43,2022-23
1630250,518,Marko Simonovic,1610612741,CHI,7,20,2,7,0.286,1,4,0.25,1,2,0.5,1,1,2,0,0,0,0,5,6,2,0.0,0.0,2022-23
1629662,518,Mfiondu Kabengele,1610612738,BOS,4,36,2,7,0.286,0,3,0.0,2,2,1.0,5,5,10,0,2,0,1,3,6,12,0.0,2.0,2022-23
1630176,518,Vernon Carey Jr.,1610612762,UTA,11,28,2,8,0.25,0,0,0.0,2,2,1.0,3,8,11,3,2,2,2,5,6,16,1.5,1.0,2022-23
1629685,522,Dylan Windler,1610612739,CLE,3,10,2,3,0.667,1,2,0.5,0,0,0.0,0,0,0,1,1,0,1,0,5,5,1.0,1.0,2022-23
1628424,522,Kobi Simmons,1610612766,CHA,5,28,1,6,0.167,1,5,0.2,2,2,1.0,1,3,4,5,0,2,1,0,5,10,5.0,0.0,2022-23
1630792,522,Malcolm Hill,1610612741,CHI,5,9,2,4,0.5,1,3,0.333,0,0,0.0,0,3,3,0,0,0,0,1,5,6,0.0,0.0,2022-23
1630296,525,Braxton Key,1610612765,DET,3,9,1,1,1.0,0,0,0.0,2,2,1.0,0,1,1,0,0,0,0,0,4,5,0.0,0.0,2022-23
1631220,525,Dereon Seabron,1610612740,NOP,5,12,2,5,0.4,0,0,0.0,0,0,0.0,1,0,1,0,0,0,0,1,4,2,0.0,0.0,2022-23
1631495,525,Donovan Williams,1610612737,ATL,2,4,2,5,0.4,0,2,0.0,0,0,0.0,0,2,2,0,0,0,0,0,4,3,0.0,0.0,2022-23
1629653,528,Devon Dotson,1610612764,WAS,6,53,1,10,0.1,1,4,0.25,0,0,0.0,6,4,10,8,5,0,3,9,3,14,2.67,1.67,2022-23
1631367,528,Jacob Gilyard,1610612763,MEM,1,41,1,3,0.333,1,3,0.333,0,0,0.0,0,4,4,7,3,0,2,3,3,13,3.5,1.5,2022-23
1630648,528,Jordan Schakel,1610612764,WAS,2,6,1,2,0.5,1,1,1.0,0,0,0.0,0,0,0,1,1,0,0,1,3,4,0.0,0.0,2022-23
1631211,528,Trevor Keels,1610612752,NYK,3,8,1,4,0.25,1,4,0.25,0,0,0.0,0,2,2,0,0,0,0,0,3,2,0.0,0.0,2022-23
1631320,532,Chima Moneke,1610612758,SAC,2,8,1,2,0.5,0,0,0.0,0,2,0.0,2,0,2,1,0,0,2,2,2,0,0.5,0.0,2022-23
1629735,532,Chris Silva,1610612737,ATL,1,3,1,1,1.0,0,0,0.0,0,0,0.0,0,0,0,0,0,0,1,2,2,1,0.0,0.0,2022-23
1630649,532,Stanley Umude,1610612765,DET,1,2,0,1,0.0,0,1,0.0,2,2,1.0,0,0,0,0,1,1,0,0,2,3,0.0,0.0,2022-23
1631214,535,Alondes Williams,1610612751,BKN,1,5,0,0,0.0,0,0,0.0,0,0,0.0,0,1,1,0,0,0,2,1,0,-1,0.0,0.0,2022-23
1629126,535,Deonte Burton,1610612758,SAC,2,7,0,2,0.0,0,1,0.0,0,0,0.0,0,0,0,0,0,0,0,0,0,-2,0.0,0.0,2022-23
1628402,535,Frank Jackson,1610612756,PHX,1,5,0,3,0.0,0,1,0.0,0,0,0.0,1,1,2,1,0,0,0,0,0,0,0.0,0.0,2022-23
1630701,535,Michael Foster Jr.,1610612755,PHI,1,1,0,0,0.0,0,0,0.0,0,0,0.0,0,0,0,0,0,0,0,0,0,0,0.0,0.0,2022-23
1628425,535,Sterling Brown,1610612747,LAL,4,24,0,4,0.0,0,2,0.0,0,0,0.0,3,5,8,2,3,0,0,4,0,9,0.0,0.0,2022-23
1629027,1,Trae Young,1610612737,ATL,76,2652,711,1544,0.46,233,610,0.382,500,553,0.904,50,234,284,737,72,7,303,128,2155,2066,2.43,0.24,2021-22
201942,2,DeMar DeRozan,1610612741,CHI,76,2743,774,1535,0.504,50,142,0.352,520,593,0.877,56,336,392,374,68,24,181,178,2118,1961,2.07,0.38,2021-22
203954,3,Joel Embiid,1610612755,PHI,68,2296,666,1334,0.499,93,251,0.371,654,803,0.814,146,650,796,284,77,99,214,181,2079,2304,1.33,0.36,2021-22
1628369,4,Jayson Tatum,1610612738,BOS,76,2731,708,1564,0.453,230,651,0.353,400,469,0.853,85,524,609,334,75,49,217,174,2046,1971,1.54,0.35,2021-22
203999,5,Nikola Jokić,1610612743,DEN,74,2476,764,1311,0.583,97,288,0.337,379,468,0.81,206,813,1019,584,109,63,281,191,2004,2862,2.08,0.39,2021-22
203507,6,Giannis Antetokounmpo,1610612749,MIL,67,2204,689,1245,0.553,71,242,0.293,553,766,0.722,134,644,778,388,72,91,219,212,2002,2343,1.77,0.33,2021-22
1629029,7,Luka Dončić,1610612742,DAL,65,2301,641,1403,0.457,201,569,0.353,364,489,0.744,56,537,593,568,75,36,292,145,1847,1940,1.95,0.26,2021-22
1626164,8,Devin Booker,1610612756,PHX,68,2345,662,1421,0.466,183,478,0.383,315,363,0.868,45,297,342,329,77,26,162,180,1822,1627,2.03,0.48,2021-22
1626157,9,Karl-Anthony Towns,1610612750,MIN,74,2475,642,1214,0.529,150,366,0.41,384,467,0.822,194,533,727,269,72,83,226,267,1818,2088,1.19,0.32,2021-22
1628378,10,Donovan Mitchell,1610612762,UTA,67,2266,617,1376,0.448,232,654,0.355,267,313,0.853,55,227,282,358,99,12,200,164,1733,1479,1.79,0.5,2021-22
2544,11,LeBron James,1610612747,LAL,56,2084,640,1221,0.524,161,448,0.359,254,336,0.756,63,396,459,349,73,59,196,121,1695,1776,1.78,0.37,2021-22
201142,12,Kevin Durant,1610612751,BKN,55,2047,578,1115,0.518,115,300,0.383,372,409,0.91,29,378,407,351,48,52,191,113,1643,1736,1.84,0.25,2021-22
203897,13,Zach LaVine,1610612741,CHI,67,2328,565,1186,0.476,185,475,0.389,320,375,0.853,22,286,308,303,41,23,171,120,1635,1463,1.77,0.24,2021-22
201939,14,Stephen Curry,1610612744,GSW,64,2211,535,1224,0.437,285,750,0.38,275,298,0.923,34,301,335,404,85,23,206,130,1630,1559,1.96,0.41,2021-22
1628970,15,Miles Bridges,1610612766,CHA,80,2837,596,1214,0.491,154,465,0.331,267,333,0.802,90,469,559,300,74,67,150,193,1613,1779,2.0,0.49,2021-22
1629630,16,Ja Morant,1610612763,MEM,57,1889,580,1177,0.493,88,256,0.344,316,415,0.761,77,248,325,384,66,22,196,86,1564,1469,1.96,0.34,2021-22
1627759,17,Jaylen Brown,1610612738,BOS,66,2220,576,1217,0.473,166,464,0.358,241,318,0.758,53,351,404,231,70,18,178,163,1559,1386,1.3,0.39,2021-22
1627783,18,Pascal Siakam,1610612761,TOR,68,2578,596,1207,0.494,75,218,0.344,284,379,0.749,128,452,580,360,85,42,181,225,1551,1731,1.99,0.47,2021-22
1630162,19,Anthony Edwards,1610612750,MIN,72,2466,549,1245,0.441,215,602,0.357,220,280,0.786,62,281,343,275,105,46,190,164,1533,1356,1.45,0.55,2021-22
1630163,20,LaMelo Ball,1610612766,CHA,75,2422,538,1254,0.429,220,565,0.389,212,243,0.872,108,393,501,571,119,30,245,237,1508,1737,2.33,0.49,2021-22
1629636,21,Darius Garland,1610612739,CLE,68,2430,542,1173,0.462,174,454,0.383,215,241,0.892,39,185,224,583,89,7,248,115,1473,1471,2.35,0.36,2021-22
203944,22,Julius Randle,1610612752,NYK,72,2544,512,1246,0.411,120,390,0.308,303,401,0.756,125,591,716,370,53,39,245,205,1447,1548,1.51,0.22,2021-22
201566,23,Russell Westbrook,1610612747,LAL,78,2678,548,1233,0.444,79,265,0.298,266,399,0.667,110,470,580,550,75,20,295,235,1441,1553,1.86,0.25,2021-22
1627749,24,Dejounte Murray,1610612759,SAS,68,2366,573,1241,0.462,96,294,0.327,196,247,0.794,80,483,563,627,138,23,180,138,1438,1890,3.48,0.77,2021-22
201935,25,James Harden,1610612755,PHI,65,2420,407,992,0.41,148,448,0.33,470,536,0.877,55,445,500,667,82,36,284,153,1432,1782,2.35,0.29,2021-22
1626179,26,Terry Rozier,1610612766,CHA,73,2458,518,1167,0.444,222,593,0.374,150,176,0.852,56,259,315,326,93,25,96,119,1408,1396,3.4,0.97,2021-22
1629673,27,Jordan Poole,1610612744,GSW,76,2283,474,1058,0.448,211,580,0.364,246,266,0.925,34,226,260,304,60,23,187,206,1405,1261,1.63,0.32,2021-22
1629628,28,RJ Barrett,1610612752,NYK,70,2417,487,1194,0.408,138,404,0.342,290,406,0.714,66,342,408,208,43,16,151,142,1402,1103,1.38,0.29,2021-22
1630217,29,Desmond Bane,1610612763,MEM,76,2266,508,1101,0.461,228,523,0.436,140,155,0.903,46,288,334,208,92,29,111,196,1384,1328,1.87,0.83,2021-22
1628983,30,Shai Gilgeous-Alexander,1610612760,OKC,56,1942,477,1052,0.453,89,297,0.3,328,405,0.81,37,241,278,331,71,46,154,142,1371,1291,2.15,0.46,2021-22
203468,31,CJ McCollum,1610612740,NOP,62,2145,536,1164,0.46,182,469,0.388,116,170,0.682,53,216,269,315,70,22,127,121,1370,1237,2.48,0.55,2021-22
1628368,32,De'Aaron Fox,1610612758,SAC,59,2083,516,1092,0.473,74,249,0.297,261,348,0.75,25,206,231,330,68,25,168,172,1367,1190,1.96,0.41,2021-22
1629639,32,Tyler Herro,1610612748,MIA,66,2151,501,1122,0.447,175,439,0.399,190,219,0.868,32,297,329,263,44,8,174,95,1367,1187,1.51,0.25,2021-22
203114,34,Khris Middleton,1610612749,MIL,66,2141,452,1021,0.443,162,434,0.373,259,291,0.89,41,315,356,358,76,18,190,160,1325,1342,1.88,0.4,2021-22
1630180,35,Saddiq Bey,1610612765,DET,82,2704,450,1136,0.396,211,610,0.346,210,254,0.827,107,334,441,233,73,16,96,128,1321,1258,2.43,0.76,2021-22
1627832,36,Fred VanVleet,1610612761,TOR,65,2462,442,1097,0.403,242,642,0.377,194,222,0.874,44,245,289,434,111,35,170,162,1320,1336,2.55,0.65,2021-22
202685,37,Jonas Valančiūnas,1610612740,NOP,74,2240,510,938,0.544,57,158,0.361,237,289,0.82,226,617,843,190,41,60,179,247,1314,1789,1.06,0.23,2021-22
1630178,38,Tyrese Maxey,1610612755,PHI,75,2650,483,995,0.485,132,309,0.427,213,246,0.866,26,214,240,321,55,32,88,156,1311,1326,3.65,0.63,2021-22
202696,39,Nikola Vučević,1610612741,CHI,73,2418,546,1154,0.473,104,331,0.314,92,121,0.76,142,662,804,236,70,71,136,181,1288,1696,1.74,0.52,2021-22
1628973,40,Jalen Brunson,1610612742,DAL,79,2524,506,1008,0.502,94,252,0.373,179,213,0.84,43,266,309,377,66,3,124,151,1285,1380,3.04,0.53,2021-22
1629018,41,Gary Trent Jr.,1610612761,TOR,70,2448,450,1086,0.414,209,545,0.383,174,204,0.853,26,165,191,141,122,19,73,144,1283,1017,1.93,1.67,2021-22
1629640,42,Keldon Johnson,1610612759,SAS,75,2392,471,1011,0.466,159,399,0.398,177,234,0.756,80,377,457,158,58,14,92,148,1278,1276,1.72,0.63,2021-22
1628991,43,Jaren Jackson Jr.,1610612763,MEM,78,2126,430,1036,0.415,128,401,0.319,284,345,0.823,119,335,454,86,73,177,130,272,1272,1265,0.66,0.56,2021-22
203903,44,Jordan Clarkson,1610612762,UTA,79,2141,466,1113,0.419,190,597,0.318,144,174,0.828,67,206,273,194,66,16,129,149,1266,1009,1.5,0.51,2021-22
1627741,45,Buddy Hield,1610612754,IND,81,2499,446,1098,0.406,262,716,0.366,111,127,0.874,66,287,353,229,73,25,153,184,1265,1124,1.5,0.48,2021-22
203084,45,Harrison Barnes,1610612758,SAC,77,2587,391,834,0.469,142,360,0.394,341,413,0.826,82,350,432,186,53,14,118,94,1265,1317,1.58,0.45,2021-22
202704,47,Reggie Jackson,1610612746,LAC,75,2337,479,1222,0.392,167,512,0.326,138,163,0.847,39,232,271,359,55,15,173,159,1263,1022,2.08,0.32,2021-22
202699,48,Tobias Harris,1610612755,PHI,73,2543,493,1022,0.482,101,275,0.367,170,202,0.842,77,419,496,252,47,43,116,164,1257,1418,2.17,0.41,2021-22
203952,49,Andrew Wiggins,1610612744,GSW,73,2330,475,1019,0.466,157,399,0.393,149,235,0.634,85,240,325,161,76,51,111,158,1256,1128,1.45,0.69,2021-22
202711,50,Bojan Bogdanovic,1610612762,UTA,69,2131,422,928,0.455,181,468,0.387,223,260,0.858,58,238,296,120,34,1,118,116,1248,1038,1.02,0.29,2021-22
1627742,51,Brandon Ingram,1610612740,NOP,55,1869,453,983,0.461,74,226,0.327,266,322,0.826,35,285,320,307,34,26,151,119,1246,1196,2.03,0.23,2021-22
201950,52,Jrue Holiday,1610612749,MIL,67,2207,478,954,0.501,132,321,0.411,137,180,0.761,69,232,301,457,108,29,183,133,1225,1418,2.5,0.59,2021-22
202710,53,Jimmy Butler III,1610612748,MIA,57,1931,398,829,0.48,27,116,0.233,396,455,0.87,102,234,336,312,94,27,121,88,1219,1377,2.58,0.78,2021-22
1626174,54,Christian Wood,1610612745,HOU,68,2094,440,878,0.501,131,336,0.39,207,332,0.623,110,576,686,155,54,65,126,171,1218,1489,1.23,0.43,2021-22
1630532,55,Franz Wagner,1610612753,ORL,79,2429,456,975,0.468,96,271,0.354,189,219,0.863,84,272,356,231,68,34,119,164,1197,1218,1.94,0.57,2021-22
1630169,56,Tyrese Haliburton,1610612754,IND,77,2694,430,909,0.473,161,389,0.414,160,190,0.842,61,250,311,628,134,49,199,121,1181,1595,3.16,0.67,2021-22
1626156,57,D'Angelo Russell,1610612750,MIN,65,2077,401,975,0.411,176,518,0.34,198,240,0.825,25,191,216,460,62,22,165,130,1176,1155,2.79,0.38,2021-22
1627734,58,Domantas Sabonis,1610612758,SAC,62,2136,443,773,0.573,39,125,0.312,246,332,0.741,201,551,752,323,59,27,195,203,1171,1721,1.66,0.3,2021-22
1628969,59,Mikal Bridges,1610612756,PHX,82,2854,458,858,0.534,115,312,0.369,131,157,0.834,74,273,347,185,96,36,68,150,1162,1332,2.72,1.41,2021-22
1630224,60,Jalen Green,1610612745,HOU,67,2138,406,954,0.426,157,458,0.343,188,236,0.797,33,193,226,176,44,18,135,103,1157,890,1.3,0.33,2021-22
1626162,61,Kelly Oubre Jr.,1610612766,CHA,76,1999,410,932,0.44,191,553,0.345,126,189,0.667,79,223,302,84,77,31,67,189,1137,979,1.25,1.15,2021-22
1630567,62,Scottie Barnes,1610612761,TOR,74,2617,459,932,0.492,58,193,0.301,158,215,0.735,195,362,557,256,80,55,136,192,1134,1416,1.88,0.59,2021-22
1628398,63,Kyle Kuzma,1610612764,WAS,66,2204,423,936,0.452,128,375,0.341,156,219,0.712,70,491,561,233,42,57,169,128,1130,1278,1.38,0.25,2021-22
203932,64,Aaron Gordon,1610612743,DEN,75,2375,434,834,0.52,87,260,0.335,171,230,0.743,125,314,439,188,44,44,133,148,1126,1249,1.41,0.33,2021-22
203095,65,Evan Fournier,1610612752,NYK,80,2358,402,965,0.417,241,619,0.389,80,113,0.708,34,176,210,171,79,20,105,180,1125,904,1.63,0.75,2021-22
1630595,66,Cade Cunningham,1610612765,DET,64,2088,429,1031,0.416,114,363,0.314,142,168,0.845,58,296,354,356,78,43,234,200,1114,1083,1.52,0.33,2021-22
1628389,67,Bam Adebayo,1610612748,MIA,56,1825,406,729,0.557,0,6,0.0,256,340,0.753,137,427,564,190,80,44,148,171,1068,1391,1.28,0.54,2021-22
1630175,68,Cole Anthony,1610612753,ORL,65,2059,357,912,0.391,132,391,0.338,216,253,0.854,32,316,348,369,46,17,170,171,1062,1080,2.17,0.27,2021-22
1626171,69,Bobby Portis,1610612749,MIL,72,2028,417,871,0.479,133,338,0.393,85,113,0.752,180,477,657,86,53,51,90,174,1052,1327,0.96,0.59,2021-22
1628370,70,Malik Monk,1610612747,LAL,76,2138,391,826,0.473,173,442,0.391,93,117,0.795,37,219,256,218,61,29,122,138,1048,1031,1.79,0.5,2021-22
203115,71,Will Barton,1610612743,DEN,71,2276,392,896,0.438,157,430,0.365,102,127,0.803,44,296,340,276,55,31,127,114,1043,1089,2.17,0.43,2021-22
1630596,72,Evan Mobley,1610612739,CLE,69,2331,422,830,0.508,23,92,0.25,167,252,0.663,143,427,570,174,56,115,133,147,1034,1323,1.31,0.42,2021-22
204001,73,Kristaps Porziņģis,1610612764,WAS,51,1481,352,767,0.459,78,252,0.31,248,286,0.867,102,309,411,119,37,84,81,137,1030,1147,1.47,0.46,2021-22
203497,74,Rudy Gobert,1610612762,UTA,66,2120,362,508,0.713,0,4,0.0,303,439,0.69,241,727,968,72,45,137,119,176,1027,1848,0.61,0.38,2021-22
203484,75,Kentavious Caldwell-Pope,1610612764,WAS,77,2329,361,829,0.435,159,408,0.39,137,154,0.89,41,220,261,145,83,26,97,139,1018,951,1.5,0.86,2021-22
201567,76,Kevin Love,1610612739,CLE,74,1665,327,761,0.43,187,477,0.392,166,198,0.838,87,449,536,160,26,18,98,101,1007,1183,1.63,0.27,2021-22
1629028,77,Deandre Ayton,1610612756,PHX,58,1713,442,697,0.634,7,19,0.368,106,142,0.746,149,444,593,84,40,40,91,142,997,1372,0.92,0.44,2021-22
1628401,78,Derrick White,1610612738,BOS,75,2199,337,800,0.421,115,369,0.312,203,235,0.864,38,223,261,366,64,58,119,172,992,1127,3.08,0.54,2021-22
1629014,79,Anfernee Simons,1610612757,POR,57,1681,353,797,0.443,179,442,0.405,103,116,0.888,26,125,151,221,30,6,115,110,988,824,1.92,0.26,2021-22
1627747,80,Caris LeVert,1610612739,CLE,58,1780,379,854,0.444,82,256,0.32,146,193,0.756,43,171,214,248,51,23,108,131,986,892,2.3,0.47,2021-22
201144,80,Mike Conley,1610612762,UTA,72,2058,344,791,0.435,169,414,0.408,129,162,0.796,47,170,217,385,96,21,123,142,986,1102,3.13,0.78,2021-22
203552,82,Seth Curry,1610612751,BKN,64,2134,360,739,0.487,158,374,0.422,82,94,0.872,21,179,200,230,53,14,109,148,960,957,2.11,0.49,2021-22
101108,83,Chris Paul,1610612756,PHX,65,2139,363,736,0.493,63,199,0.317,169,202,0.837,22,261,283,702,121,20,153,134,958,1525,4.59,0.79,2021-22
1627736,84,Malik Beasley,1610612750,MIN,79,1976,332,850,0.391,240,637,0.377,49,60,0.817,26,201,227,116,43,12,43,88,953,779,2.7,1.0,2021-22
203992,85,Bogdan Bogdanović,1610612737,ATL,63,1849,342,794,0.431,169,459,0.368,97,115,0.843,29,221,250,194,68,14,70,132,950,936,2.77,0.97,2021-22
1629645,86,Kevin Porter Jr.,1610612745,HOU,61,1907,335,808,0.415,155,413,0.375,124,193,0.642,43,224,267,376,69,22,192,156,949,949,1.96,0.36,2021-22
1628420,87,Monte Morris,1610612743,DEN,75,2239,374,773,0.484,124,314,0.395,73,84,0.869,27,199,226,333,56,14,78,92,945,1086,4.27,0.72,2021-22
202692,88,Alec Burks,1610612752,NYK,81,2318,285,728,0.391,157,389,0.404,217,264,0.822,47,350,397,239,85,26,91,215,944,1110,2.63,0.93,2021-22
1626149,89,Montrezl Harrell,1610612766,CHA,71,1640,358,555,0.645,4,17,0.235,212,296,0.716,149,282,431,145,29,43,72,137,932,1227,2.01,0.4,2021-22
1628976,90,Wendell Carter Jr.,1610612753,ORL,62,1852,359,684,0.525,70,214,0.327,143,207,0.691,139,509,648,171,36,43,117,169,931,1323,1.46,0.31,2021-22
203078,91,Bradley Beal,1610612764,WAS,40,1439,348,771,0.451,63,210,0.3,169,203,0.833,38,151,189,265,36,15,135,95,928,841,1.96,0.27,2021-22
203076,92,Anthony Davis,1610612747,LAL,40,1404,370,695,0.532,13,70,0.186,174,244,0.713,106,288,394,122,49,90,82,97,927,1105,1.49,0.6,2021-22
201988,93,Patty Mills,1610612751,BKN,81,2346,324,794,0.408,227,568,0.4,48,59,0.814,18,138,156,183,51,17,73,112,923,776,2.51,0.7,2021-22
2546,94,Carmelo Anthony,1610612747,LAL,69,1793,319,723,0.441,149,397,0.375,132,159,0.83,62,226,288,68,47,52,59,166,919,884,1.15,0.8,2021-22
1630256,94,Jae'Sean Tate,1610612745,HOU,78,2056,363,729,0.498,63,202,0.312,130,184,0.707,135,285,420,222,72,41,139,286,919,1115,1.6,0.52,2021-22
203915,94,Spencer Dinwiddie,1610612742,DAL,67,1981,306,735,0.416,112,330,0.339,195,252,0.774,45,234,279,346,44,13,104,150,919,1011,3.33,0.42,2021-22
1627751,97,Jakob Poeltl,1610612759,SAS,68,1970,410,663,0.618,1,1,1.0,94,190,0.495,262,372,634,189,45,118,109,212,915,1443,1.73,0.41,2021-22
1628386,98,Jarrett Allen,1610612739,CLE,56,1810,369,545,0.677,1,10,0.1,165,233,0.708,192,410,602,92,44,75,94,97,904,1379,0.98,0.47,2021-22
203924,98,Jerami Grant,1610612765,DET,47,1500,298,699,0.426,91,254,0.358,217,259,0.838,28,163,191,111,44,49,85,107,904,771,1.31,0.52,2021-22
1628984,100,Devonte' Graham,1610612740,NOP,76,2162,296,815,0.363,192,563,0.341,118,140,0.843,37,140,177,316,71,12,105,95,902,832,3.01,0.68,2021-22
1628374,101,Lauri Markkanen,1610612739,CLE,61,1878,313,703,0.445,136,380,0.358,138,159,0.868,59,286,345,81,45,30,54,130,900,936,1.5,0.83,2021-22
1628989,102,Kevin Huerter,1610612737,ATL,74,2188,345,760,0.454,160,411,0.389,42,52,0.808,32,222,254,203,55,26,91,185,892,914,2.23,0.6,2021-22
1630193,103,Immanuel Quickley,1610612752,NYK,78,1802,284,724,0.392,137,396,0.346,177,201,0.881,31,216,247,275,54,3,99,167,882,898,2.78,0.55,2021-22
1627827,104,Dorian Finney-Smith,1610612742,DAL,80,2644,326,692,0.471,172,435,0.395,56,83,0.675,122,253,375,150,88,39,80,183,880,1059,1.88,1.1,2021-22
1629652,105,Luguentz Dort,1610612760,OKC,51,1665,293,726,0.404,130,391,0.332,161,191,0.843,38,174,212,88,46,18,88,149,877,690,1.0,0.52,2021-22
1628381,106,John Collins,1610612737,ATL,54,1663,339,644,0.526,64,176,0.364,134,169,0.793,93,329,422,98,33,56,60,164,876,1085,1.63,0.55,2021-22
1630170,107,Devin Vassell,1610612759,SAS,71,1937,326,764,0.427,137,380,0.361,83,99,0.838,44,262,306,136,76,41,58,143,872,919,2.35,1.31,2021-22
1629611,107,Terance Mann,1610612746,LAC,81,2317,334,690,0.484,76,208,0.365,128,164,0.78,104,321,425,209,55,21,84,178,872,1106,2.49,0.66,2021-22
203471,109,Dennis Schröder,1610612745,HOU,64,1838,312,724,0.431,86,250,0.344,157,184,0.853,34,180,214,296,53,8,143,154,867,856,2.07,0.37,2021-22
1629130,110,Duncan Robinson,1610612748,MIA,79,2043,290,726,0.399,232,624,0.372,51,61,0.836,24,179,203,129,42,14,60,201,863,745,2.15,0.7,2021-22
1630558,111,Davion Mitchell,1610612758,SAC,75,2076,352,843,0.418,101,320,0.316,56,85,0.659,33,133,166,313,55,24,114,141,861,785,2.75,0.48,2021-22
203935,111,Marcus Smart,1610612738,BOS,71,2296,300,718,0.418,119,360,0.331,142,179,0.793,42,228,270,417,119,18,159,160,861,1071,2.62,0.75,2021-22
1626181,113,Norman Powell,1610612746,LAC,45,1458,279,605,0.461,106,253,0.419,189,233,0.811,20,125,145,96,42,21,69,106,853,718,1.39,0.61,2021-22
1629022,114,Lonnie Walker IV,1610612759,SAS,70,1612,311,764,0.407,111,353,0.314,116,148,0.784,18,163,181,152,44,19,71,98,849,689,2.14,0.62,2021-22
200768,115,Kyle Lowry,1610612748,MIA,63,2133,276,627,0.44,144,382,0.377,148,174,0.851,33,249,282,474,67,17,168,177,844,1139,2.82,0.4,2021-22
203994,116,Jusuf Nurkić,1610612757,POR,56,1578,321,600,0.535,15,56,0.268,185,268,0.69,167,452,619,157,62,34,143,189,842,1209,1.1,0.43,2021-22
1628379,117,Luke Kennard,1610612746,LAC,70,1919,287,639,0.449,190,423,0.449,69,77,0.896,20,209,229,146,42,6,60,101,833,836,2.43,0.7,2021-22
202694,118,Marcus Morris Sr.,1610612746,LAC,54,1564,300,691,0.434,101,275,0.367,129,148,0.872,26,213,239,113,28,18,69,115,830,749,1.64,0.41,2021-22
1629661,119,Cameron Johnson,1610612756,PHX,66,1730,279,607,0.46,166,391,0.425,98,114,0.86,42,231,273,99,57,16,47,113,822,876,2.11,1.21,2021-22
1628384,119,OG Anunoby,1610612761,TOR,48,1728,309,697,0.443,115,317,0.363,89,118,0.754,74,190,264,125,71,25,80,131,822,810,1.56,0.89,2021-22
203991,121,Clint Capela,1610612737,ATL,74,2042,370,604,0.613,0,1,0.0,80,169,0.473,279,598,877,92,55,93,44,166,820,1570,2.09,1.25,2021-22
1628404,122,Josh Hart,1610612757,POR,54,1791,287,569,0.504,73,213,0.343,160,211,0.758,62,326,388,224,61,13,114,150,807,1046,1.97,0.54,2021-22
202681,123,Kyrie Irving,1610612751,BKN,29,1092,289,616,0.469,100,239,0.418,118,129,0.915,16,111,127,167,41,17,73,81,796,737,2.29,0.56,2021-22
1629001,124,De'Anthony Melton,1610612763,MEM,73,1657,281,695,0.404,139,372,0.374,90,120,0.75,64,264,328,194,104,39,112,128,791,900,1.73,0.93,2021-22
1626168,125,Trey Lyles,1610612758,SAC,75,1536,262,562,0.466,67,209,0.321,195,243,0.802,89,290,379,88,29,32,73,123,786,893,1.21,0.4,2021-22
1627826,126,Ivica Zubac,1610612746,LAC,76,1852,310,495,0.626,0,0,0.0,165,227,0.727,217,427,644,120,36,77,114,203,785,1301,1.05,0.32,2021-22
202330,127,Gordon Hayward,1610612766,CHA,49,1564,283,617,0.459,86,220,0.391,126,149,0.846,38,186,224,177,47,22,81,85,778,810,2.19,0.58,2021-22
1629632,128,Coby White,1610612741,CHI,61,1675,279,644,0.433,136,353,0.385,78,91,0.857,17,165,182,176,29,11,70,137,772,722,2.51,0.41,2021-22
201145,128,Jeff Green,1610612743,DEN,75,1849,277,529,0.524,53,168,0.315,165,198,0.833,41,190,231,96,28,27,71,151,772,798,1.35,0.39,2021-22
201568,130,Danilo Gallinari,1610612737,ATL,66,1672,259,597,0.434,112,294,0.381,141,156,0.904,35,273,308,101,28,12,38,93,771,829,2.66,0.74,2021-22
201569,131,Eric Gordon,1610612745,HOU,57,1670,268,564,0.475,124,301,0.412,105,135,0.778,15,98,113,154,28,18,107,63,765,645,1.44,0.26,2021-22
1628964,132,Mo Bamba,1610612753,ORL,71,1824,296,617,0.48,107,281,0.381,57,73,0.781,148,424,572,85,38,118,77,182,756,1155,1.1,0.49,2021-22
1628449,133,Chris Boucher,1610612761,TOR,80,1690,268,577,0.464,68,229,0.297,150,193,0.777,179,315,494,25,49,75,42,174,754,1003,0.6,1.17,2021-22
202331,133,Paul George,1610612746,LAC,31,1077,268,636,0.421,91,257,0.354,127,148,0.858,12,201,213,176,67,13,126,74,754,708,1.4,0.53,2021-22
203200,135,Justin Holiday,1610612758,SAC,74,2057,261,662,0.394,177,482,0.367,50,62,0.806,29,161,190,128,57,33,70,154,749,674,1.83,0.81,2021-22
1629647,136,Darius Bazley,1610612760,OKC,69,1924,274,649,0.422,80,269,0.297,117,170,0.688,71,365,436,97,58,70,90,68,745,888,1.08,0.64,2021-22
1630529,137,Herbert Jones,1610612740,NOP,78,2335,274,576,0.476,57,169,0.337,137,163,0.84,98,198,296,167,130,60,100,238,742,967,1.67,1.3,2021-22
1628960,138,Grayson Allen,1610612749,MIL,66,1805,255,569,0.448,159,389,0.409,64,74,0.865,32,190,222,100,46,18,43,96,733,752,2.33,1.07,2021-22
1629622,139,Max Strus,1610612748,MIA,68,1587,249,564,0.441,181,442,0.41,42,53,0.792,24,178,202,92,28,16,57,116,721,676,1.61,0.49,2021-22
1630537,140,Chris Duarte,1610612754,IND,55,1541,268,621,0.432,94,255,0.369,90,112,0.804,41,185,226,114,56,10,90,95,720,661,1.27,0.62,2021-22
203939,141,Dwight Powell,1610612742,DAL,82,1798,269,401,0.671,13,37,0.351,166,212,0.783,173,231,404,97,37,39,64,220,717,1052,1.52,0.58,2021-22
1626224,142,Cedi Osman,1610612739,CLE,66,1462,247,572,0.432,128,359,0.357,87,131,0.664,25,121,146,135,52,10,67,127,709,616,2.02,0.78,2021-22
1629631,142,De'Andre Hunter,1610612737,ATL,53,1577,254,575,0.442,74,195,0.379,127,166,0.765,26,150,176,68,36,21,69,155,709,581,0.99,0.52,2021-22
201143,144,Al Horford,1610612738,BOS,69,2005,266,569,0.467,89,265,0.336,80,95,0.842,108,422,530,232,49,92,65,130,701,1221,3.57,0.75,2021-22
1627777,145,Georges Niang,1610612755,PHI,76,1736,246,563,0.437,156,387,0.403,52,59,0.881,25,178,203,102,30,13,59,190,700,665,1.73,0.51,2021-22
1630538,146,Bones Hyland,1610612743,DEN,69,1310,230,571,0.403,131,358,0.366,107,125,0.856,14,174,188,191,41,20,86,153,698,693,2.22,0.48,2021-22
1630231,147,KJ Martin,1610612745,HOU,79,1656,279,523,0.533,60,168,0.357,78,123,0.634,80,217,297,101,34,40,60,113,696,819,1.68,0.57,2021-22
203081,148,Damian Lillard,1610612757,POR,29,1056,222,552,0.402,92,284,0.324,159,181,0.878,13,107,120,212,17,11,83,37,695,620,2.55,0.21,2021-22
1630578,149,Alperen Sengun,1610612745,HOU,72,1489,249,525,0.474,29,117,0.248,165,232,0.711,138,255,393,185,59,68,145,214,692,909,1.28,0.41,2021-22
1629638,149,Nickeil Alexander-Walker,1610612762,UTA,65,1466,253,680,0.372,105,338,0.311,81,109,0.743,37,150,187,156,46,23,93,103,692,556,1.68,0.5,2021-22
1627763,151,Malcolm Brogdon,1610612754,IND,36,1206,243,543,0.448,58,186,0.312,143,167,0.856,33,152,185,212,30,14,77,71,687,727,2.75,0.39,2021-22
1630166,152,Deni Avdija,1610612764,WAS,82,1984,250,579,0.432,82,259,0.317,103,136,0.757,52,373,425,167,59,44,87,190,685,931,1.92,0.68,2021-22
201580,153,JaVale McGee,1610612756,PHX,74,1172,288,458,0.629,2,9,0.222,102,146,0.699,163,333,496,42,22,81,98,181,680,1009,0.43,0.22,2021-22
1630245,154,Ayo Dosunmu,1610612741,CHI,77,2110,278,535,0.52,70,186,0.376,53,78,0.679,27,187,214,256,60,29,108,182,679,848,2.37,0.56,2021-22
203914,154,Gary Harris,1610612753,ORL,61,1730,240,553,0.434,116,302,0.384,83,95,0.874,36,86,122,108,59,9,61,112,679,591,1.77,0.97,2021-22
1629655,156,Daniel Gafford,1610612764,WAS,72,1444,285,411,0.693,0,1,0.0,107,153,0.699,155,252,407,68,30,99,65,170,677,1044,1.05,0.46,2021-22
1630581,157,Josh Giddey,1610612760,OKC,54,1700,281,670,0.419,56,213,0.263,56,79,0.709,98,323,421,345,51,20,171,88,674,928,2.02,0.3,2021-22
1629023,158,P.J. Washington,1610612766,CHA,65,1768,250,532,0.47,110,301,0.365,58,81,0.716,82,255,337,147,57,61,82,152,668,883,1.79,0.7,2021-22
1629634,159,Brandon Clarke,1610612763,MEM,64,1246,288,447,0.644,5,22,0.227,85,130,0.654,135,207,342,86,39,68,34,122,666,963,2.53,1.15,2021-22
1626196,159,Josh Richardson,1610612759,SAS,65,1600,234,534,0.438,102,246,0.415,96,108,0.889,42,143,185,115,56,29,66,116,666,673,1.74,0.85,2021-22
1630173,161,Precious Achiuwa,1610612761,TOR,73,1725,265,603,0.439,56,156,0.359,78,131,0.595,146,327,473,82,37,41,84,151,664,822,0.98,0.44,2021-22
1627854,162,Bryn Forbes,1610612743,DEN,75,1286,231,539,0.429,122,295,0.414,79,87,0.908,10,83,93,75,25,5,56,95,663,489,1.34,0.45,2021-22
203463,163,Ben McLemore,1610612757,POR,64,1285,216,539,0.401,151,417,0.362,72,88,0.818,12,91,103,59,38,10,55,103,655,471,1.07,0.69,2021-22
1629637,164,Jaxson Hayes,1610612740,NOP,70,1398,245,398,0.616,20,57,0.351,144,188,0.766,115,200,315,43,33,55,54,155,654,849,0.8,0.61,2021-22
1630228,165,Jonathan Kuminga,1610612744,GSW,70,1185,236,460,0.513,50,149,0.336,130,190,0.684,54,180,234,64,31,22,74,146,652,645,0.87,0.42,2021-22
202691,165,Klay Thompson,1610612744,GSW,32,941,246,573,0.429,114,296,0.385,46,51,0.902,15,110,125,88,16,17,43,54,652,523,2.05,0.37,2021-22
1629726,167,Garrison Mathews,1610612745,HOU,65,1712,184,461,0.399,139,386,0.36,143,180,0.794,32,158,190,64,57,24,41,168,650,630,1.56,1.39,2021-22
1630167,168,Obi Toppin,1610612752,NYK,72,1230,251,473,0.531,52,169,0.308,94,124,0.758,69,199,268,77,25,33,56,102,648,743,1.38,0.45,2021-22
1628971,169,Bruce Brown,1610612751,BKN,72,1774,256,506,0.506,38,94,0.404,97,128,0.758,100,245,345,148,77,52,56,176,647,932,2.64,1.38,2021-22
1630183,169,Jaden McDaniels,1610612750,MIN,70,1803,255,554,0.46,80,252,0.317,57,71,0.803,76,217,293,79,52,54,75,224,647,737,1.05,0.69,2021-22
1626192,171,Pat Connaughton,1610612749,MIL,65,1691,227,496,0.458,146,370,0.395,45,54,0.833,45,228,273,82,59,15,35,86,645,761,2.34,1.69,2021-22
1629675,172,Naz Reid,1610612750,MIN,77,1215,233,476,0.489,57,166,0.343,114,149,0.765,102,199,301,71,40,71,82,172,637,760,0.87,0.49,2021-22
1628977,173,Hamidou Diallo,1610612765,DET,58,1269,261,526,0.496,23,93,0.247,91,140,0.65,69,208,277,73,71,17,58,143,636,702,1.26,1.22,2021-22
1630557,174,Corey Kispert,1610612764,WAS,77,1801,234,514,0.455,112,320,0.35,54,62,0.871,53,156,209,85,35,22,50,93,634,647,1.7,0.7,2021-22
203109,175,Jae Crowder,1610612756,PHX,67,1886,217,544,0.399,127,365,0.348,71,90,0.789,30,324,354,124,95,30,55,173,632,834,2.26,1.73,2021-22
1626145,175,Tyus Jones,1610612763,MEM,73,1549,249,552,0.451,80,205,0.39,54,66,0.818,17,159,176,324,66,2,46,32,632,839,7.04,1.44,2021-22
203082,177,Terrence Ross,1610612753,ORL,63,1448,220,554,0.397,77,264,0.292,112,130,0.862,20,141,161,116,28,12,75,68,629,519,1.55,0.37,2021-22
1626166,178,Cameron Payne,1610612756,PHX,58,1278,240,587,0.409,71,211,0.336,75,89,0.843,24,151,175,282,40,17,103,119,626,676,2.74,0.39,2021-22
1630544,179,Tre Mann,1610612760,OKC,60,1367,231,588,0.393,98,272,0.36,65,82,0.793,25,146,171,91,47,12,71,102,625,501,1.28,0.66,2021-22
1629599,180,Amir Coffey,1610612746,LAC,69,1567,211,466,0.453,96,254,0.378,101,117,0.863,26,171,197,124,38,15,45,87,619,677,2.76,0.84,2021-22
1629052,181,Oshae Brissett,1610612754,IND,67,1564,208,506,0.411,83,237,0.35,114,164,0.695,108,250,358,72,44,29,54,116,613,714,1.33,0.82,2021-22
1629011,182,Mitchell Robinson,1610612752,NYK,72,1848,261,343,0.761,0,0,0.0,88,181,0.486,295,322,617,38,58,133,60,195,610,1221,0.63,0.97,2021-22
200746,183,LaMarcus Aldridge,1610612751,BKN,47,1050,252,458,0.55,14,46,0.304,89,102,0.873,73,185,258,42,14,47,44,78,607,705,0.96,0.32,2021-22
1629057,183,Robert Williams III,1610612738,BOS,61,1804,271,368,0.736,0,1,0.0,65,90,0.722,238,350,588,121,56,134,63,137,607,1321,1.92,0.89,2021-22
1629643,185,Chuma Okeke,1610612753,ORL,70,1749,216,575,0.376,118,371,0.318,55,65,0.846,47,300,347,118,97,42,57,95,605,783,2.07,1.7,2021-22
203496,186,Robert Covington,1610612746,LAC,71,1940,209,498,0.42,128,339,0.378,58,69,0.841,59,332,391,92,103,91,75,190,604,906,1.23,1.37,2021-22
1629684,187,Grant Williams,1610612738,BOS,77,1875,205,432,0.475,106,258,0.411,86,95,0.905,64,210,274,78,38,57,62,186,602,751,1.26,0.61,2021-22
203501,188,Tim Hardaway Jr.,1610612742,DAL,42,1245,209,530,0.394,102,304,0.336,78,103,0.757,13,143,156,92,38,6,34,74,598,510,2.71,1.12,2021-22
1629659,189,Talen Horton-Tucker,1610612747,LAL,60,1511,224,538,0.416,49,182,0.269,100,125,0.8,37,156,193,159,59,29,82,148,597,616,1.94,0.72,2021-22
1629216,190,Gabe Vincent,1610612748,MIA,68,1589,214,513,0.417,119,323,0.368,44,54,0.815,22,104,126,210,62,12,98,158,591,594,2.14,0.63,2021-22
1628415,191,Dillon Brooks,1610612763,MEM,32,885,227,526,0.432,46,149,0.309,90,106,0.849,29,73,102,88,36,8,50,105,590,459,1.76,0.72,2021-22
1630191,192,Isaiah Stewart,1610612765,DET,71,1816,250,490,0.51,15,46,0.326,74,103,0.718,226,391,617,82,22,78,85,211,589,1034,0.97,0.26,2021-22
1630171,193,Isaac Okoro,1610612739,CLE,67,1981,207,431,0.48,55,157,0.35,119,155,0.768,72,129,201,121,56,22,58,164,588,670,2.09,0.97,2021-22
1630528,194,Josh Christopher,1610612745,HOU,74,1334,224,500,0.448,56,189,0.296,83,113,0.735,52,134,186,150,65,13,114,97,587,581,1.32,0.57,2021-22
203493,195,Reggie Bullock Jr.,1610612742,DAL,68,1902,201,501,0.401,141,392,0.36,40,48,0.833,33,208,241,83,41,14,40,111,583,614,2.08,1.03,2021-22
203083,196,Andre Drummond,1610612751,BKN,73,1437,247,433,0.57,0,3,0.0,86,164,0.524,229,451,680,131,78,68,115,192,580,1158,1.14,0.68,2021-22
203926,197,Doug McDermott,1610612759,SAS,51,1223,215,465,0.462,108,256,0.422,40,51,0.784,18,97,115,64,13,6,43,79,578,472,1.49,0.3,2021-22
1629013,198,Landry Shamet,1610612756,PHX,69,1437,191,485,0.394,123,334,0.368,68,81,0.84,16,110,126,108,28,9,41,92,573,496,2.63,0.68,2021-22
1630560,199,Cam Thomas,1610612751,BKN,67,1176,218,503,0.433,47,174,0.27,87,105,0.829,16,145,161,78,33,8,55,66,570,492,1.42,0.6,2021-22
1626220,199,Royce O'Neale,1610612762,UTA,77,2406,203,444,0.457,119,306,0.389,45,56,0.804,64,304,368,191,86,32,79,183,570,916,2.42,1.09,2021-22
1630591,201,Jalen Suggs,1610612753,ORL,48,1307,198,548,0.361,42,196,0.214,126,163,0.773,26,145,171,209,59,19,143,142,564,492,1.46,0.41,2021-22
1629021,201,Moritz Wagner,1610612753,ORL,63,960,197,396,0.497,66,201,0.328,104,129,0.806,42,190,232,87,20,13,56,123,564,636,1.55,0.36,2021-22
1628392,203,Isaiah Hartenstein,1610612746,LAC,68,1216,229,366,0.626,14,30,0.467,91,132,0.689,117,215,332,160,50,77,84,167,563,920,1.91,0.6,2021-22
1628402,204,Frank Jackson,1610612765,DET,53,1164,194,483,0.402,86,279,0.308,86,104,0.827,19,68,87,55,27,9,38,89,560,393,1.45,0.71,2021-22
1628997,205,Caleb Martin,1610612748,MIA,60,1372,208,410,0.507,64,155,0.413,71,93,0.763,70,160,230,64,58,30,52,104,551,657,1.23,1.12,2021-22
1629234,206,Drew Eubanks,1610612757,POR,71,1245,221,371,0.596,5,23,0.217,99,130,0.762,130,252,382,85,31,40,81,122,546,822,1.05,0.38,2021-22
1628998,207,Cody Martin,1610612766,CHA,71,1866,204,423,0.482,61,159,0.384,75,107,0.701,82,203,285,179,88,32,61,116,544,816,2.93,1.44,2021-22
1628963,208,Marvin Bagley III,1610612765,DET,48,1146,225,446,0.504,23,97,0.237,67,101,0.663,105,233,338,36,22,18,39,93,540,660,0.92,0.56,2021-22
1626167,208,Myles Turner,1610612754,IND,42,1235,200,393,0.509,61,183,0.333,79,105,0.752,65,232,297,44,28,118,54,119,540,754,0.82,0.52,2021-22
200782,210,P.J. Tucker,1610612748,MIA,71,1981,207,428,0.484,80,193,0.415,45,61,0.738,100,287,387,149,58,15,66,161,539,845,2.26,0.88,2021-22
1629002,211,Chimezie Metu,1610612758,SAC,60,1279,203,449,0.452,57,186,0.306,71,91,0.78,34,301,335,60,51,32,61,93,534,685,0.98,0.84,2021-22
202339,211,Eric Bledsoe,1610612757,POR,54,1361,197,468,0.421,51,163,0.313,89,117,0.761,28,154,182,225,69,19,116,85,534,614,1.94,0.6,2021-22
202355,211,Hassan Whiteside,1610612762,UTA,65,1162,215,330,0.652,0,0,0.0,104,167,0.623,166,328,494,26,22,103,53,179,534,948,0.49,0.42,2021-22
201976,214,Patrick Beverley,1610612750,MIN,58,1476,177,436,0.406,83,242,0.343,96,133,0.722,62,178,240,268,67,52,73,174,533,791,3.67,0.92,2021-22
203500,215,Steven Adams,1610612763,MEM,76,1999,210,384,0.547,0,1,0.0,108,199,0.543,349,411,760,256,65,60,115,153,528,1289,2.23,0.57,2021-22
1629669,216,Jaylen Nowell,1610612750,MIN,62,975,196,413,0.475,63,160,0.394,72,92,0.783,22,101,123,130,27,10,36,73,527,544,3.61,0.75,2021-22
203526,217,Raul Neto,1610612764,WAS,70,1372,204,441,0.463,35,120,0.292,83,108,0.769,13,121,134,217,55,3,79,104,526,594,2.75,0.7,2021-22
202709,218,Cory Joseph,1610612765,DET,65,1600,178,400,0.445,65,157,0.414,100,113,0.885,29,145,174,237,42,17,85,147,521,671,2.79,0.49,2021-22
203937,218,Kyle Anderson,1610612763,MEM,69,1484,209,469,0.446,36,109,0.33,67,105,0.638,69,299,368,183,77,45,71,108,521,825,2.58,1.09,2021-22
1628470,220,Torrey Craig,1610612756,PHX,78,1596,200,441,0.454,77,234,0.329,39,52,0.75,86,224,310,91,46,36,67,151,516,678,1.36,0.69,2021-22
203490,221,Otto Porter Jr.,1610612744,GSW,63,1396,193,416,0.464,80,216,0.37,49,61,0.803,86,276,362,94,68,29,37,83,515,796,2.54,1.84,2021-22
1629020,222,Jarred Vanderbilt,1610612750,MIN,74,1881,212,361,0.587,2,14,0.143,86,131,0.656,215,409,624,94,99,46,73,181,512,1108,1.29,1.36,2021-22
1627788,223,Furkan Korkmaz,1610612755,PHI,67,1414,182,470,0.387,77,266,0.289,68,84,0.81,22,153,175,127,33,9,48,58,509,501,2.65,0.69,2021-22
1627780,224,Gary Payton II,1610612744,GSW,71,1248,212,344,0.616,43,120,0.358,35,58,0.603,72,175,247,64,96,22,40,131,502,736,1.6,2.4,2021-22
1627752,224,Taurean Prince,1610612750,MIN,69,1177,177,390,0.454,86,229,0.376,62,82,0.756,26,148,174,68,47,23,53,116,502,528,1.28,0.89,2021-22
1630533,226,Ziaire Williams,1610612763,MEM,62,1346,191,424,0.45,76,242,0.314,43,55,0.782,26,103,129,65,35,12,41,113,501,456,1.59,0.85,2021-22
1629629,227,Cam Reddish,1610612752,NYK,49,1012,165,408,0.404,66,184,0.359,101,112,0.902,25,80,105,48,47,15,57,60,497,401,0.84,0.83,2021-22
1626172,228,Kevon Looney,1610612744,GSW,82,1732,208,364,0.571,0,1,0.0,75,125,0.6,208,388,596,165,50,52,67,215,491,1081,2.46,0.75,2021-22
201587,228,Nicolas Batum,1610612746,LAC,59,1463,179,387,0.463,108,270,0.4,25,38,0.658,29,225,254,100,58,42,40,80,491,684,2.5,1.45,2021-22
1630181,230,R.J. Hampton,1610612753,ORL,64,1402,175,457,0.383,64,183,0.35,75,117,0.641,23,171,194,158,42,13,87,101,489,485,1.82,0.48,2021-22
1629670,231,Jordan Nwora,1610612749,MIL,62,1185,186,462,0.403,79,227,0.348,36,43,0.837,37,184,221,59,25,17,57,78,487,469,1.04,0.44,2021-22
203486,232,Mason Plumlee,1610612766,CHA,73,1793,205,320,0.641,0,2,0.0,67,171,0.392,176,389,565,226,61,52,100,224,477,1062,2.26,0.61,2021-22
1629060,233,Rui Hachimura,1610612764,WAS,42,944,187,381,0.491,55,123,0.447,46,66,0.697,25,135,160,48,23,9,33,53,475,468,1.46,0.7,2021-22
1630613,234,Duane Washington Jr.,1610612754,IND,48,968,173,427,0.405,81,215,0.377,46,61,0.754,4,79,83,85,26,3,57,66,473,344,1.49,0.46,2021-22
1630188,235,Jalen Smith,1610612754,IND,51,924,176,350,0.503,40,122,0.328,78,102,0.765,101,206,307,24,15,41,42,96,470,617,0.57,0.36,2021-22
1629750,236,Javonte Green,1610612741,CHI,65,1519,176,325,0.542,36,101,0.356,80,96,0.833,91,185,276,60,67,32,30,132,468,708,2.0,2.23,2021-22
1626158,236,Richaun Holmes,1610612758,SAC,45,1074,198,300,0.66,2,5,0.4,70,90,0.778,93,224,317,48,17,41,56,128,468,713,0.86,0.3,2021-22
1627814,238,Damion Lee,1610612744,GSW,63,1257,169,383,0.441,63,187,0.337,66,75,0.88,27,176,203,63,39,6,38,95,467,517,1.66,1.03,2021-22
1630197,239,Aleksej Pokusevski,1610612760,OKC,61,1233,186,456,0.408,57,197,0.289,35,50,0.7,73,245,318,131,39,38,94,88,464,611,1.39,0.42,2021-22
1628366,240,Lonzo Ball,1610612741,CHI,35,1212,162,383,0.423,110,260,0.423,21,28,0.75,35,155,190,178,64,31,82,85,455,608,2.17,0.78,2021-22
1627745,241,Damian Jones,1610612758,SAC,56,1017,175,266,0.658,10,29,0.345,94,131,0.718,75,171,246,69,26,47,59,130,454,655,1.17,0.44,2021-22
1629676,241,Isaiah Roby,1610612760,OKC,45,948,166,323,0.514,44,99,0.444,78,116,0.672,75,142,217,71,36,34,43,109,454,574,1.65,0.84,2021-22
1630165,243,Killian Hayes,1610612765,DET,66,1647,176,459,0.383,44,167,0.263,57,74,0.77,36,174,210,277,78,35,111,183,453,642,2.5,0.7,2021-22
1626195,243,Willy Hernangomez,1610612740,NOP,50,839,170,327,0.52,4,12,0.333,109,141,0.773,143,195,338,63,21,19,51,97,453,654,1.24,0.41,2021-22
1629003,245,Shake Milton,1610612755,PHI,55,1179,173,403,0.429,43,133,0.323,61,73,0.836,30,112,142,139,28,17,44,99,450,490,3.16,0.64,2021-22
200752,246,Rudy Gay,1610612762,UTA,55,1038,157,379,0.414,70,203,0.345,62,79,0.785,55,187,242,56,25,19,47,95,446,502,1.19,0.53,2021-22
201937,247,Ricky Rubio,1610612754,IND,34,970,149,411,0.363,59,174,0.339,88,103,0.854,15,126,141,225,49,7,90,75,445,500,2.5,0.54,2021-22
1630559,248,Austin Reaves,1610612747,LAL,61,1418,146,318,0.459,53,167,0.317,99,118,0.839,45,148,193,110,29,20,40,87,444,565,2.75,0.73,2021-22
1630202,249,Payton Pritchard,1610612738,BOS,71,1001,160,373,0.429,101,245,0.412,21,21,1.0,32,102,134,139,25,6,41,61,442,492,3.39,0.61,2021-22
202357,250,Nemanja Bjelica,1610612744,GSW,71,1142,160,342,0.468,54,149,0.362,59,81,0.728,62,232,294,159,41,26,87,128,433,662,1.83,0.47,2021-22
203210,251,JaMychal Green,1610612743,DEN,67,1085,159,327,0.486,33,124,0.266,81,93,0.871,81,200,281,59,43,26,57,158,432,604,1.04,0.75,2021-22
202689,252,Kemba Walker,1610612752,NYK,37,948,149,370,0.403,73,199,0.367,60,71,0.845,14,97,111,131,26,7,48,37,431,426,2.73,0.54,2021-22
202326,253,DeMarcus Cousins,1610612743,DEN,48,717,149,324,0.46,37,122,0.303,95,125,0.76,74,196,270,71,35,21,85,139,430,537,0.84,0.41,2021-22
203473,254,Dewayne Dedmon,1610612748,MIA,67,1065,164,290,0.566,19,47,0.404,75,100,0.75,105,281,386,47,24,42,70,174,422,700,0.67,0.34,2021-22
1630598,255,Aaron Wiggins,1610612760,OKC,50,1209,156,337,0.463,42,138,0.304,62,85,0.729,51,127,178,68,30,10,54,93,416,444,1.26,0.56,2021-22
1630200,256,Tre Jones,1610612759,SAS,69,1148,166,339,0.49,10,51,0.196,71,91,0.78,29,126,155,233,42,7,46,78,413,611,5.07,0.91,2021-22
1628467,257,Maxi Kleber,1610612742,DAL,59,1450,141,354,0.398,83,255,0.325,46,65,0.708,70,280,350,68,30,58,47,137,411,638,1.45,0.64,2021-22
202397,258,Ish Smith,1610612764,WAS,65,1126,185,430,0.43,25,67,0.373,15,24,0.625,25,115,140,244,47,23,78,78,410,532,3.13,0.6,2021-22
203087,258,Jeremy Lamb,1610612758,SAC,56,936,133,347,0.383,55,170,0.324,89,106,0.84,26,128,154,81,31,22,37,59,410,430,2.19,0.84,2021-22
1629642,258,Nassir Little,1610612757,POR,42,1088,145,315,0.46,51,154,0.331,69,94,0.734,58,178,236,54,25,36,40,82,410,526,1.35,0.63,2021-22
1629651,258,Nic Claxton,1610612751,BKN,47,974,178,264,0.674,0,0,0.0,54,93,0.581,91,173,264,43,24,51,38,110,410,629,1.13,0.63,2021-22
203085,262,Austin Rivers,1610612743,DEN,67,1480,146,350,0.417,79,231,0.342,32,44,0.727,19,95,114,90,51,6,54,121,403,394,1.67,0.94,2021-22
1628988,263,Aaron Holiday,1610612756,PHX,63,1021,151,338,0.447,39,103,0.379,59,68,0.868,24,98,122,153,42,9,67,92,400,463,2.28,0.63,2021-22
202340,264,Avery Bradley,1610612747,LAL,62,1406,148,350,0.423,82,210,0.39,16,18,0.889,31,105,136,47,53,9,38,118,394,397,1.24,1.4,2021-22
1630168,265,Onyeka Okongwu,1610612737,ATL,48,992,156,226,0.69,0,0,0.0,80,110,0.727,115,168,283,53,31,60,44,149,392,675,1.21,0.71,2021-22
1628464,266,Daniel Theis,1610612738,BOS,47,977,151,291,0.519,33,107,0.308,49,72,0.681,59,169,228,41,20,31,46,111,384,495,0.89,0.44,2021-22
202362,266,Lance Stephenson,1610612754,IND,46,814,147,323,0.455,27,90,0.3,63,80,0.788,12,115,127,165,24,4,72,96,384,439,2.29,0.33,2021-22
1630205,268,Lamar Stevens,1610612739,CLE,63,1015,156,319,0.489,18,65,0.277,53,75,0.707,47,117,164,44,31,18,41,106,383,414,1.07,0.76,2021-22
1628978,269,Donte DiVincenzo,1610612758,SAC,42,1005,118,336,0.351,74,218,0.339,70,83,0.843,40,130,170,118,48,8,72,69,380,421,1.64,0.67,2021-22
1629680,270,Matisse Thybulle,1610612755,PHI,66,1685,150,300,0.5,45,144,0.313,34,43,0.791,42,109,151,75,115,71,39,158,379,593,1.92,2.95,2021-22
2730,271,Dwight Howard,1610612747,LAL,60,971,134,219,0.612,8,15,0.533,96,146,0.658,118,238,356,35,34,36,47,115,372,651,0.75,0.72,2021-22
201980,272,Danny Green,1610612755,PHI,62,1353,126,320,0.394,103,271,0.38,11,14,0.786,32,125,157,64,60,37,45,105,366,442,1.42,1.33,2021-22
1630526,272,Jeremiah Robinson-Earl,1610612760,OKC,49,1087,134,324,0.414,58,165,0.352,40,54,0.741,75,199,274,49,29,15,39,75,366,490,1.26,0.74,2021-22
203482,274,Kelly Olynyk,1610612765,DET,40,764,128,286,0.448,40,119,0.336,69,89,0.775,54,123,177,111,31,19,58,100,365,467,1.91,0.53,2021-22
201586,274,Serge Ibaka,1610612749,MIL,54,878,148,296,0.5,37,99,0.374,32,44,0.727,62,188,250,49,11,33,43,102,365,505,1.14,0.26,2021-22
1630570,276,Trendon Watford,1610612757,POR,48,869,142,267,0.532,9,38,0.237,71,94,0.755,57,142,199,81,25,28,44,116,364,505,1.84,0.57,2021-22
1629026,277,Kenrich Williams,1610612760,OKC,49,1072,146,317,0.461,41,121,0.339,30,55,0.545,75,145,220,108,44,10,46,81,363,503,2.35,0.96,2021-22
1630177,278,Theo Maledon,1610612760,OKC,51,908,119,317,0.375,44,150,0.293,79,100,0.79,20,111,131,111,31,11,65,67,361,361,1.71,0.48,2021-22
201933,279,Blake Griffin,1610612751,BKN,56,958,133,313,0.425,38,145,0.262,55,76,0.724,60,168,228,105,27,14,31,95,359,501,3.39,0.87,2021-22
101150,280,Lou Williams,1610612737,ATL,56,799,125,320,0.391,37,102,0.363,67,78,0.859,16,71,87,105,28,3,43,48,354,328,2.44,0.65,2021-22
1629048,281,Goga Bitadze,1610612754,IND,50,729,131,252,0.52,23,80,0.288,64,94,0.681,79,98,177,55,21,42,46,107,349,447,1.2,0.46,2021-22
1629723,281,John Konchar,1610612763,MEM,72,1292,135,262,0.515,52,126,0.413,27,49,0.551,87,242,329,109,45,22,29,90,349,676,3.76,1.55,2021-22
203110,283,Draymond Green,1610612744,GSW,46,1329,135,257,0.525,16,54,0.296,60,91,0.659,45,291,336,320,61,50,139,136,346,821,2.3,0.44,2021-22
203488,284,Mike Muscala,1610612760,OKC,43,593,113,248,0.456,70,163,0.429,48,57,0.842,21,108,129,22,18,26,14,58,344,381,1.57,1.29,2021-22
202684,284,Tristan Thompson,1610612741,CHI,57,896,141,267,0.528,1,3,0.333,61,116,0.526,120,168,288,34,23,21,45,98,344,484,0.76,0.51,2021-22
1630527,286,Brandon Boston,1610612746,LAC,51,760,125,325,0.385,34,111,0.306,59,72,0.819,17,94,111,51,26,13,31,43,343,300,1.65,0.84,2021-22
1626153,287,Delon Wright,1610612737,ATL,77,1453,122,269,0.454,44,116,0.379,54,63,0.857,50,170,220,188,93,19,45,56,342,661,4.18,2.07,2021-22
1629667,288,Jalen McDaniels,1610612766,CHA,55,895,123,254,0.484,41,108,0.38,53,72,0.736,37,133,170,58,26,22,36,93,340,430,1.61,0.72,2021-22
201949,288,James Johnson,1610612751,BKN,62,1191,144,307,0.469,23,85,0.271,29,55,0.527,51,164,215,130,30,34,48,162,340,512,2.71,0.63,2021-22
1629660,288,Ty Jerome,1610612760,OKC,48,801,124,328,0.378,54,186,0.29,38,47,0.809,19,59,78,109,30,5,37,73,340,312,2.95,0.81,2021-22
1629604,291,CJ Elleby,1610612757,POR,58,1174,121,308,0.393,37,126,0.294,60,84,0.714,66,161,227,87,35,19,56,116,339,440,1.55,0.63,2021-22
1628966,292,Keita Bates-Diop,1610612759,SAS,59,957,136,263,0.517,17,55,0.309,46,61,0.754,62,169,231,41,27,14,45,61,335,461,0.91,0.6,2021-22
1629672,293,Eric Paschall,1610612762,UTA,58,737,114,235,0.485,40,108,0.37,66,86,0.767,30,76,106,36,9,5,27,51,334,322,1.33,0.33,2021-22
201588,293,George Hill,1610612749,MIL,54,1253,118,275,0.429,41,134,0.306,57,62,0.919,38,117,155,120,42,6,41,70,334,454,2.93,1.02,2021-22
1630530,293,Trey Murphy III,1610612740,NOP,62,864,109,277,0.394,71,186,0.382,45,51,0.882,47,100,147,38,23,7,16,60,334,359,2.38,1.44,2021-22
1630267,296,Facundo Campazzo,1610612743,DEN,65,1184,107,296,0.361,58,193,0.301,60,78,0.769,23,94,117,220,63,23,67,124,332,481,3.28,0.94,2021-22
1630631,297,Jose Alvarado,1610612740,NOP,54,834,131,294,0.446,32,110,0.291,36,53,0.679,25,75,100,152,71,7,40,73,330,440,3.8,1.78,2021-22
1628367,298,Josh Jackson,1610612758,SAC,51,830,120,300,0.4,33,130,0.254,55,77,0.714,21,120,141,54,26,22,47,88,328,322,1.15,0.55,2021-22
204060,299,Joe Ingles,1610612757,POR,45,1122,115,285,0.404,78,225,0.347,17,22,0.773,12,119,131,158,23,5,46,82,325,421,3.44,0.5,2021-22
201152,300,Thaddeus Young,1610612761,TOR,52,845,141,272,0.518,17,48,0.354,23,49,0.469,80,128,208,104,54,18,52,81,322,497,2.0,1.04,2021-22
1626204,301,Larry Nance Jr.,1610612740,NOP,46,1040,129,247,0.522,23,70,0.329,40,57,0.702,72,176,248,81,43,20,37,84,321,541,2.19,1.16,2021-22
1626169,302,Stanley Johnson,1610612747,LAL,48,1094,117,251,0.466,33,105,0.314,53,74,0.716,34,121,155,80,43,14,35,109,320,422,2.29,1.23,2021-22
1630182,303,Josh Green,1610612742,DAL,67,1039,130,256,0.508,28,78,0.359,31,45,0.689,52,109,161,79,45,14,44,115,319,434,1.8,1.02,2021-22
1630678,304,Terry Taylor,1610612754,IND,33,714,135,220,0.614,12,38,0.316,36,51,0.706,95,77,172,41,14,8,23,61,318,430,1.78,0.61,2021-22
1630230,305,Naji Marshall,1610612740,NOP,55,736,109,269,0.405,21,105,0.2,74,93,0.796,38,104,142,62,33,8,46,69,313,333,1.35,0.72,2021-22
202722,306,Davis Bertans,1610612742,DAL,56,806,99,275,0.36,77,230,0.335,36,40,0.9,12,105,117,31,17,12,19,85,311,289,1.63,0.9,2021-22
201565,306,Derrick Rose,1610612752,NYK,26,636,122,274,0.445,37,92,0.402,30,31,0.968,21,57,78,103,22,12,39,15,311,334,2.64,0.56,2021-22
1629056,306,Terence Davis,1610612758,SAC,30,536,113,267,0.423,49,149,0.329,36,44,0.818,11,83,94,40,25,11,33,70,311,286,1.21,0.76,2021-22
1630314,309,Brandon Williams,1610612757,POR,24,640,105,282,0.372,31,106,0.292,68,97,0.701,19,55,74,94,24,10,58,52,309,247,1.62,0.41,2021-22
202066,309,Garrett Temple,1610612740,NOP,59,1098,111,295,0.376,59,185,0.319,28,41,0.683,29,114,143,74,43,23,42,81,309,353,1.76,1.02,2021-22
1627936,311,Alex Caruso,1610612741,CHI,41,1147,102,256,0.398,42,126,0.333,58,73,0.795,33,115,148,165,71,15,57,106,304,477,2.9,1.25,2021-22
1630209,312,Omer Yurtseven,1610612748,MIA,56,706,130,247,0.526,1,11,0.091,38,61,0.623,85,209,294,49,17,20,41,84,299,498,1.2,0.42,2021-22
1629308,313,Juan Toscano-Anderson,1610612744,GSW,73,994,115,235,0.489,28,87,0.322,40,70,0.571,28,148,176,127,48,17,68,115,298,448,1.87,0.71,2021-22
1630543,314,Isaiah Jackson,1610612754,IND,36,541,116,206,0.563,5,16,0.313,60,88,0.682,60,89,149,10,25,52,40,92,297,375,0.25,0.63,2021-22
201571,315,D.J. Augustin,1610612747,LAL,55,883,94,222,0.423,68,164,0.415,38,43,0.884,11,57,68,107,17,1,56,39,294,298,1.91,0.3,2021-22
1629717,316,Armoni Brooks,1610612761,TOR,54,844,98,289,0.339,74,249,0.297,18,21,0.857,20,83,103,62,28,11,27,74,288,271,2.3,1.04,2021-22
1630563,316,Joshua Primo,1610612759,SAS,50,965,101,270,0.374,42,137,0.307,44,59,0.746,32,81,113,81,20,23,57,79,288,284,1.42,0.35,2021-22
201961,318,Wayne Ellington,1610612747,LAL,43,810,98,237,0.414,82,211,0.389,9,11,0.818,10,67,77,30,23,5,19,42,287,262,1.58,1.21,2021-22
1627884,319,Derrick Jones Jr.,1610612741,CHI,51,899,105,195,0.538,20,61,0.328,56,70,0.8,60,109,169,30,25,33,30,105,286,409,1.0,0.83,2021-22
1627761,320,DeAndre' Bembry,1610612749,MIL,56,1026,124,221,0.561,15,36,0.417,21,35,0.6,42,121,163,66,49,25,31,113,284,445,2.13,1.58,2021-22
1630556,320,Kessler Edwards,1610612751,BKN,48,987,110,267,0.412,48,136,0.353,16,19,0.842,44,128,172,31,29,24,42,85,284,338,0.74,0.69,2021-22
1628972,322,Troy Brown Jr.,1610612741,CHI,66,1055,108,258,0.419,47,133,0.353,20,26,0.769,39,164,203,66,36,5,26,62,283,411,2.54,1.39,2021-22
1628975,323,Jevon Carter,1610612749,MIL,66,905,98,253,0.387,66,170,0.388,15,18,0.833,14,96,110,96,24,14,34,67,277,329,2.82,0.71,2021-22
1629656,324,Quentin Grimes,1610612752,NYK,46,786,95,235,0.404,72,189,0.381,13,19,0.684,24,70,94,44,31,11,28,72,275,281,1.57,1.11,2021-22
1626159,325,Justise Winslow,1610612757,POR,48,775,110,257,0.428,15,66,0.227,39,66,0.591,50,152,202,84,35,25,49,67,274,397,1.71,0.71,2021-22
203585,326,Rodney McGruder,1610612765,DET,51,754,98,225,0.436,58,146,0.397,19,26,0.731,31,80,111,48,21,7,24,58,273,302,2.0,0.88,2021-22
1630192,327,Zeke Nnaji,1610612743,DEN,41,698,96,186,0.516,37,80,0.463,41,65,0.631,56,91,147,17,16,13,23,79,270,326,0.74,0.7,2021-22
1629731,328,Dean Wade,1610612739,CLE,51,980,99,217,0.456,51,142,0.359,20,30,0.667,31,119,150,52,29,7,16,88,269,363,3.25,1.81,2021-22
1630553,329,Keon Johnson,1610612757,POR,37,696,96,272,0.353,34,100,0.34,41,51,0.804,24,57,81,76,28,12,46,69,267,232,1.65,0.61,2021-22
1629111,330,Jock Landale,1610612759,SAS,54,589,101,204,0.495,29,89,0.326,34,41,0.829,63,75,138,45,10,14,31,53,265,331,1.45,0.32,2021-22
1629004,331,Svi Mykhailiuk,1610612761,TOR,56,716,91,234,0.389,41,134,0.306,32,37,0.865,20,72,92,45,26,4,32,54,255,242,1.41,0.81,2021-22
201577,332,Robin Lopez,1610612753,ORL,36,612,110,199,0.553,2,6,0.333,32,54,0.593,68,58,126,54,2,18,44,67,254,299,1.23,0.05,2021-22
1630214,333,Xavier Tillman,1610612763,MEM,53,701,98,216,0.454,10,49,0.204,46,71,0.648,66,95,161,62,49,15,34,63,252,362,1.82,1.44,2021-22
202083,334,Wesley Matthews,1610612749,MIL,49,1002,87,220,0.395,53,157,0.338,22,28,0.786,30,62,92,36,23,8,18,87,249,251,2.0,1.28,2021-22
1627863,335,Danuel House Jr.,1610612762,UTA,42,727,80,198,0.404,44,117,0.376,44,58,0.759,18,93,111,44,21,17,33,51,248,276,1.33,0.64,2021-22
203920,336,Khem Birch,1610612761,TOR,55,991,97,200,0.485,0,14,0.0,53,71,0.746,122,117,239,56,30,26,29,104,247,448,1.93,1.03,2021-22
1628373,337,Frank Ntilikina,1610612742,DAL,58,685,89,223,0.399,38,111,0.342,24,25,0.96,12,67,79,69,27,7,31,61,240,256,2.23,0.87,2021-22
203458,338,Alex Len,1610612758,SAC,39,620,94,176,0.534,6,21,0.286,41,63,0.651,52,109,161,45,13,25,43,100,235,332,1.05,0.3,2021-22
1628021,339,David Nwaba,1610612745,HOU,46,609,85,176,0.483,15,49,0.306,48,67,0.716,41,110,151,35,28,20,21,55,233,336,1.67,1.33,2021-22
1629162,339,Jordan McLaughlin,1610612750,MIN,62,902,88,200,0.44,27,85,0.318,30,40,0.75,22,72,94,180,57,10,38,54,233,414,4.74,1.5,2021-22
204456,341,T.J. McConnell,1610612754,IND,27,652,100,208,0.481,10,33,0.303,19,23,0.826,20,70,90,131,29,10,29,53,229,348,4.52,1.0,2021-22
201959,341,Taj Gibson,1610612752,NYK,52,946,86,166,0.518,15,38,0.395,42,52,0.808,88,141,229,32,22,40,27,137,229,435,1.19,0.82,2021-22
1630541,343,Moses Moody,1610612744,GSW,52,607,80,183,0.437,40,110,0.364,28,36,0.778,17,63,80,23,7,10,13,43,228,224,1.77,0.54,2021-22
1627789,344,Timothe Luwawu-Cabarrot,1610612737,ATL,52,685,74,186,0.398,44,122,0.361,35,41,0.854,17,65,82,40,18,6,20,76,227,235,2.0,0.9,2021-22
1630535,345,Greg Brown III,1610612757,POR,48,640,81,190,0.426,19,61,0.311,44,65,0.677,38,97,135,35,26,24,36,90,225,279,0.97,0.72,2021-22
1629641,346,Romeo Langford,1610612759,SAS,48,771,83,191,0.435,29,85,0.341,23,42,0.548,30,78,108,21,22,16,16,47,218,242,1.31,1.38,2021-22
1628380,346,Zach Collins,1610612759,SAS,28,502,76,155,0.49,14,41,0.341,52,65,0.8,46,107,153,61,13,23,45,67,218,331,1.36,0.29,2021-22
203090,348,Maurice Harkless,1610612758,SAC,47,864,83,181,0.459,31,101,0.307,20,28,0.714,12,100,112,23,29,24,31,77,217,268,0.74,0.94,2021-22
203504,349,Trey Burke,1610612742,DAL,42,441,84,215,0.391,26,82,0.317,20,23,0.87,4,29,33,57,12,0,26,39,214,156,2.19,0.46,2021-22
202687,350,Bismack Biyombo,1610612756,PHX,36,506,86,145,0.593,0,0,0.0,38,71,0.535,63,104,167,23,12,26,25,70,210,321,0.92,0.48,2021-22
1629649,350,Ignas Brazdeikis,1610612753,ORL,42,536,81,188,0.431,27,87,0.31,21,32,0.656,23,49,72,37,10,3,17,48,210,197,2.18,0.59,2021-22
1628432,352,Davon Reed,1610612743,DEN,48,668,81,161,0.503,37,86,0.43,10,15,0.667,14,94,108,53,24,9,16,63,209,302,3.31,1.5,2021-22
1630240,353,Saben Lee,1610612765,DET,37,604,69,177,0.39,14,60,0.233,56,71,0.789,18,69,87,107,36,12,36,44,208,291,2.97,1.0,2021-22
201599,354,DeAndre Jordan,1610612755,PHI,48,622,92,143,0.643,0,0,0.0,22,40,0.55,83,181,264,21,12,35,37,71,206,432,0.57,0.32,2021-22
1628372,354,Dennis Smith Jr.,1610612757,POR,37,639,79,189,0.418,6,27,0.222,42,64,0.656,20,68,88,132,45,12,51,52,206,300,2.59,0.88,2021-22
202324,354,Derrick Favors,1610612760,OKC,39,652,94,182,0.516,2,16,0.125,16,25,0.64,58,126,184,25,17,12,9,62,206,338,2.78,1.89,2021-22
1630625,357,Dalano Banton,1610612761,TOR,64,696,83,202,0.411,13,51,0.255,26,44,0.591,38,86,124,99,28,10,53,68,205,276,1.87,0.53,2021-22
1628418,358,Thomas Bryant,1610612764,WAS,27,439,77,148,0.52,12,42,0.286,35,40,0.875,26,82,108,23,6,21,19,43,201,264,1.21,0.32,2021-22
1630322,359,Lindy Waters III,1610612760,OKC,25,465,71,175,0.406,53,146,0.363,4,5,0.8,6,67,73,24,19,8,11,31,199,207,2.18,1.73,2021-22
1630549,360,Day'Ron Sharpe,1610612751,BKN,32,391,86,149,0.577,2,7,0.286,24,41,0.585,81,79,160,17,10,15,30,60,198,290,0.57,0.33,2021-22
1630198,360,Isaiah Joe,1610612755,PHI,55,609,62,177,0.35,45,135,0.333,29,31,0.935,6,50,56,35,14,3,19,47,198,170,1.84,0.74,2021-22
203107,360,Tomas Satoransky,1610612764,WAS,55,906,72,191,0.377,11,53,0.208,43,54,0.796,27,99,126,184,29,5,46,71,198,366,4.0,0.63,2021-22
1630174,363,Aaron Nesmith,1610612738,BOS,52,574,72,182,0.396,31,115,0.27,21,26,0.808,15,74,89,22,20,5,31,70,196,186,0.71,0.65,2021-22
1628365,364,Markelle Fultz,1610612753,ORL,18,360,83,175,0.474,4,17,0.235,25,31,0.806,4,45,49,99,20,5,40,22,195,230,2.48,0.5,2021-22
1630235,364,Trent Forrest,1610612762,UTA,60,766,76,155,0.49,5,27,0.185,38,48,0.792,23,76,99,106,30,6,48,43,195,299,2.21,0.63,2021-22
1630201,366,Malachi Flynn,1610612761,TOR,44,537,72,183,0.393,30,90,0.333,15,24,0.625,10,53,63,70,20,4,13,45,189,213,5.39,1.54,2021-22
203503,367,Tony Snell,1610612740,NOP,53,823,69,171,0.404,45,128,0.352,4,4,1.0,16,87,103,28,16,9,19,70,187,222,1.47,0.84,2021-22
1630249,367,Vít Krejčí,1610612760,OKC,30,690,68,167,0.407,32,98,0.327,19,22,0.864,18,83,101,57,19,8,29,65,187,241,1.97,0.66,2021-22
1630568,369,Luka Garza,1610612765,DET,32,389,66,147,0.449,16,49,0.327,38,61,0.623,58,42,100,20,9,6,18,55,186,199,1.11,0.5,2021-22
200765,369,Rajon Rondo,1610612739,CLE,39,698,68,176,0.386,31,88,0.352,19,26,0.731,15,93,108,170,30,6,68,56,186,317,2.5,0.44,2021-22
202738,371,Isaiah Thomas,1610612766,CHA,22,333,67,167,0.401,28,83,0.337,22,26,0.846,4,25,29,34,7,5,15,34,184,140,2.27,0.47,2021-22
1630264,372,Anthony Gill,1610612764,WAS,44,463,62,109,0.569,14,26,0.538,42,52,0.808,33,52,85,27,5,11,18,58,180,233,1.5,0.28,2021-22
1626208,372,Keifer Sykes,1610612754,IND,32,566,69,190,0.363,27,90,0.3,15,17,0.882,8,37,45,62,12,4,33,51,180,147,1.88,0.36,2021-22
1629012,374,Collin Sexton,1610612739,CLE,11,316,68,151,0.45,11,45,0.244,29,39,0.744,13,23,36,23,10,0,31,25,176,121,0.74,0.32,2021-22
1629164,375,Brandon Goodwin,1610612739,CLE,36,502,64,154,0.416,19,55,0.345,24,38,0.632,14,53,67,91,25,1,36,39,171,215,2.53,0.69,2021-22
1629103,375,Kelan Martin,1610612738,BOS,30,450,70,171,0.409,22,75,0.293,9,13,0.692,17,38,55,21,13,9,14,36,171,150,1.5,0.93,2021-22
1629650,375,Moses Brown,1610612739,CLE,40,344,64,108,0.593,0,0,0.0,43,72,0.597,39,96,135,1,7,16,20,53,171,237,0.05,0.35,2021-22
203648,375,Thanasis Antetokounmpo,1610612749,MIL,48,473,70,128,0.547,2,14,0.143,29,46,0.63,40,61,101,22,16,12,26,68,171,221,0.85,0.62,2021-22
203918,379,Rodney Hood,1610612746,LAC,52,709,58,157,0.369,30,91,0.33,17,19,0.895,15,62,77,38,15,6,11,31,163,187,3.46,1.36,2021-22
1628396,379,Tony Bradley,1610612741,CHI,55,549,72,123,0.585,0,0,0.0,19,29,0.655,67,119,186,27,10,33,34,62,163,324,0.79,0.29,2021-22
1629139,379,Yuta Watanabe,1610612761,TOR,38,445,56,138,0.406,27,79,0.342,24,40,0.6,18,74,92,21,11,16,19,38,163,186,1.11,0.58,2021-22
201572,382,Brook Lopez,1610612749,MIL,13,298,61,131,0.466,19,53,0.358,20,23,0.87,19,34,53,6,8,15,12,34,161,158,0.5,0.67,2021-22
1630215,382,Jared Butler,1610612762,UTA,42,360,61,151,0.404,28,88,0.318,11,16,0.688,5,40,45,63,17,8,33,47,161,166,1.91,0.52,2021-22
1629744,382,Matt Thomas,1610612741,CHI,40,460,55,134,0.41,35,91,0.385,16,20,0.8,3,47,50,20,8,3,8,18,161,151,2.5,1.0,2021-22
1628425,385,Sterling Brown,1610612742,DAL,49,628,59,155,0.381,28,92,0.304,14,15,0.933,26,123,149,34,14,7,23,56,160,244,1.48,0.61,2021-22
203925,386,Joe Harris,1610612751,BKN,14,423,56,124,0.452,41,88,0.466,5,6,0.833,5,51,56,14,7,2,16,31,158,152,0.88,0.44,2021-22
201609,387,Goran Dragic,1610612751,BKN,21,498,57,151,0.377,16,63,0.254,27,33,0.818,13,52,65,86,19,4,34,45,157,197,2.53,0.56,2021-22
203476,388,Gorgui Dieng,1610612737,ATL,44,371,53,112,0.473,29,68,0.426,19,26,0.731,32,89,121,34,11,13,20,52,154,247,1.7,0.55,2021-22
1627737,388,Marquese Chriss,1610612742,DAL,34,346,62,134,0.463,8,25,0.32,22,33,0.667,33,70,103,17,13,12,17,64,154,199,1.0,0.77,2021-22
1630572,388,Sandro Mamukelashvili,1610612749,MIL,41,407,57,115,0.496,22,52,0.423,18,22,0.818,35,47,82,22,9,9,15,28,154,199,1.47,0.6,2021-22
1630846,391,Olivier Sarr,1610612760,OKC,22,421,58,101,0.574,13,29,0.448,24,29,0.828,34,59,93,19,6,15,22,52,153,216,0.86,0.27,2021-22
1630172,391,Patrick Williams,1610612741,CHI,17,422,54,102,0.529,15,29,0.517,30,41,0.732,17,52,69,15,9,9,16,28,153,180,0.94,0.56,2021-22
203901,393,Elfrid Payton,1610612756,PHX,50,549,67,175,0.383,4,18,0.222,12,32,0.375,21,67,88,99,25,6,47,38,150,193,2.11,0.53,2021-22
1630208,393,Nick Richards,1610612766,CHA,50,367,60,90,0.667,0,0,0.0,30,43,0.698,34,52,86,13,9,21,24,51,150,212,0.54,0.38,2021-22
1629678,395,Admiral Schofield,1610612753,ORL,38,469,54,129,0.419,26,79,0.329,12,15,0.8,17,72,89,25,4,5,21,58,146,170,1.19,0.19,2021-22
1630547,396,James Bouknight,1610612766,CHA,31,304,49,141,0.348,17,49,0.347,27,31,0.871,22,30,52,26,7,1,15,29,142,117,1.73,0.47,2021-22
1630184,397,Kira Lewis Jr.,1610612740,NOP,24,341,59,146,0.404,13,58,0.224,10,12,0.833,9,30,39,49,11,1,26,17,141,126,1.89,0.42,2021-22
1629117,397,Wenyen Gabriel,1610612747,LAL,26,359,54,110,0.491,8,28,0.286,25,42,0.595,39,58,97,14,5,11,16,68,141,179,0.88,0.31,2021-22
203469,399,Cody Zeller,1610612757,POR,27,355,51,90,0.567,0,4,0.0,38,49,0.776,50,75,125,22,8,6,19,56,140,232,1.16,0.42,2021-22
1630233,400,Nathan Knight,1610612750,MIN,37,267,45,88,0.511,4,13,0.308,44,60,0.733,32,53,85,22,7,8,18,42,138,183,1.22,0.39,2021-22
1629006,401,Josh Okogie,1610612750,MIN,49,516,42,104,0.404,14,47,0.298,35,51,0.686,29,41,70,25,26,12,23,53,133,165,1.09,1.13,2021-22
203145,402,Kent Bazemore,1610612747,LAL,39,545,45,139,0.324,29,80,0.363,13,17,0.765,13,56,69,34,25,9,21,70,132,150,1.62,1.19,2021-22
1630583,402,Santi Aldama,1610612763,MEM,32,360,53,132,0.402,6,48,0.125,20,32,0.625,33,54,87,21,6,10,16,36,132,149,1.31,0.38,2021-22
1627823,404,Juancho Hernangomez,1610612762,UTA,40,445,44,106,0.415,24,69,0.348,19,34,0.559,28,72,100,20,14,10,16,25,131,182,1.25,0.88,2021-22
1629633,405,Jarrett Culver,1610612763,MEM,37,338,51,135,0.378,12,47,0.255,16,34,0.471,13,35,48,33,20,5,20,42,130,114,1.65,1.0,2021-22
202693,406,Markieff Morris,1610612748,MIA,17,298,54,114,0.474,13,39,0.333,8,9,0.889,17,28,45,23,6,1,20,33,129,123,1.15,0.3,2021-22
202683,407,Enes Freedom,1610612738,BOS,35,411,51,97,0.526,2,5,0.4,24,28,0.857,61,99,160,8,5,14,20,42,128,245,0.4,0.25,2021-22
1630190,408,Elijah Hughes,1610612757,POR,36,434,47,144,0.326,25,95,0.263,7,9,0.778,6,52,58,22,14,8,17,39,126,112,1.29,0.82,2021-22
1630210,408,Markus Howard,1610612743,DEN,31,177,39,101,0.386,28,70,0.4,20,23,0.87,2,10,12,7,9,0,7,17,126,82,1.0,1.29,2021-22
2738,410,Andre Iguodala,1610612744,GSW,31,603,46,121,0.38,17,74,0.23,15,20,0.75,21,79,100,114,27,22,28,34,124,279,4.07,0.96,2021-22
1630587,411,Isaiah Livers,1610612765,DET,19,383,41,90,0.456,27,64,0.422,12,14,0.857,15,42,57,21,13,7,15,37,121,153,1.4,0.87,2021-22
1629681,412,Killian Tillie,1610612763,MEM,36,461,43,127,0.339,27,86,0.314,5,8,0.625,21,39,60,22,23,15,13,58,118,138,1.69,1.77,2021-22
1630194,413,Paul Reed,1610612755,PHI,38,303,54,96,0.563,2,8,0.25,6,14,0.429,44,48,92,16,33,14,10,57,116,211,1.6,3.3,2021-22
200794,414,Paul Millsap,1610612755,PHI,33,376,45,115,0.391,8,35,0.229,17,24,0.708,41,73,114,29,10,13,19,67,115,185,1.53,0.53,2021-22
1629685,415,Dylan Windler,1610612739,CLE,50,459,37,98,0.378,21,70,0.3,15,18,0.833,21,68,89,34,14,3,16,47,110,170,2.13,0.88,2021-22
1630688,416,Ish Wainright,1610612756,PHX,45,359,41,104,0.394,19,59,0.322,7,12,0.583,27,27,54,15,20,6,13,49,108,122,1.15,1.54,2021-22
1627739,417,Kris Dunn,1610612757,POR,14,336,44,102,0.431,1,11,0.091,17,18,0.944,9,40,49,79,23,3,32,38,106,169,2.47,0.72,2021-22
1630561,418,David Duke Jr.,1610612751,BKN,22,341,39,108,0.361,9,37,0.243,17,21,0.81,30,37,67,17,14,7,9,36,104,127,1.89,1.56,2021-22
1629658,419,Jaylen Hoard,1610612760,OKC,7,240,44,90,0.489,9,25,0.36,6,14,0.429,30,54,84,17,6,5,8,14,103,153,2.13,0.75,2021-22
1626147,420,Justin Anderson,1610612754,IND,16,316,36,95,0.379,15,59,0.254,15,19,0.789,4,42,46,33,8,6,8,22,102,124,4.13,1.0,2021-22
1629109,421,Gary Clark,1610612740,NOP,38,378,33,88,0.375,28,70,0.4,7,10,0.7,23,67,90,18,13,7,10,20,101,161,1.8,1.3,2021-22
203506,422,Victor Oladipo,1610612748,MIA,8,173,35,73,0.479,15,36,0.417,14,19,0.737,3,20,23,28,5,1,16,13,99,97,1.75,0.31,2021-22
1626246,423,Boban Marjanovic,1610612742,DAL,23,128,42,70,0.6,1,4,0.25,13,22,0.591,8,31,39,3,0,3,15,24,98,91,0.2,0.0,2021-22
1628400,423,Semi Ojeleye,1610612746,LAC,30,406,30,99,0.303,15,50,0.3,23,29,0.793,27,47,74,9,7,6,9,30,98,110,1.0,0.78,2021-22
1628408,425,PJ Dozier,1610612743,DEN,18,340,36,99,0.364,15,48,0.313,10,13,0.769,14,49,63,29,11,6,13,33,97,127,2.23,0.85,2021-22
2772,426,Trevor Ariza,1610612747,LAL,24,462,33,99,0.333,20,74,0.27,10,18,0.556,10,72,82,27,13,6,11,20,96,139,2.46,1.18,2021-22
1626163,427,Frank Kaminsky,1610612756,PHX,9,181,36,66,0.545,5,15,0.333,18,20,0.9,11,30,41,13,8,7,5,14,95,127,2.6,1.6,2021-22
1629833,427,Keljin Blevins,1610612757,POR,31,349,34,111,0.306,21,72,0.292,6,11,0.545,16,29,45,19,13,1,17,29,95,74,1.12,0.77,2021-22
1628995,429,Kevin Knox II,1610612737,ATL,30,222,31,85,0.365,15,54,0.278,16,22,0.727,14,30,44,10,4,2,7,19,93,86,1.43,0.57,2021-22
1629617,430,Reggie Perry,1610612757,POR,10,187,40,79,0.506,3,16,0.188,9,15,0.6,15,32,47,12,9,6,11,33,92,110,1.09,0.82,2021-22
1630579,431,Jericho Sims,1610612752,NYK,41,555,39,54,0.722,0,0,0.0,12,29,0.414,61,108,169,21,11,22,20,66,90,261,1.05,0.55,2021-22
1629008,432,Michael Porter Jr.,1610612743,DEN,9,265,37,103,0.359,10,48,0.208,5,9,0.556,9,50,59,17,10,2,12,16,89,95,1.42,0.83,2021-22
1630540,432,Miles McBride,1610612752,NYK,40,372,32,108,0.296,17,68,0.25,8,12,0.667,4,38,42,41,14,1,5,45,89,102,8.2,2.8,2021-22
1628981,434,Bruno Fernando,1610612745,HOU,30,153,36,55,0.655,1,2,0.5,15,24,0.625,18,37,55,7,1,11,14,24,88,120,0.5,0.07,2021-22
1630686,435,Georgios Kalaitzakis,1610612760,OKC,13,213,31,67,0.463,10,26,0.385,14,30,0.467,6,15,21,12,11,2,20,19,86,60,0.6,0.55,2021-22
203457,436,Nerlens Noel,1610612752,NYK,25,562,32,60,0.533,0,3,0.0,21,30,0.7,48,93,141,23,30,31,20,67,85,253,1.15,1.5,2021-22
202954,437,Brad Wanamaker,1610612764,WAS,23,320,28,77,0.364,4,17,0.235,23,25,0.92,6,33,39,55,7,6,23,45,83,116,2.39,0.3,2021-22
1627774,438,Jake Layman,1610612750,MIN,34,231,30,73,0.411,8,35,0.229,13,18,0.722,6,30,36,9,7,5,10,12,81,80,0.9,0.7,2021-22
1630551,438,Justin Champagnie,1610612761,TOR,36,281,31,67,0.463,10,28,0.357,9,9,1.0,37,35,72,11,8,4,8,32,81,132,1.38,1.0,2021-22
1629623,440,Lindell Wigginton,1610612749,MIL,19,199,26,61,0.426,9,26,0.346,19,35,0.543,3,22,25,23,5,1,12,17,80,71,1.92,0.42,2021-22
1630219,440,Skylar Mays,1610612737,ATL,28,220,32,64,0.5,8,25,0.32,8,9,0.889,5,20,25,17,7,0,10,9,80,86,1.7,0.7,2021-22
1628962,440,Udoka Azubuike,1610612762,UTA,17,195,37,49,0.755,0,0,0.0,6,11,0.545,18,53,71,0,1,11,12,25,80,134,0.0,0.08,2021-22
1630296,443,Braxton Key,1610612765,DET,11,197,33,72,0.458,6,21,0.286,7,13,0.538,13,37,50,11,10,11,11,26,79,105,1.0,0.91,2021-22
1629620,444,Justin Robinson,1610612765,DET,25,304,28,93,0.301,18,61,0.295,4,8,0.5,4,17,21,32,9,1,17,27,78,55,1.88,0.53,2021-22
1630227,445,Daishen Nix,1610612745,HOU,24,261,27,67,0.403,7,26,0.269,16,30,0.533,7,26,33,40,15,0,26,21,77,85,1.54,0.58,2021-22
1629644,445,KZ Okpala,1610612748,MIA,21,244,30,69,0.435,9,26,0.346,8,11,0.727,11,30,41,14,4,7,5,25,77,96,2.8,0.8,2021-22
202328,447,Greg Monroe,1610612750,MIN,14,195,32,57,0.561,0,0,0.0,12,23,0.522,30,34,64,22,8,10,12,24,76,132,1.83,0.67,2021-22
1629657,448,Kyle Guy,1610612748,MIA,19,186,26,65,0.4,14,40,0.35,8,12,0.667,4,13,17,17,7,1,13,12,74,60,1.31,0.54,2021-22
1630792,449,Malcolm Hill,1610612741,CHI,19,212,24,52,0.462,13,36,0.361,11,14,0.786,11,24,35,8,7,3,3,24,72,91,2.67,2.33,2021-22
1629646,450,Charles Bassey,1610612755,PHI,23,168,30,47,0.638,0,4,0.0,9,12,0.75,22,40,62,7,5,17,8,32,69,132,0.88,0.63,2021-22
1627756,450,Denzel Valentine,1610612762,UTA,24,222,25,66,0.379,19,47,0.404,0,0,0.0,9,33,42,11,8,0,12,20,69,77,0.92,0.67,2021-22
1628539,450,Mychal Mulder,1610612748,MIA,17,240,24,77,0.312,17,54,0.315,4,4,1.0,2,22,24,5,4,2,8,13,69,43,0.63,0.5,2021-22
1629185,453,Chris Chiozza,1610612744,GSW,34,372,24,81,0.296,17,53,0.321,2,3,0.667,9,27,36,65,13,0,32,32,67,91,2.03,0.41,2021-22
1630550,453,JT Thor,1610612766,CHA,33,262,24,55,0.436,7,27,0.259,12,20,0.6,11,32,43,19,8,11,10,26,67,99,1.9,0.8,2021-22
1629076,453,Tyler Cook,1610612741,CHI,20,200,23,38,0.605,0,0,0.0,21,32,0.656,16,37,53,3,4,4,7,28,67,98,0.43,0.57,2021-22
1630573,456,Sam Hauser,1610612738,BOS,26,158,23,50,0.46,19,44,0.432,0,0,0.0,5,24,29,10,1,2,2,7,65,78,5.0,0.5,2021-22
1628427,457,Vlatko Čančar,1610612743,DEN,15,176,23,41,0.561,7,12,0.583,9,14,0.643,8,23,31,17,2,3,9,18,62,83,1.89,0.22,2021-22
1630580,458,Joe Wieskamp,1610612759,SAS,29,205,20,56,0.357,14,43,0.326,7,13,0.538,4,10,14,9,4,3,2,14,61,47,4.5,2.0,2021-22
1630186,459,Jahmi'us Ramsey,1610612758,SAC,19,134,24,58,0.414,5,18,0.278,7,14,0.5,4,9,13,7,1,1,5,10,60,36,1.4,0.2,2021-22
1628035,460,Alfonzo McKinnie,1610612741,CHI,17,206,24,61,0.393,9,27,0.333,2,8,0.25,13,20,33,5,2,3,7,26,59,52,0.71,0.29,2021-22
1629875,461,Xavier Moon,1610612746,LAC,10,137,25,51,0.49,5,14,0.357,3,5,0.6,2,12,14,24,7,3,6,9,58,72,4.0,1.17,2021-22
1629603,462,Mamadi Diakite,1610612760,OKC,13,188,25,47,0.532,0,5,0.0,6,11,0.545,17,42,59,2,5,9,7,33,56,97,0.29,0.71,2021-22
203953,463,Jabari Parker,1610612738,BOS,12,112,18,38,0.474,8,16,0.5,9,9,1.0,5,23,28,6,4,1,8,13,53,64,0.75,0.5,2021-22
1630199,464,Cassius Stanley,1610612765,DET,9,155,19,46,0.413,4,17,0.235,10,10,1.0,5,14,19,4,5,2,6,17,52,49,0.67,0.83,2021-22
1630552,464,Jalen Johnson,1610612737,ATL,22,120,22,41,0.537,3,13,0.231,5,7,0.714,2,24,26,3,3,2,9,9,52,56,0.33,0.33,2021-22
1630606,466,Javonte Smart,1610612748,MIA,17,200,19,60,0.317,8,27,0.296,5,6,0.833,5,19,24,16,6,3,11,12,51,47,1.46,0.55,2021-22
1629962,467,Devin Cannady,1610612753,ORL,5,145,15,44,0.341,15,37,0.405,5,7,0.714,1,5,6,10,5,3,5,9,50,38,2.0,1.0,2021-22
1629755,467,Hassani Gravett,1610612753,ORL,8,171,18,38,0.474,11,26,0.423,3,4,0.75,1,20,21,20,5,1,9,13,50,67,2.22,0.56,2021-22
1630691,467,Jamorko Pickett,1610612765,DET,13,176,18,50,0.36,13,39,0.333,1,2,0.5,6,26,32,7,0,7,5,12,50,58,1.4,0.0,2021-22
1630195,467,Leandro Bolmaro,1610612750,MIN,35,241,17,54,0.315,5,18,0.278,11,13,0.846,16,27,43,21,6,0,13,26,50,68,1.62,0.46,2021-22
1630206,471,Jay Scrubb,1610612746,LAC,18,121,18,46,0.391,6,21,0.286,7,10,0.7,2,14,16,8,4,3,7,9,49,42,1.14,0.57,2021-22
1629033,472,Theo Pinson,1610612742,DAL,19,148,14,39,0.359,10,30,0.333,10,10,1.0,2,19,21,17,5,2,5,12,48,63,3.4,1.0,2021-22
1630586,472,Usman Garuba,1610612745,HOU,24,239,19,44,0.432,5,20,0.25,5,7,0.714,21,62,83,17,10,11,6,28,48,136,2.83,1.67,2021-22
1629719,474,Devontae Cacok,1610612759,SAS,15,121,21,31,0.677,0,0,0.0,4,7,0.571,8,34,42,6,8,7,3,16,46,93,2.0,2.67,2021-22
1629663,475,Louis King,1610612758,SAC,10,104,15,47,0.319,8,27,0.296,7,10,0.7,0,12,12,9,2,1,0,14,45,34,0.0,0.0,2021-22
1629674,475,Neemias Queta,1610612758,SAC,15,120,17,38,0.447,0,0,0.0,11,17,0.647,14,17,31,6,1,8,6,18,45,58,1.0,0.17,2021-22
1630285,477,Zavier Simpson,1610612760,OKC,4,174,19,52,0.365,1,8,0.125,5,5,1.0,2,19,21,30,5,4,10,15,44,61,3.0,0.5,2021-22
1629312,478,Haywood Highsmith,1610612748,MIA,19,163,16,46,0.348,9,28,0.321,2,5,0.4,10,16,26,6,2,3,3,13,43,44,2.0,0.67,2021-22
1630243,478,Trevelin Queen,1610612745,HOU,10,74,15,33,0.455,9,24,0.375,4,4,1.0,7,9,16,4,5,1,7,6,43,44,0.57,0.71,2021-22
1628993,480,Alize Johnson,1610612740,NOP,23,167,17,39,0.436,0,4,0.0,7,12,0.583,28,33,61,9,5,0,12,18,41,77,0.75,0.42,2021-22
1630698,481,Kevin Pangos,1610612739,CLE,24,166,15,46,0.326,6,26,0.231,3,4,0.75,2,9,11,30,3,0,7,11,39,44,4.29,0.43,2021-22
204025,481,Tim Frazier,1610612739,CLE,12,208,14,45,0.311,6,17,0.353,5,9,0.556,5,14,19,34,3,1,15,27,39,46,2.27,0.2,2021-22
1629607,483,Jared Harper,1610612740,NOP,5,43,14,26,0.538,5,12,0.417,4,4,1.0,2,0,2,14,4,1,2,5,37,44,7.0,2.0,2021-22
1629712,484,Didi Louzada,1610612757,POR,9,129,12,33,0.364,9,23,0.391,2,2,1.0,5,12,17,5,2,2,5,13,35,35,1.0,0.4,2021-22
1627846,485,Abdel Nader,1610612756,PHX,14,145,12,35,0.343,4,14,0.286,6,10,0.6,4,23,27,7,8,4,11,20,34,42,0.64,0.73,2021-22
1626161,485,Willie Cauley-Stein,1610612755,PHI,20,183,16,35,0.457,1,2,0.5,1,2,0.5,13,27,40,10,6,3,7,19,34,66,1.43,0.86,2021-22
1629626,487,Bol Bol,1610612753,ORL,14,81,15,27,0.556,1,4,0.25,2,5,0.4,4,16,20,5,1,2,4,4,33,42,1.25,0.25,2021-22
202688,488,Brandon Knight,1610612742,DAL,5,65,10,25,0.4,4,17,0.235,8,8,1.0,0,8,8,8,1,0,4,5,32,30,2.0,0.25,2021-22
1628982,488,Melvin Frazier Jr.,1610612760,OKC,3,120,13,48,0.271,1,21,0.048,5,7,0.714,5,8,13,1,1,0,3,8,32,7,0.33,0.33,2021-22
2617,488,Udonis Haslem,1610612748,MIA,13,83,14,31,0.452,1,4,0.25,3,3,1.0,4,21,25,4,1,1,5,15,32,41,0.8,0.2,2021-22
1630602,491,Chaundee Brown Jr.,1610612737,ATL,5,104,10,32,0.313,6,18,0.333,5,6,0.833,1,15,16,4,2,0,1,7,31,29,4.0,2.0,2021-22
1628778,491,Paul Watson,1610612760,OKC,9,156,12,35,0.343,6,26,0.231,1,2,0.5,3,24,27,8,3,3,4,10,31,44,2.0,0.75,2021-22
1629718,493,Charlie Brown Jr.,1610612755,PHI,22,178,10,39,0.256,1,12,0.083,9,10,0.9,14,18,32,6,10,4,5,18,30,47,1.2,2.0,2021-22
1628391,493,D.J. Wilson,1610612761,TOR,4,54,11,15,0.733,0,2,0.0,8,10,0.8,1,15,16,5,5,1,2,6,30,49,2.5,2.5,2021-22
1628436,493,Luke Kornet,1610612738,BOS,15,103,13,27,0.481,0,5,0.0,4,6,0.667,13,16,29,9,3,3,0,9,30,58,0.0,0.0,2021-22
1629683,493,Quinndary Weatherspoon,1610612744,GSW,11,73,12,21,0.571,1,5,0.2,5,5,1.0,2,12,14,5,1,1,3,15,30,39,1.67,0.33,2021-22
1629653,497,Devon Dotson,1610612741,CHI,11,85,11,23,0.478,2,9,0.222,5,9,0.556,1,8,9,15,1,0,5,11,29,33,3.0,0.2,2021-22
203516,497,James Ennis III,1610612743,DEN,7,56,11,24,0.458,3,8,0.375,4,5,0.8,5,7,12,3,2,2,2,5,29,32,1.5,1.0,2021-22
202334,499,Ed Davis,1610612739,CLE,31,201,11,16,0.688,0,0,0.0,6,14,0.429,14,50,64,7,3,9,5,33,28,93,1.4,0.6,2021-22
1630222,500,Mason Jones,1610612747,LAL,4,51,7,15,0.467,1,4,0.25,12,15,0.8,1,9,10,4,2,0,1,8,27,31,4.0,2.0,2021-22
1629168,501,BJ Johnson,1610612753,ORL,4,65,11,25,0.44,4,10,0.4,0,0,0.0,6,9,15,0,0,1,0,4,26,28,0.0,0.0,2021-22
1629735,501,Chris Silva,1610612748,MIA,10,91,8,15,0.533,0,0,0.0,10,12,0.833,13,23,36,7,0,1,8,20,26,53,0.88,0.0,2021-22
1630241,503,Sam Merrill,1610612763,MEM,6,58,8,24,0.333,7,23,0.304,2,4,0.5,1,6,7,4,0,0,2,3,25,16,2.0,0.0,2021-22
1628419,504,Cameron Oliver,1610612737,ATL,2,43,10,15,0.667,1,3,0.333,2,3,0.667,2,4,6,3,1,1,0,5,23,28,0.0,0.0,2021-22
1629035,504,Carsen Edwards,1610612765,DET,4,79,9,30,0.3,4,16,0.25,1,1,1.0,2,4,6,14,2,0,5,4,23,19,2.8,0.4,2021-22
1630539,506,Kai Jones,1610612766,CHA,21,63,9,14,0.643,1,2,0.5,3,8,0.375,3,8,11,4,1,2,6,8,22,24,0.67,0.17,2021-22
1628411,506,Wes Iwundu,1610612737,ATL,3,82,8,18,0.444,3,5,0.6,3,4,0.75,3,10,13,0,1,0,1,8,22,24,0.0,1.0,2021-22
1630271,508,Brodric Thomas,1610612738,BOS,12,60,8,18,0.444,2,9,0.222,3,5,0.6,2,8,10,11,1,1,6,7,21,26,1.83,0.17,2021-22
1630273,508,Freddie Gillespie,1610612753,ORL,9,119,9,22,0.409,0,1,0.0,3,7,0.429,13,23,36,5,3,9,5,18,21,52,1.0,0.6,2021-22
1630238,508,Malik Fitts,1610612738,BOS,15,63,8,19,0.421,5,10,0.5,0,0,0.0,2,15,17,5,0,0,2,4,21,30,2.5,0.0,2021-22
1629730,508,Rayjon Tucker,1610612749,MIL,5,71,6,9,0.667,4,5,0.8,5,7,0.714,3,5,8,10,4,0,1,5,21,37,10.0,4.0,2021-22
1630225,512,Isaiah Todd,1610612764,WAS,12,74,7,26,0.269,4,16,0.25,2,6,0.333,3,9,12,4,4,2,4,4,20,15,1.0,1.0,2021-22
1630176,512,Vernon Carey Jr.,1610612764,WAS,7,44,7,13,0.538,0,0,0.0,6,13,0.462,8,4,12,0,2,1,3,4,20,19,0.0,0.67,2021-22
1628476,514,Derrick Walton Jr.,1610612765,DET,3,108,6,26,0.231,3,13,0.231,4,4,1.0,2,8,10,21,7,4,11,8,19,30,1.91,0.64,2021-22
1630288,514,Jeff Dowtin Jr.,1610612753,ORL,9,108,8,26,0.308,1,9,0.111,2,2,1.0,8,10,18,10,5,1,5,5,19,30,2.0,1.0,2021-22
1630466,516,Gabriel Deck,1610612760,OKC,7,56,8,14,0.571,2,4,0.5,0,0,0.0,1,5,6,5,1,0,2,2,18,22,2.5,0.5,2021-22
203917,516,Nik Stauskas,1610612738,BOS,8,39,5,14,0.357,4,10,0.4,4,6,0.667,1,2,3,2,0,0,1,1,18,11,2.0,0.0,2021-22
1630250,518,Marko Simonovic,1610612741,CHI,9,35,4,15,0.267,1,5,0.2,8,11,0.727,5,5,10,0,1,1,2,6,17,13,0.0,0.5,2021-22
204020,518,Tyler Johnson,1610612759,SAS,6,91,6,20,0.3,5,13,0.385,0,0,0.0,3,9,12,7,3,3,2,7,17,26,3.5,1.5,2021-22
1627820,518,Tyrone Wallace,1610612740,NOP,6,75,7,20,0.35,2,8,0.25,1,5,0.2,0,8,8,1,3,1,2,7,17,11,0.5,1.5,2021-22
1627853,521,Ryan Arcidiacono,1610612752,NYK,10,76,6,12,0.5,4,9,0.444,0,0,0.0,0,8,8,4,1,0,3,5,16,20,1.33,0.33,2021-22
1628382,522,Justin Jackson,1610612756,PHX,7,36,5,15,0.333,3,9,0.333,2,2,1.0,1,6,7,2,0,0,1,3,15,13,2.0,0.0,2021-22
1630612,522,Ruben Nembhard Jr.,1610612739,CLE,14,63,6,18,0.333,0,2,0.0,3,4,0.75,3,4,7,12,1,0,3,2,15,19,4.0,0.33,2021-22
1630758,524,Aleem Ford,1610612753,ORL,5,74,6,20,0.3,2,15,0.133,0,0,0.0,2,13,15,2,1,0,4,7,14,14,0.5,0.25,2021-22
1630787,524,Cameron McGriff,1610612757,POR,3,46,5,14,0.357,2,6,0.333,2,2,1.0,6,9,15,3,0,1,0,7,14,24,0.0,0.0,2021-22
1630216,524,Cassius Winston,1610612764,WAS,7,39,4,11,0.364,2,6,0.333,4,4,1.0,0,1,1,7,0,0,3,9,14,12,2.33,0.0,2021-22
204038,524,Langston Galloway,1610612749,MIL,7,107,6,26,0.231,2,16,0.125,0,0,0.0,3,15,18,12,1,0,6,7,14,19,2.0,0.17,2021-22
1627822,524,Petr Cornelie,1610612743,DEN,13,38,5,15,0.333,1,8,0.125,3,4,0.75,7,7,14,3,1,1,4,7,14,18,0.75,0.25,2021-22
1629635,524,Sekou Doumbouya,1610612747,LAL,2,16,5,8,0.625,1,2,0.5,3,4,0.75,2,4,6,0,3,2,2,1,14,19,0.0,1.5,2021-22
1630994,530,Gabriel Lundberg,1610612756,PHX,4,44,5,19,0.263,3,8,0.375,0,0,0.0,2,5,7,11,3,0,3,7,13,17,3.67,1.0,2021-22
1630585,530,Marcus Garrett,1610612748,MIA,12,128,5,21,0.238,1,4,0.25,2,5,0.4,9,14,23,7,5,3,2,16,13,30,3.5,2.5,2021-22
1629619,530,Myles Powell,1610612755,PHI,11,52,5,17,0.294,1,6,0.167,2,2,1.0,1,5,6,3,1,0,3,8,13,8,1.0,0.33,2021-22
1630582,530,Yves Pons,1610612763,MEM,12,71,5,16,0.313,3,9,0.333,0,2,0.0,5,7,12,1,1,4,1,6,13,17,1.0,1.0,2021-22
1629067,534,Isaac Bonga,1610612761,TOR,15,69,3,13,0.231,1,4,0.25,5,8,0.625,4,3,7,4,8,2,2,10,12,18,2.0,4.0,2021-22
1630695,534,Micah Potter,1610612765,DET,3,31,5,11,0.455,0,2,0.0,2,2,1.0,4,5,9,0,1,1,1,4,12,16,0.0,1.0,2021-22
1629605,534,Tacko Fall,1610612739,CLE,11,59,5,12,0.417,0,0,0.0,2,7,0.286,7,16,23,2,0,6,3,3,12,28,0.67,0.0,2021-22
1627767,537,Cheick Diallo,1610612765,DET,3,31,3,8,0.375,0,0,0.0,5,6,0.833,4,8,12,0,1,0,1,6,11,17,0.0,1.0,2021-22
1629682,538,Tremont Waters,1610612764,WAS,3,50,4,14,0.286,2,9,0.222,0,0,0.0,0,4,4,7,5,0,4,4,10,12,1.75,1.25,2021-22
1630187,539,Daniel Oturu,1610612761,TOR,3,27,3,6,0.5,0,1,0.0,3,5,0.6,1,4,5,0,0,2,0,1,9,11,0.0,0.0,2021-22
1628221,540,Gabe York,1610612754,IND,2,21,2,7,0.286,1,6,0.167,3,5,0.6,0,2,2,4,2,1,1,4,8,9,4.0,2.0,2021-22
1630644,540,Mac McClung,1610612747,LAL,2,24,3,6,0.5,1,3,0.333,1,1,1.0,0,3,3,1,1,1,3,5,8,8,0.33,0.33,2021-22
1629005,540,Malik Newman,1610612739,CLE,1,8,3,5,0.6,0,1,0.0,2,2,1.0,0,1,1,1,0,0,1,0,8,7,1.0,0.0,2021-22
203524,540,Solomon Hill,1610612737,ATL,13,139,3,20,0.15,2,13,0.154,0,0,0.0,6,17,23,12,4,2,1,16,8,31,12.0,4.0,2021-22
1630647,544,Eugene Omoruyi,1610612742,DAL,4,18,2,5,0.4,1,2,0.5,2,4,0.5,2,5,7,2,0,0,0,2,7,11,0.0,0.0,2021-22
1630218,544,Robert Woodard II,1610612759,SAS,12,42,2,16,0.125,1,4,0.25,2,2,1.0,5,6,11,3,1,1,1,3,7,8,3.0,1.0,2021-22
1630536,544,Sharife Cooper,1610612737,ATL,13,39,3,14,0.214,1,6,0.167,0,0,0.0,0,5,5,5,0,0,5,1,7,1,1.0,0.0,2021-22
1628591,547,Craig Sword,1610612764,WAS,3,19,3,4,0.75,0,1,0.0,0,0,0.0,0,0,0,1,4,0,1,7,6,9,1.0,4.0,2021-22
1629751,547,Dakota Mathias,1610612763,MEM,6,16,2,6,0.333,2,6,0.333,0,0,0.0,0,2,2,1,1,0,0,1,6,6,0.0,0.0,2021-22
203658,547,Norvel Pelle,1610612762,UTA,3,19,3,5,0.6,0,0,0.0,0,0,0.0,3,3,6,0,0,1,2,1,6,9,0.0,0.0,2021-22
1628238,547,Paris Bass,1610612756,PHX,2,7,2,6,0.333,0,2,0.0,2,2,1.0,2,2,4,0,1,0,2,2,6,5,0.0,0.5,2021-22
1630286,547,Trevon Scott,1610612739,CLE,2,11,3,6,0.5,0,1,0.0,0,0,0.0,1,1,2,0,1,1,0,2,6,7,0.0,0.0,2021-22
1630648,552,Jordan Schakel,1610612764,WAS,4,30,1,11,0.091,1,6,0.167,2,2,1.0,2,6,8,0,1,0,1,0,5,3,0.0,1.0,2021-22
1629752,552,Juwan Morgan,1610612738,BOS,2,31,2,3,0.667,1,2,0.5,0,0,0.0,2,2,4,1,0,0,0,3,5,9,0.0,0.0,2021-22
1630593,552,McKinley Wright IV,1610612750,MIN,5,19,2,3,0.667,1,2,0.5,0,0,0.0,0,0,0,3,0,0,1,1,5,6,3.0,0.0,2021-22
1629671,552,Miye Oni,1610612762,UTA,16,44,2,9,0.222,1,8,0.125,0,1,0.0,1,6,7,5,0,0,1,7,5,8,5.0,0.0,2021-22
1630589,552,Moses Wright,1610612742,DAL,4,15,1,4,0.25,0,1,0.0,3,3,1.0,1,2,3,2,0,1,0,0,5,8,0.0,0.0,2021-22
1627782,552,Wayne Selden,1610612752,NYK,3,19,1,4,0.25,1,2,0.5,2,4,0.5,0,1,1,1,0,0,0,1,5,2,0.0,0.0,2021-22
1630270,552,Xavier Sneed,1610612762,UTA,9,39,2,10,0.2,1,8,0.125,0,0,0.0,2,4,6,1,0,0,0,2,5,4,0.0,0.0,2021-22
1630637,559,Carlik Jones,1610612743,DEN,5,23,1,9,0.111,0,1,0.0,2,2,1.0,1,2,3,5,1,0,3,0,4,2,1.67,0.33,2021-22
1628990,559,Chandler Hutchison,1610612756,PHX,6,22,1,2,0.5,0,0,0.0,2,2,1.0,0,5,5,2,0,0,4,1,4,6,0.5,0.0,2021-22
1628422,559,Damyean Dotson,1610612752,NYK,2,21,2,4,0.5,0,1,0.0,0,0,0.0,0,2,2,1,0,0,0,0,4,5,0.0,0.0,2021-22
201954,559,Darren Collison,1610612747,LAL,3,37,2,7,0.286,0,3,0.0,0,0,0.0,0,4,4,2,1,0,1,5,4,5,2.0,1.0,2021-22
1629203,559,Jemerrio Jones,1610612747,LAL,2,15,2,3,0.667,0,0,0.0,0,0,0.0,2,1,3,0,1,0,0,2,4,7,0.0,0.0,2021-22
203816,559,Scotty Hopson,1610612760,OKC,1,18,2,4,0.5,0,1,0.0,0,0,0.0,0,1,1,1,0,0,2,1,4,2,0.5,0.0,2021-22
1627885,559,Shaquille Harrison,1610612751,BKN,2,23,2,6,0.333,0,2,0.0,0,0,0.0,1,3,4,3,1,1,2,3,4,7,1.5,0.5,2021-22
1629686,566,Deividas Sirvydis,1610612765,DET,3,27,1,10,0.1,1,7,0.143,0,0,0.0,0,6,6,1,3,1,0,4,3,5,0.0,0.0,2021-22
1626144,566,Emmanuel Mudiay,1610612758,SAC,2,11,0,2,0.0,0,0,0.0,3,4,0.75,0,0,0,4,1,0,1,1,3,4,4.0,1.0,2021-22
1630346,566,Matt Ryan,1610612738,BOS,1,5,1,5,0.2,1,5,0.2,0,0,0.0,0,0,0,0,1,0,0,0,3,0,0.0,0.0,2021-22
1630306,566,Rob Edwards,1610612760,OKC,2,11,1,4,0.25,1,4,0.25,0,0,0.0,0,3,3,0,0,0,1,0,3,2,0.0,0.0,2021-22
1630565,570,Aaron Henry,1610612755,PHI,6,17,1,5,0.2,0,1,0.0,0,0,0.0,0,1,1,0,0,2,2,2,2,-1,0.0,0.0,2021-22
1629958,570,Ahmad Caver,1610612754,IND,1,1,1,1,1.0,0,0,0.0,0,0,0.0,0,0,0,0,0,0,0,0,2,2,0.0,0.0,2021-22
1629610,570,DaQuan Jeffries,1610612763,MEM,3,9,1,2,0.5,0,1,0.0,0,0,0.0,0,2,2,1,0,0,0,1,2,4,0.0,0.0,2021-22
1630531,570,Jaden Springer,1610612755,PHI,2,6,1,1,1.0,0,0,0.0,0,0,0.0,1,1,2,0,0,2,1,0,2,5,0.0,0.0,2021-22
1629600,570,Jarron Cumberland,1610612757,POR,3,12,1,2,0.5,0,1,0.0,0,0,0.0,1,2,3,1,0,0,0,2,2,5,0.0,0.0,2021-22
1628537,570,Jaylen Morris,1610612759,SAS,3,16,0,6,0.0,0,2,0.0,2,4,0.5,0,2,2,2,0,0,1,2,2,-3,2.0,0.0,2021-22
2207,570,Joe Johnson,1610612738,BOS,1,2,1,1,1.0,0,0,0.0,0,0,0.0,0,0,0,0,0,0,0,0,2,2,0.0,0.0,2021-22
1630555,570,Joel Ayayi,1610612764,WAS,7,20,1,6,0.167,0,1,0.0,0,0,0.0,1,2,3,4,0,0,0,0,2,4,0.0,0.0,2021-22
1629783,570,Shaq Buchanan,1610612763,MEM,2,10,1,4,0.25,0,2,0.0,0,0,0.0,1,1,2,2,1,0,2,1,2,2,1.0,0.5,2021-22
1630179,570,Tyrell Terry,1610612763,MEM,2,3,1,1,1.0,0,0,0.0,0,0,0.0,0,0,0,0,0,0,0,1,2,2,0.0,0.0,2021-22
1628994,580,George King,1610612742,DAL,4,19,0,5,0.0,0,4,0.0,1,2,0.5,0,5,5,0,0,0,1,4,1,-1,0.0,0.0,2021-22
1630575,580,Scottie Lewis,1610612766,CHA,2,7,0,0,0.0,0,0,0.0,1,2,0.5,0,0,0,1,1,0,0,0,1,2,0.0,0.0,2021-22
1630278,582,Ade Murkey,1610612758,SAC,1,1,0,0,0.0,0,0,0.0,0,0,0.0,0,0,0,0,0,0,0,0,0,0,0.0,0.0,2021-22
1630237,582,Anthony Lamb,1610612745,HOU,2,8,0,2,0.0,0,2,0.0,0,0,0.0,0,1,1,2,0,0,0,0,0,1,0.0,0.0,2021-22
1629083,582,Arnoldas Kulboka,1610612766,CHA,2,5,0,1,0.0,0,1,0.0,0,0,0.0,0,0,0,0,0,0,0,1,0,-1,0.0,0.0,2021-22
101139,582,CJ Miles,1610612738,BOS,1,2,0,0,0.0,0,0,0.0,0,0,0.0,0,0,0,0,0,0,0,1,0,0,0.0,0.0,2021-22
1627760,582,Cat Barber,1610612737,ATL,3,13,0,4,0.0,0,0,0.0,0,4,0.0,1,2,3,3,0,0,1,1,0,-3,3.0,0.0,2021-22
1630525,582,David Johnson,1610612761,TOR,2,2,0,1,0.0,0,1,0.0,0,0,0.0,0,0,0,0,0,0,0,0,0,-1,0.0,0.0,2021-22
1630610,582,DeJon Jarreau,1610612754,IND,1,1,0,0,0.0,0,0,0.0,0,0,0.0,0,0,0,0,0,0,0,0,0,0,0.0,0.0,2021-22
1629150,582,Emanuel Terry,1610612756,PHX,3,18,0,5,0.0,0,0,0.0,0,0,0.0,8,7,15,2,1,0,5,4,0,8,0.4,0.2,2021-22
1630624,582,Feron Hunt,1610612752,NYK,2,8,0,2,0.0,0,0,0.0,0,0,0.0,1,0,1,1,1,0,1,1,0,0,1.0,1.0,2021-22
1630605,582,JaQuori McLaughlin,1610612742,DAL,4,11,0,2,0.0,0,1,0.0,0,0,0.0,0,0,0,2,0,0,0,1,0,0,0.0,0.0,2021-22
1630693,582,Jaime Echenique,1610612764,WAS,1,3,0,0,0.0,0,0,0.0,0,0,0.0,0,0,0,0,0,0,0,0,0,0,0.0,0.0,2021-22
1629602,582,Javin DeLaurier,1610612749,MIL,1,3,0,0,0.0,0,0,0.0,0,0,0.0,0,1,1,0,1,0,0,1,0,2,0.0,0.0,2021-22
1630643,582,Jay Huff,1610612747,LAL,4,20,0,3,0.0,0,2,0.0,0,0,0.0,1,3,4,1,1,1,1,1,0,3,1.0,1.0,2021-22
1629873,582,Jaysean Paige,1610612765,DET,1,7,0,3,0.0,0,2,0.0,0,0,0.0,0,1,1,1,0,0,1,2,0,-2,1.0,0.0,2021-22
1630257,582,Jon Teske,1610612763,MEM,3,8,0,1,0.0,0,0,0.0,0,2,0.0,0,2,2,1,1,0,0,1,0,1,0.0,0.0,2021-22
1628395,582,Jordan Bell,1610612741,CHI,1,2,0,0,0.0,0,0,0.0,0,0,0.0,1,0,1,0,1,0,0,2,0,2,0.0,0.0,2021-22
1630692,582,Jordan Goodwin,1610612764,WAS,2,6,0,3,0.0,0,1,0.0,0,0,0.0,0,1,1,0,0,0,0,1,0,-2,0.0,0.0,2021-22
1630640,582,MJ Walker,1610612756,PHX,2,8,0,4,0.0,0,2,0.0,0,0,0.0,0,1,1,1,2,0,0,1,0,0,0.0,0.0,2021-22
1629760,582,Matt Mooney,1610612752,NYK,1,2,0,1,0.0,0,1,0.0,0,0,0.0,0,0,0,0,1,0,1,0,0,-1,0.0,1.0,2021-22
1630207,582,Nate Hinton,1610612754,IND,2,2,0,1,0.0,0,0,0.0,0,0,0.0,0,0,0,0,0,0,1,0,0,-2,0.0,0.0,2021-22
1626155,582,Sam Dekker,1610612761,TOR,1,1,0,0,0.0,0,0,0.0,0,0,0.0,0,0,0,0,0,0,0,0,0,0,0.0,0.0,2021-22
1629309,582,Trayvon Palmer,1610612765,DET,1,17,0,1,0.0,0,0,0.0,0,0,0.0,0,2,2,0,0,0,1,2,0,0,0.0,0.0,2021-22
1629788,582,Tyler Hall,1610612752,NYK,1,2,0,0,0.0,0,0,0.0,0,0,0.0,0,0,0,0,0,0,0,0,0,0,0.0,0.0,2021-22
1629597,582,Zylan Cheatham,1610612762,UTA,1,5,0,3,0.0,0,2,0.0,0,0,0.0,0,0,0,0,0,0,0,0,0,-3,0.0,0.0,2021-22
201939,1,Stephen Curry,1610612744,GSW,63,2152,658,1365,0.482,337,801,0.421,362,395,0.916,29,316,345,363,77,8,213,119,2015,1855,1.7,0.36,2020-21
203081,2,Damian Lillard,1610612757,POR,67,2398,602,1334,0.451,275,704,0.391,449,484,0.928,32,251,283,505,62,17,203,102,1928,1825,2.49,0.31,2020-21
203999,3,Nikola Jokić,1610612743,DEN,72,2488,732,1293,0.566,92,237,0.388,342,394,0.868,205,575,780,599,95,48,222,192,1898,2585,2.7,0.43,2020-21
203078,4,Bradley Beal,1610612764,WAS,60,2147,670,1382,0.485,130,373,0.349,408,459,0.889,72,211,283,265,69,22,187,140,1878,1567,1.42,0.37,2020-21
1629029,5,Luka Dončić,1610612742,DAL,66,2262,647,1351,0.479,192,548,0.35,344,471,0.73,54,473,527,567,64,36,281,152,1830,1912,2.02,0.23,2020-21
203507,6,Giannis Antetokounmpo,1610612749,MIL,61,2013,626,1100,0.569,67,221,0.303,398,581,0.685,97,574,671,357,72,73,207,168,1717,2026,1.73,0.35,2020-21
1626164,7,Devin Booker,1610612756,PHX,67,2270,623,1287,0.484,126,371,0.34,340,392,0.867,34,247,281,289,53,16,207,181,1712,1428,1.4,0.26,2020-21
203944,7,Julius Randle,1610612752,NYK,71,2667,602,1321,0.456,160,389,0.411,348,429,0.811,84,640,724,427,64,18,241,225,1712,1904,1.77,0.27,2020-21
1628369,9,Jayson Tatum,1610612738,BOS,64,2290,605,1318,0.459,187,485,0.386,295,340,0.868,50,422,472,276,75,31,171,122,1692,1617,1.61,0.44,2020-21
1629627,10,Zion Williamson,1610612740,NOP,61,2026,634,1037,0.611,10,34,0.294,369,529,0.698,167,274,441,226,57,39,167,135,1647,1680,1.35,0.34,2020-21
202696,11,Nikola Vučević,1610612741,CHI,70,2348,666,1396,0.477,176,440,0.4,131,156,0.84,146,671,817,269,65,48,126,137,1639,1957,2.14,0.52,2020-21
1629027,12,Trae Young,1610612737,ATL,63,2125,487,1112,0.438,136,397,0.343,484,546,0.886,38,207,245,594,53,12,261,111,1594,1550,2.28,0.2,2020-21
203897,13,Zach LaVine,1610612741,CHI,58,2034,569,1123,0.507,200,477,0.419,253,298,0.849,36,253,289,282,46,27,203,138,1591,1433,1.39,0.23,2020-21
1628368,14,De'Aaron Fox,1610612758,SAC,58,2036,529,1110,0.477,103,320,0.322,300,417,0.719,33,170,203,417,87,27,174,170,1461,1323,2.4,0.5,2020-21
1629012,15,Collin Sexton,1610612739,CLE,60,2115,525,1105,0.475,98,264,0.371,312,383,0.815,58,129,187,262,62,10,167,157,1460,1163,1.57,0.37,2020-21
203954,16,Joel Embiid,1610612755,PHI,51,1585,461,899,0.513,58,154,0.377,471,548,0.859,113,426,539,145,50,69,159,123,1451,1580,0.91,0.31,2020-21
202681,16,Kyrie Irving,1610612751,BKN,54,1886,549,1086,0.506,152,378,0.402,201,218,0.922,52,205,257,324,76,37,130,140,1451,1461,2.49,0.59,2020-21
1627742,18,Brandon Ingram,1610612740,NOP,61,2092,513,1101,0.466,143,375,0.381,281,320,0.878,34,265,299,296,42,36,154,124,1450,1342,1.92,0.27,2020-21
201566,19,Russell Westbrook,1610612764,WAS,65,2369,544,1238,0.439,86,273,0.315,271,413,0.656,109,641,750,763,89,23,312,190,1445,1922,2.45,0.29,2020-21
1627759,20,Jaylen Brown,1610612738,BOS,58,1999,538,1111,0.484,163,411,0.397,191,250,0.764,71,276,347,195,72,32,158,168,1430,1286,1.23,0.46,2020-21
1626179,21,Terry Rozier,1610612766,CHA,69,2383,510,1134,0.45,222,571,0.389,165,202,0.817,47,255,302,293,87,26,128,119,1407,1326,2.29,0.68,2020-21
1628378,22,Donovan Mitchell,1610612762,UTA,53,1771,478,1091,0.438,178,461,0.386,267,316,0.845,50,185,235,277,52,15,147,117,1401,1171,1.88,0.35,2020-21
1630162,23,Anthony Edwards,1610612750,MIN,72,2314,505,1211,0.417,171,520,0.329,211,272,0.776,59,277,336,211,82,36,160,129,1392,1130,1.32,0.51,2020-21
203114,24,Khris Middleton,1610612749,MIL,68,2269,511,1074,0.476,151,365,0.414,212,236,0.898,54,352,406,370,74,9,178,160,1385,1479,2.08,0.42,2020-21
203952,25,Andrew Wiggins,1610612744,GSW,71,2364,505,1058,0.477,140,368,0.38,170,238,0.714,82,265,347,167,67,70,126,159,1320,1224,1.33,0.53,2020-21
201942,26,DeMar DeRozan,1610612759,SAS,61,2056,455,920,0.495,19,74,0.257,387,440,0.88,40,219,259,422,56,15,119,128,1316,1431,3.55,0.47,2020-21
202695,27,Kawhi Leonard,1610612746,LAC,52,1772,465,908,0.512,101,254,0.398,261,295,0.885,55,282,337,269,81,21,105,82,1292,1418,2.56,0.77,2020-21
1626181,28,Norman Powell,1610612757,POR,69,2206,438,918,0.477,171,416,0.411,236,271,0.871,42,173,215,129,82,18,119,160,1283,1093,1.08,0.69,2020-21
1629628,29,RJ Barrett,1610612752,NYK,72,2511,467,1060,0.441,124,309,0.401,206,276,0.746,68,346,414,217,53,20,139,188,1264,1166,1.56,0.38,2020-21
1627734,30,Domantas Sabonis,1610612754,IND,62,2231,484,904,0.535,52,162,0.321,240,328,0.732,150,592,742,415,76,33,213,203,1260,1805,1.95,0.36,2020-21
202331,31,Paul George,1610612746,LAC,54,1821,445,953,0.467,171,416,0.411,198,228,0.868,45,314,359,280,62,24,179,132,1259,1267,1.56,0.35,2020-21
203903,32,Jordan Clarkson,1610612762,UTA,68,1818,457,1075,0.425,208,599,0.347,129,144,0.896,47,227,274,168,61,10,115,110,1251,1016,1.46,0.53,2020-21
1626157,33,Karl-Anthony Towns,1610612750,MIN,50,1689,425,875,0.486,122,315,0.387,267,311,0.859,133,396,529,225,39,57,160,186,1239,1435,1.41,0.24,2020-21
202711,34,Bojan Bogdanovic,1610612762,UTA,72,2216,406,925,0.439,180,461,0.39,233,265,0.879,40,241,281,136,45,4,128,115,1225,1012,1.06,0.35,2020-21
202699,35,Tobias Harris,1610612755,PHI,62,2014,473,924,0.512,82,208,0.394,182,204,0.892,62,357,419,220,55,51,107,119,1210,1375,2.06,0.51,2020-21
203924,36,Jerami Grant,1610612765,DET,54,1829,400,932,0.429,115,329,0.35,290,343,0.845,35,215,250,152,35,58,109,125,1205,1006,1.39,0.32,2020-21
1629630,37,Ja Morant,1610612763,MEM,63,2053,430,957,0.449,73,241,0.303,271,372,0.728,59,193,252,465,57,13,203,87,1204,1160,2.29,0.28,2020-21
1628389,38,Bam Adebayo,1610612748,MIA,64,2143,456,800,0.57,2,8,0.25,283,354,0.799,142,431,573,346,75,66,169,145,1197,1673,2.05,0.44,2020-21
1627783,39,Pascal Siakam,1610612761,TOR,56,2006,437,961,0.455,73,246,0.297,249,301,0.827,95,310,405,250,64,37,130,174,1196,1246,1.92,0.49,2020-21
1627763,40,Malcolm Brogdon,1610612754,IND,56,1930,444,980,0.453,145,374,0.388,153,177,0.864,58,236,294,329,49,15,115,110,1186,1198,2.86,0.43,2020-21
1627741,41,Buddy Hield,1610612758,SAC,71,2433,403,992,0.406,282,721,0.391,88,104,0.846,29,305,334,257,63,30,130,175,1176,1125,1.98,0.49,2020-21
203501,42,Tim Hardaway Jr.,1610612742,DAL,70,1985,407,911,0.447,207,529,0.391,142,174,0.816,20,209,229,126,31,11,64,111,1163,960,1.97,0.48,2020-21
1629008,43,Michael Porter Jr.,1610612743,DEN,61,1912,443,817,0.542,170,382,0.445,106,134,0.791,91,354,445,70,40,54,77,126,1162,1292,0.91,0.52,2020-21
1628415,44,Dillon Brooks,1610612763,MEM,67,1997,432,1031,0.419,128,372,0.344,159,195,0.815,53,143,196,157,78,26,119,237,1151,854,1.32,0.66,2020-21
101108,45,Chris Paul,1610612756,PHX,70,2200,439,879,0.499,102,258,0.395,169,181,0.934,25,287,312,622,99,19,156,166,1149,1593,3.99,0.64,2020-21
2544,46,LeBron James,1610612747,LAL,45,1504,422,823,0.513,104,285,0.365,178,255,0.698,29,317,346,350,48,25,168,70,1126,1249,2.08,0.29,2020-21
202710,47,Jimmy Butler III,1610612748,MIA,52,1745,366,736,0.497,25,102,0.245,359,416,0.863,94,265,359,369,108,18,109,71,1116,1434,3.39,0.99,2020-21
1628381,48,John Collins,1610612737,ATL,63,1848,429,771,0.556,83,208,0.399,170,204,0.833,118,349,467,78,34,63,84,193,1111,1293,0.93,0.41,2020-21
203468,49,CJ McCollum,1610612757,POR,47,1600,405,884,0.458,169,420,0.402,108,133,0.812,30,155,185,223,44,21,65,87,1087,991,3.43,0.68,2020-21
201935,50,James Harden,1610612751,BKN,44,1609,342,734,0.466,121,334,0.362,278,323,0.861,35,313,348,475,53,33,177,99,1083,1378,2.68,0.3,2020-21
202685,51,Jonas Valančiūnas,1610612763,MEM,62,1755,440,743,0.592,21,57,0.368,157,203,0.773,253,523,776,112,35,57,100,179,1058,1589,1.12,0.35,2020-21
1627749,52,Dejounte Murray,1610612759,SAS,67,2139,441,974,0.453,63,199,0.317,106,134,0.791,58,415,473,363,101,7,117,135,1051,1317,3.1,0.86,2020-21
201950,53,Jrue Holiday,1610612749,MIL,59,1907,414,823,0.503,111,283,0.392,107,136,0.787,73,195,268,357,96,37,127,98,1046,1239,2.81,0.76,2020-21
1629632,54,Coby White,1610612741,CHI,69,2156,375,902,0.416,163,454,0.359,128,142,0.901,28,256,284,328,38,15,156,179,1041,1009,2.1,0.24,2020-21
1627832,55,Fred VanVleet,1610612761,TOR,52,1899,338,870,0.389,174,476,0.366,169,191,0.885,32,188,220,328,87,37,95,119,1019,1042,3.45,0.92,2020-21
1627750,56,Jamal Murray,1610612743,DEN,48,1704,378,792,0.477,129,316,0.408,133,153,0.869,37,157,194,231,64,13,108,95,1018,978,2.14,0.59,2020-21
203497,57,Rudy Gobert,1610612762,UTA,71,2187,391,579,0.675,0,4,0.0,233,374,0.623,240,720,960,89,40,190,118,163,1015,1847,0.75,0.34,2020-21
1629028,58,Deandre Ayton,1610612756,PHX,69,2115,430,687,0.626,4,20,0.2,133,173,0.769,228,499,727,99,41,81,103,196,997,1545,0.96,0.4,2020-21
203925,59,Joe Harris,1610612751,BKN,69,2142,357,707,0.505,211,444,0.475,49,63,0.778,43,205,248,130,46,14,62,141,974,986,2.1,0.74,2020-21
1628969,60,Mikal Bridges,1610612756,PHX,72,2348,363,669,0.543,134,315,0.425,110,131,0.84,76,233,309,152,76,63,57,116,970,1186,2.67,1.33,2020-21
203991,61,Clint Capela,1610612737,ATL,63,1898,413,695,0.594,0,0,0.0,130,227,0.573,297,606,903,49,44,129,73,145,956,1629,0.67,0.6,2020-21
1627747,62,Caris LeVert,1610612754,IND,47,1485,359,814,0.441,84,258,0.326,146,180,0.811,33,181,214,245,66,30,102,105,948,912,2.4,0.65,2020-21
203482,63,Kelly Olynyk,1610612745,HOU,70,1997,337,697,0.484,126,368,0.342,145,175,0.829,87,402,489,203,79,42,126,207,945,1242,1.61,0.63,2020-21
201142,64,Kevin Durant,1610612751,BKN,35,1157,324,603,0.537,85,189,0.45,210,238,0.882,13,234,247,195,25,45,120,70,943,1028,1.63,0.21,2020-21
1629130,65,Duncan Robinson,1610612748,MIA,72,2262,315,717,0.439,250,613,0.408,62,75,0.827,7,243,250,127,43,20,81,181,942,886,1.57,0.53,2020-21
1629636,66,Darius Garland,1610612739,CLE,54,1790,362,802,0.451,105,266,0.395,112,132,0.848,23,106,129,329,66,6,164,110,941,847,2.01,0.4,2020-21
203471,66,Dennis Schröder,1610612747,LAL,61,1956,332,760,0.437,71,212,0.335,206,243,0.848,30,181,211,351,70,13,163,159,941,958,2.15,0.43,2020-21
203084,68,Harrison Barnes,1610612758,SAC,58,2102,319,642,0.497,100,256,0.391,195,235,0.83,64,321,385,201,43,11,93,75,933,1117,2.16,0.46,2020-21
1626149,69,Montrezl Harrell,1610612747,LAL,69,1580,375,603,0.622,0,10,0.0,181,256,0.707,158,270,428,73,46,49,74,128,931,1150,0.99,0.62,2020-21
2546,70,Carmelo Anthony,1610612757,POR,69,1690,327,777,0.421,133,325,0.409,137,154,0.89,32,182,214,104,46,38,61,144,924,798,1.71,0.75,2020-21
203926,71,Doug McDermott,1610612754,IND,66,1619,354,665,0.532,111,286,0.388,80,98,0.816,60,161,221,85,20,6,53,117,899,849,1.6,0.38,2020-21
1629018,72,Gary Trent Jr.,1610612761,TOR,58,1802,320,785,0.408,165,429,0.385,83,106,0.783,27,125,152,80,56,10,43,92,888,655,1.86,1.3,2020-21
1629640,73,Keldon Johnson,1610612759,SAS,69,1968,338,705,0.479,60,181,0.331,145,196,0.74,93,319,412,121,40,24,78,142,881,982,1.55,0.51,2020-21
1628398,74,Kyle Kuzma,1610612747,LAL,68,1954,335,757,0.443,137,380,0.361,67,97,0.691,108,309,417,127,35,41,113,121,874,929,1.12,0.31,2020-21
202339,75,Eric Bledsoe,1610612740,NOP,71,2112,307,730,0.421,121,355,0.341,134,195,0.687,29,215,244,268,55,24,114,112,869,862,2.35,0.48,2020-21
1626158,75,Richaun Holmes,1610612758,SAC,61,1781,366,575,0.637,2,11,0.182,135,170,0.794,144,360,504,101,39,96,75,213,869,1290,1.35,0.52,2020-21
204001,77,Kristaps Porziņģis,1610612742,DAL,43,1327,325,683,0.476,97,258,0.376,118,138,0.855,82,299,381,68,20,58,51,115,865,963,1.33,0.39,2020-21
202330,78,Gordon Hayward,1610612766,CHA,44,1496,311,658,0.473,85,205,0.415,156,185,0.843,37,221,258,181,52,14,91,74,863,901,1.99,0.57,2020-21
1626174,79,Christian Wood,1610612745,HOU,41,1326,329,640,0.514,77,206,0.374,125,198,0.631,76,319,395,71,34,48,80,88,860,944,0.89,0.43,2020-21
201572,80,Brook Lopez,1610612749,MIL,70,1902,322,640,0.503,95,281,0.338,120,142,0.845,104,243,347,50,40,103,64,149,859,995,0.78,0.63,2020-21
1628973,81,Jalen Brunson,1610612742,DAL,68,1697,328,627,0.523,81,200,0.405,120,151,0.795,27,204,231,239,35,1,80,109,857,953,2.99,0.44,2020-21
1630180,81,Saddiq Bey,1610612765,DET,70,1909,279,691,0.404,175,460,0.38,124,147,0.844,43,275,318,95,52,14,60,110,857,841,1.58,0.87,2020-21
203937,83,Kyle Anderson,1610612763,MEM,69,1887,308,658,0.468,94,261,0.36,144,184,0.783,52,344,396,250,84,57,86,120,854,1165,2.91,0.98,2020-21
1626162,84,Kelly Oubre Jr.,1610612744,GSW,55,1688,318,724,0.439,90,285,0.316,123,177,0.695,82,247,329,73,57,42,70,121,849,820,1.04,0.81,2020-21
1628970,85,Miles Bridges,1610612766,CHA,66,1932,313,622,0.503,116,290,0.4,98,113,0.867,81,316,397,147,44,52,106,143,840,1050,1.39,0.42,2020-21
1628983,86,Shai Gilgeous-Alexander,1610612760,OKC,35,1180,287,565,0.508,71,170,0.418,185,229,0.808,19,147,166,207,27,23,106,70,830,825,1.95,0.26,2020-21
1627732,87,Ben Simmons,1610612755,PHI,58,1877,325,583,0.557,3,10,0.3,176,287,0.613,93,324,417,401,93,35,173,171,829,1233,2.32,0.54,2020-21
202689,87,Kemba Walker,1610612760,OKC,43,1369,284,676,0.42,127,353,0.36,134,149,0.899,16,154,170,212,48,12,88,61,829,776,2.41,0.55,2020-21
1628367,89,Josh Jackson,1610612765,DET,62,1560,296,707,0.419,77,257,0.3,159,218,0.729,57,197,254,143,53,47,142,178,828,713,1.01,0.37,2020-21
201144,90,Mike Conley,1610612762,UTA,51,1498,284,640,0.444,138,335,0.412,121,142,0.852,36,141,177,305,70,9,99,98,827,912,3.08,0.71,2020-21
1629023,91,P.J. Washington,1610612766,CHA,64,1954,302,686,0.44,112,290,0.386,108,145,0.745,93,325,418,161,69,79,128,171,824,1002,1.26,0.54,2020-21
202322,92,John Wall,1610612745,HOU,40,1288,293,726,0.404,79,249,0.317,158,211,0.749,17,112,129,275,42,31,141,46,823,673,1.95,0.3,2020-21
201152,92,Thaddeus Young,1610612741,CHI,68,1652,370,662,0.559,12,45,0.267,71,113,0.628,168,255,423,291,74,40,137,152,823,1180,2.12,0.54,2020-21
1628989,94,Kevin Huerter,1610612737,ATL,69,2126,316,731,0.432,140,386,0.363,50,64,0.781,38,193,231,241,82,18,79,165,822,886,3.05,1.04,2020-21
1628449,95,Chris Boucher,1610612761,TOR,60,1453,288,560,0.514,90,235,0.383,152,193,0.788,117,287,404,63,35,111,46,166,818,1072,1.37,0.76,2020-21
1629003,96,Shake Milton,1610612755,PHI,63,1461,300,667,0.45,71,203,0.35,146,176,0.83,33,115,148,193,39,18,103,130,817,715,1.87,0.38,2020-21
1628984,97,Devonte' Graham,1610612766,CHA,55,1659,252,669,0.377,179,477,0.375,133,158,0.842,22,126,148,295,48,6,84,77,816,787,3.51,0.57,2020-21
1629134,97,Kendrick Nunn,1610612748,MIA,56,1650,319,658,0.485,122,320,0.381,56,60,0.933,21,158,179,148,52,14,80,108,816,786,1.85,0.65,2020-21
1629639,99,Tyler Herro,1610612748,MIA,54,1635,307,699,0.439,107,297,0.36,94,117,0.803,25,243,268,184,35,17,101,71,815,803,1.82,0.35,2020-21
204060,100,Joe Ingles,1610612762,UTA,67,1867,275,562,0.489,183,406,0.451,76,90,0.844,27,217,244,318,45,12,117,120,809,1010,2.72,0.39,2020-21
202683,101,Enes Freedom,1610612757,POR,72,1757,339,561,0.604,1,4,0.25,127,164,0.774,284,511,795,84,33,48,78,168,806,1429,1.08,0.42,2020-21
1628386,101,Jarrett Allen,1610612739,CLE,63,1864,298,482,0.618,6,19,0.316,204,290,0.703,196,435,631,106,32,90,100,96,806,1295,1.06,0.32,2020-21
1630163,103,LaMelo Ball,1610612766,CHA,51,1469,293,672,0.436,92,261,0.352,125,165,0.758,63,239,302,313,81,18,145,136,803,953,2.16,0.56,2020-21
1628366,104,Lonzo Ball,1610612740,NOP,55,1747,290,700,0.414,172,455,0.378,50,64,0.781,33,230,263,316,82,31,123,103,802,947,2.57,0.67,2020-21
1626156,105,D'Angelo Russell,1610612750,MIN,42,1196,281,652,0.431,120,310,0.387,114,149,0.765,16,95,111,244,45,18,112,68,796,696,2.18,0.4,2020-21
1630256,106,Jae'Sean Tate,1610612745,HOU,70,2043,316,625,0.506,60,195,0.308,102,147,0.694,132,242,374,178,85,36,98,222,794,1015,1.82,0.87,2020-21
200768,107,Kyle Lowry,1610612761,TOR,46,1602,260,596,0.436,131,331,0.396,140,160,0.875,35,212,247,338,45,14,126,143,791,953,2.68,0.36,2020-21
1629060,108,Rui Hachimura,1610612764,WAS,57,1797,310,648,0.478,45,137,0.328,124,161,0.77,49,263,312,82,44,7,68,120,789,791,1.21,0.65,2020-21
1628407,109,Dwayne Bacon,1610612753,ORL,72,1853,292,726,0.402,59,207,0.285,145,176,0.824,31,193,224,93,45,5,46,103,788,644,2.02,0.98,2020-21
203076,110,Anthony Davis,1610612747,LAL,36,1162,301,613,0.491,26,100,0.26,158,214,0.738,62,224,286,110,45,59,74,60,786,844,1.49,0.61,2020-21
1629675,111,Naz Reid,1610612750,MIN,70,1347,304,581,0.523,61,174,0.351,115,166,0.693,82,240,322,72,34,76,69,179,784,891,1.04,0.49,2020-21
202694,112,Marcus Morris Sr.,1610612746,LAC,57,1502,276,584,0.473,140,296,0.473,73,89,0.82,35,199,234,58,34,15,57,117,765,725,1.02,0.6,2020-21
203200,113,Justin Holiday,1610612754,IND,72,2183,258,625,0.413,173,453,0.382,67,85,0.788,32,224,256,119,74,41,54,135,756,807,2.2,1.37,2020-21
1626171,114,Bobby Portis,1610612749,MIL,66,1372,313,598,0.523,74,157,0.471,54,73,0.74,124,342,466,71,52,26,56,115,754,1009,1.27,0.93,2020-21
1629647,114,Darius Bazley,1610612760,OKC,55,1714,273,690,0.396,83,286,0.29,125,178,0.702,51,345,396,99,29,25,122,60,754,711,0.81,0.24,2020-21
1630169,116,Tyrese Haliburton,1610612758,SAC,58,1746,292,619,0.472,121,296,0.409,48,56,0.857,39,134,173,309,77,28,92,83,753,913,3.36,0.84,2020-21
201145,117,Jeff Green,1610612751,BKN,68,1835,261,530,0.492,103,250,0.412,125,161,0.776,34,229,263,108,36,27,54,122,750,825,2.0,0.67,2020-21
101150,118,Lou Williams,1610612737,ATL,66,1423,265,646,0.41,69,173,0.399,150,173,0.867,21,117,138,225,47,6,108,62,749,653,2.08,0.44,2020-21
201988,119,Patty Mills,1610612759,SAS,68,1685,252,611,0.412,161,429,0.375,71,78,0.91,18,98,116,162,42,3,66,81,736,627,2.46,0.64,2020-21
201565,120,Derrick Rose,1610612752,NYK,50,1279,287,611,0.47,50,129,0.388,110,127,0.866,20,110,130,209,49,19,78,56,734,722,2.68,0.63,2020-21
1630193,121,Immanuel Quickley,1610612752,NYK,64,1244,229,580,0.395,118,303,0.389,155,174,0.891,25,112,137,127,30,12,58,114,731,609,2.19,0.52,2020-21
1629652,122,Luguentz Dort,1610612760,OKC,52,1543,247,639,0.387,113,329,0.343,122,164,0.744,38,151,189,88,45,19,79,134,729,557,1.11,0.57,2020-21
1627736,123,Malik Beasley,1610612750,MIN,37,1214,264,600,0.44,128,321,0.399,68,80,0.85,28,134,162,88,30,7,60,62,724,603,1.47,0.5,2020-21
203992,124,Bogdan Bogdanović,1610612737,ATL,44,1305,267,565,0.473,146,333,0.438,40,44,0.909,20,140,160,147,49,13,54,99,720,733,2.72,0.91,2020-21
203095,125,Evan Fournier,1610612738,BOS,42,1259,247,541,0.457,117,283,0.413,108,137,0.788,10,118,128,144,47,19,73,96,719,661,1.97,0.64,2020-21
203082,126,Terrence Ross,1610612753,ORL,46,1347,254,616,0.412,89,264,0.337,120,138,0.87,15,143,158,108,47,21,74,88,717,597,1.46,0.64,2020-21
200752,127,Rudy Gay,1610612759,SAS,63,1358,264,628,0.42,106,278,0.381,82,102,0.804,42,261,303,88,45,40,65,115,716,743,1.35,0.69,2020-21
1626196,128,Josh Richardson,1610612742,DAL,59,1790,264,618,0.427,88,267,0.33,99,108,0.917,51,144,195,153,61,24,79,130,715,706,1.94,0.77,2020-21
202704,128,Reggie Jackson,1610612746,LAC,67,1544,263,585,0.45,122,282,0.433,67,82,0.817,24,168,192,205,41,7,74,127,715,749,2.77,0.55,2020-21
203552,130,Seth Curry,1610612755,PHI,57,1638,258,552,0.467,126,280,0.45,69,77,0.896,10,126,136,155,44,8,65,96,711,687,2.39,0.68,2020-21
203115,130,Will Barton,1610612743,DEN,56,1736,259,608,0.426,98,257,0.381,95,121,0.785,39,187,226,181,50,23,96,95,711,720,1.89,0.52,2020-21
203493,132,Reggie Bullock Jr.,1610612752,NYK,65,1949,248,561,0.442,163,398,0.41,50,55,0.909,16,207,223,99,52,11,45,146,709,731,2.2,1.16,2020-21
1627854,133,Bryn Forbes,1610612749,MIL,70,1354,250,529,0.473,154,341,0.452,47,61,0.77,11,101,112,45,24,1,44,77,701,546,1.02,0.55,2020-21
1628374,134,Lauri Markkanen,1610612741,CHI,51,1317,250,521,0.48,119,296,0.402,76,92,0.826,35,233,268,45,26,15,52,75,695,710,0.87,0.5,2020-21
1628978,135,Donte DiVincenzo,1610612749,MIL,66,1815,253,603,0.42,131,346,0.379,51,71,0.718,81,299,380,203,72,15,91,112,688,897,2.23,0.79,2020-21
203083,136,Andre Drummond,1610612747,LAL,46,1242,282,572,0.493,0,8,0.0,123,205,0.6,166,385,551,94,63,49,124,149,687,948,0.76,0.51,2020-21
1628384,137,OG Anunoby,1610612761,TOR,43,1433,249,519,0.48,104,261,0.398,80,102,0.784,54,183,237,94,66,32,75,114,682,744,1.25,0.88,2020-21
201568,138,Danilo Gallinari,1610612737,ATL,51,1222,206,475,0.434,103,254,0.406,161,174,0.925,17,194,211,76,30,10,43,105,676,678,1.77,0.7,2020-21
201609,139,Goran Dragic,1610612748,MIA,50,1337,240,555,0.432,91,244,0.373,101,122,0.828,25,144,169,219,33,8,118,113,672,647,1.86,0.28,2020-21
1629022,140,Lonnie Walker IV,1610612759,SAS,60,1522,256,609,0.42,100,282,0.355,57,70,0.814,14,141,155,101,29,15,65,101,669,538,1.55,0.45,2020-21
1630177,141,Theo Maledon,1610612760,OKC,65,1778,226,614,0.368,105,313,0.335,101,135,0.748,25,186,211,227,56,11,141,126,658,600,1.61,0.4,2020-21
202722,142,Davis Bertans,1610612764,WAS,57,1464,193,478,0.404,169,428,0.395,100,115,0.87,18,150,168,49,33,13,33,136,655,585,1.49,1.0,2020-21
1630172,142,Patrick Williams,1610612741,CHI,71,1983,255,528,0.483,54,138,0.391,91,125,0.728,66,261,327,99,64,46,98,126,655,786,1.01,0.65,2020-21
201980,144,Danny Green,1610612755,PHI,69,1934,224,544,0.412,175,432,0.405,31,40,0.775,55,205,260,118,92,56,67,125,654,784,1.76,1.37,2020-21
203484,145,Kentavious Caldwell-Pope,1610612747,LAL,67,1902,218,506,0.431,120,293,0.41,97,112,0.866,27,152,179,127,62,26,66,114,653,678,1.92,0.94,2020-21
203506,146,Victor Oladipo,1610612748,MIA,33,1080,235,576,0.408,78,239,0.326,104,138,0.754,12,148,160,151,46,14,83,81,652,565,1.82,0.55,2020-21
1627826,147,Ivica Zubac,1610612746,LAC,72,1609,257,394,0.652,1,4,0.25,135,171,0.789,189,330,519,90,24,62,81,187,650,1091,1.11,0.3,2020-21
1630171,148,Isaac Okoro,1610612739,CLE,67,2173,235,559,0.42,62,214,0.29,114,157,0.726,68,138,206,128,62,24,86,185,646,613,1.49,0.72,2020-21
1626153,149,Delon Wright,1610612758,SAC,63,1748,240,518,0.463,64,172,0.372,101,126,0.802,65,204,269,278,101,30,83,75,645,937,3.35,1.22,2020-21
201577,150,Robin Lopez,1610612764,WAS,71,1354,269,425,0.633,5,18,0.278,99,137,0.723,141,131,272,55,15,44,75,109,642,759,0.73,0.2,2020-21
203901,151,Elfrid Payton,1610612752,NYK,63,1484,269,622,0.432,28,98,0.286,73,107,0.682,64,152,216,203,47,9,103,116,639,624,1.97,0.46,2020-21
1628464,152,Daniel Theis,1610612741,CHI,65,1601,252,466,0.541,49,152,0.322,74,110,0.673,93,263,356,108,41,57,66,167,627,873,1.64,0.62,2020-21
203935,152,Marcus Smart,1610612738,BOS,48,1581,203,510,0.398,93,282,0.33,128,162,0.79,36,131,167,273,72,23,96,126,627,725,2.84,0.75,2020-21
1630217,154,Desmond Bane,1610612763,MEM,68,1519,234,499,0.469,117,271,0.432,40,49,0.816,31,179,210,118,41,16,59,125,625,677,2.0,0.7,2020-21
202692,155,Alec Burks,1610612752,NYK,49,1255,210,500,0.42,102,246,0.415,101,118,0.856,21,206,227,107,31,14,49,102,623,646,2.18,0.63,2020-21
203932,156,Aaron Gordon,1610612743,DEN,50,1384,231,499,0.463,59,176,0.335,97,149,0.651,77,207,284,161,33,34,97,89,618,713,1.66,0.34,2020-21
1626224,157,Cedi Osman,1610612739,CLE,59,1511,219,586,0.374,99,324,0.306,76,95,0.8,38,163,201,174,53,9,80,119,613,584,2.18,0.66,2020-21
1629673,158,Jordan Poole,1610612744,GSW,51,988,205,474,0.432,97,276,0.351,105,119,0.882,15,77,92,99,26,9,51,86,612,504,1.94,0.51,2020-21
1629634,159,Brandon Clarke,1610612763,MEM,59,1415,256,495,0.517,20,77,0.26,78,113,0.69,97,231,328,95,60,51,33,84,610,837,2.88,1.82,2020-21
1628963,160,Marvin Bagley III,1610612758,SAC,43,1112,247,490,0.504,37,108,0.343,77,134,0.575,106,212,318,43,21,21,59,100,608,652,0.73,0.36,2020-21
1628976,161,Wendell Carter Jr.,1610612753,ORL,54,1375,230,457,0.503,15,51,0.294,131,179,0.732,132,311,443,104,35,42,78,146,606,877,1.33,0.45,2020-21
1630175,162,Cole Anthony,1610612753,ORL,47,1273,219,552,0.397,58,172,0.337,109,131,0.832,38,183,221,192,30,18,106,98,605,605,1.81,0.28,2020-21
1628977,163,Hamidou Diallo,1610612765,DET,52,1226,224,470,0.477,28,82,0.341,128,200,0.64,59,213,272,101,41,24,76,134,604,648,1.33,0.54,2020-21
203109,164,Jae Crowder,1610612756,PHX,60,1648,199,492,0.404,148,380,0.389,57,75,0.76,32,250,282,127,48,27,55,125,603,721,2.31,0.87,2020-21
204456,165,T.J. McConnell,1610612754,IND,69,1796,274,490,0.559,15,48,0.313,33,48,0.688,55,201,256,456,128,23,135,113,596,1093,3.38,0.95,2020-21
1627751,166,Jakob Poeltl,1610612759,SAS,69,1845,265,430,0.616,0,0,0.0,63,124,0.508,219,328,547,134,47,123,83,172,593,1135,1.61,0.57,2020-21
203496,166,Robert Covington,1610612757,POR,70,2243,204,509,0.401,135,356,0.379,50,62,0.806,61,405,466,117,101,84,64,195,593,980,1.83,1.58,2020-21
1626167,168,Myles Turner,1610612754,IND,47,1455,206,432,0.477,69,206,0.335,111,142,0.782,63,243,306,48,40,159,67,165,592,821,0.72,0.6,2020-21
1627827,169,Dorian Finney-Smith,1610612742,DAL,60,1921,220,466,0.472,119,302,0.394,31,41,0.756,98,228,326,102,52,25,48,138,590,791,2.13,1.08,2020-21
1629659,170,Talen Horton-Tucker,1610612747,LAL,65,1304,224,489,0.458,37,131,0.282,100,129,0.775,25,144,169,181,63,21,105,127,585,620,1.72,0.6,2020-21
201937,171,Ricky Rubio,1610612750,MIN,68,1772,193,498,0.388,66,214,0.308,130,150,0.867,28,195,223,433,98,4,111,139,582,904,3.9,0.88,2020-21
203486,172,Mason Plumlee,1610612765,DET,56,1499,234,381,0.614,0,7,0.0,113,169,0.669,145,374,519,202,43,50,105,186,581,1087,1.92,0.41,2020-21
1628971,173,Bruce Brown,1610612751,BKN,65,1451,235,423,0.556,17,59,0.288,86,117,0.735,111,238,349,104,58,28,54,145,573,839,1.93,1.07,2020-21
1629661,173,Cameron Johnson,1610612756,PHX,60,1437,203,483,0.42,117,335,0.349,50,59,0.847,33,166,199,86,37,16,40,85,573,582,2.15,0.93,2020-21
1629013,175,Landry Shamet,1610612751,BKN,61,1403,186,456,0.408,129,333,0.387,66,78,0.846,11,101,112,99,31,10,48,93,567,489,2.06,0.65,2020-21
1629004,176,Svi Mykhailiuk,1610612760,OKC,66,1324,208,506,0.411,105,314,0.334,38,50,0.76,24,139,163,110,51,12,88,63,559,497,1.25,0.58,2020-21
203526,177,Raul Neto,1610612764,WAS,64,1403,209,447,0.468,64,164,0.39,75,85,0.882,28,128,156,146,73,6,53,109,557,637,2.76,1.38,2020-21
1628401,178,Derrick White,1610612759,SAS,36,1064,186,453,0.411,84,243,0.346,97,114,0.851,13,94,107,127,26,36,45,91,553,520,2.82,0.58,2020-21
201587,179,Nicolas Batum,1610612746,LAC,67,1835,191,412,0.464,110,272,0.404,48,58,0.828,50,266,316,148,69,37,53,102,540,826,2.79,1.3,2020-21
1630191,180,Isaiah Stewart,1610612765,DET,68,1455,226,409,0.553,21,63,0.333,64,92,0.696,159,294,453,59,39,86,67,184,537,896,0.88,0.58,2020-21
1629676,181,Isaiah Roby,1610612760,OKC,61,1425,207,429,0.483,32,109,0.294,87,117,0.744,89,252,341,107,52,37,113,162,533,705,0.95,0.46,2020-21
1629056,181,Terence Davis,1610612758,SAC,61,1074,195,456,0.428,98,267,0.367,45,55,0.818,20,134,154,83,44,14,63,97,533,494,1.32,0.7,2020-21
1628960,183,Grayson Allen,1610612763,MEM,50,1260,173,414,0.418,107,274,0.391,79,91,0.868,19,141,160,108,46,8,48,71,532,553,2.25,0.96,2020-21
1629026,184,Kenrich Williams,1610612760,OKC,66,1426,219,411,0.533,52,117,0.444,36,63,0.571,84,189,273,152,55,17,76,143,526,728,2.0,0.72,2020-21
1628379,185,Luke Kennard,1610612746,LAC,63,1232,197,414,0.476,100,224,0.446,26,31,0.839,15,146,161,104,23,9,48,91,520,547,2.17,0.48,2020-21
202709,186,Cory Joseph,1610612765,DET,63,1446,200,426,0.469,45,132,0.341,72,88,0.818,35,124,159,213,61,18,79,139,517,647,2.7,0.77,2020-21
1630202,187,Payton Pritchard,1610612738,BOS,66,1268,184,418,0.44,102,248,0.411,40,45,0.889,33,125,158,120,37,9,53,104,510,542,2.26,0.7,2020-21
1629638,188,Nickeil Alexander-Walker,1610612740,NOP,46,1007,192,458,0.419,76,219,0.347,48,66,0.727,13,131,144,102,47,22,69,88,508,470,1.48,0.68,2020-21
201933,189,Blake Griffin,1610612751,BKN,46,1187,174,411,0.423,70,205,0.341,87,117,0.744,35,190,225,140,32,15,62,111,505,588,2.26,0.52,2020-21
1626166,189,Cameron Payne,1610612756,PHX,60,1079,191,395,0.484,73,166,0.44,50,56,0.893,16,128,144,217,36,16,60,97,505,648,3.62,0.6,2020-21
1629014,191,Anfernee Simons,1610612757,POR,64,1104,168,401,0.419,120,282,0.426,46,57,0.807,14,126,140,89,18,8,43,96,502,470,2.07,0.42,2020-21
200794,191,Paul Millsap,1610612743,DEN,56,1162,191,401,0.476,49,143,0.343,71,98,0.724,76,186,262,98,51,36,51,111,502,661,1.92,1.0,2020-21
1627788,193,Furkan Korkmaz,1610612755,PHI,55,1062,170,424,0.401,101,269,0.375,60,82,0.732,17,96,113,82,49,9,46,64,501,432,1.78,1.07,2020-21
1627777,194,Georges Niang,1610612762,UTA,72,1154,177,405,0.437,124,292,0.425,22,23,0.957,28,148,176,59,25,8,51,116,500,488,1.16,0.49,2020-21
1626220,195,Royce O'Neale,1610612762,UTA,71,2240,175,394,0.444,107,278,0.385,39,46,0.848,88,397,485,181,57,32,83,182,496,942,2.18,0.69,2020-21
1628370,196,Malik Monk,1610612766,CHA,42,878,173,399,0.434,85,212,0.401,59,72,0.819,14,87,101,87,19,4,55,47,490,407,1.58,0.35,2020-21
1630178,197,Tyrese Maxey,1610612755,PHI,61,936,198,429,0.462,31,103,0.301,61,70,0.871,11,93,104,120,26,13,41,79,488,470,2.93,0.63,2020-21
2730,198,Dwight Howard,1610612755,PHI,69,1196,178,303,0.587,5,20,0.25,121,210,0.576,190,390,580,61,30,62,112,200,482,889,0.55,0.27,2020-21
203920,198,Khem Birch,1610612761,TOR,67,1529,189,380,0.497,13,52,0.25,91,129,0.705,174,213,387,89,48,50,44,113,482,783,2.02,1.09,2020-21
201569,200,Eric Gordon,1610612745,HOU,27,789,159,367,0.433,69,210,0.329,94,114,0.825,8,50,58,71,14,13,51,44,481,358,1.39,0.28,2020-21
203145,200,Kent Bazemore,1610612744,GSW,67,1334,176,392,0.449,75,184,0.408,54,78,0.692,26,203,229,108,69,33,82,158,481,598,1.32,0.84,2020-21
1628420,200,Monte Morris,1610612743,DEN,47,1196,186,387,0.481,51,134,0.381,58,73,0.795,11,85,96,150,34,13,34,48,481,524,4.41,1.0,2020-21
1628988,203,Aaron Holiday,1610612754,IND,66,1176,170,436,0.39,67,182,0.368,68,83,0.819,15,74,89,123,46,13,66,94,475,399,1.86,0.7,2020-21
1629001,204,De'Anthony Melton,1610612763,MEM,52,1045,172,393,0.438,87,211,0.412,41,51,0.804,30,131,161,132,60,31,66,85,472,559,2.0,0.91,2020-21
1629611,204,Terance Mann,1610612746,LAC,67,1263,178,350,0.509,38,91,0.418,78,94,0.83,56,186,242,104,29,13,40,126,472,632,2.6,0.73,2020-21
203210,206,JaMychal Green,1610612743,DEN,58,1120,173,374,0.463,79,198,0.399,46,57,0.807,85,192,277,53,26,22,53,144,471,584,1.0,0.49,2020-21
1626192,207,Pat Connaughton,1610612749,MIL,69,1575,168,387,0.434,101,272,0.371,31,40,0.775,63,269,332,81,49,23,33,99,468,692,2.46,1.49,2020-21
201586,208,Serge Ibaka,1610612746,LAC,41,955,186,365,0.51,39,115,0.339,43,53,0.811,73,202,275,74,9,47,44,76,454,626,1.68,0.21,2020-21
203469,209,Cody Zeller,1610612766,CHA,48,1005,181,324,0.559,4,28,0.143,85,119,0.714,119,209,328,86,27,17,51,121,451,681,1.69,0.53,2020-21
1629637,210,Jaxson Hayes,1610612740,NOP,60,964,175,280,0.625,6,14,0.429,93,120,0.775,92,165,257,35,25,38,39,101,449,633,0.9,0.64,2020-21
1630164,211,James Wiseman,1610612744,GSW,39,836,191,368,0.519,12,38,0.316,54,86,0.628,55,171,226,26,11,36,60,121,448,478,0.43,0.18,2020-21
203107,212,Tomas Satoransky,1610612741,CHI,58,1307,169,329,0.514,42,118,0.356,67,79,0.848,30,112,142,271,40,14,96,89,447,646,2.82,0.42,2020-21
203110,213,Draymond Green,1610612744,GSW,63,1982,170,380,0.447,34,126,0.27,70,88,0.795,55,393,448,558,105,52,188,194,444,1191,2.97,0.56,2020-21
1626145,214,Tyus Jones,1610612763,MEM,70,1223,178,413,0.431,45,140,0.321,41,45,0.911,21,119,140,259,64,6,48,31,442,624,5.4,1.33,2020-21
201961,214,Wayne Ellington,1610612765,DET,46,1012,149,338,0.441,116,275,0.422,28,35,0.8,12,73,85,67,18,9,33,59,442,392,2.03,0.55,2020-21
201571,216,D.J. Augustin,1610612745,HOU,57,1129,135,343,0.394,83,217,0.382,85,94,0.904,20,74,94,188,28,1,65,56,438,467,2.89,0.43,2020-21
203500,216,Steven Adams,1610612740,NOP,58,1605,189,308,0.614,0,3,0.0,60,135,0.444,213,301,514,111,54,38,78,113,438,883,1.42,0.69,2020-21
203967,218,Dario Saric,1610612756,PHX,50,871,153,342,0.447,47,135,0.348,84,99,0.848,46,144,190,65,30,4,57,95,437,465,1.14,0.53,2020-21
1628404,219,Josh Hart,1610612740,NOP,47,1350,151,344,0.439,63,193,0.326,69,89,0.775,53,324,377,109,38,12,49,111,434,708,2.22,0.78,2020-21
1629645,220,Kevin Porter Jr.,1610612745,HOU,26,836,156,367,0.425,50,161,0.311,69,94,0.734,20,79,99,164,19,8,91,61,431,394,1.8,0.21,2020-21
1630183,221,Jaden McDaniels,1610612750,MIN,63,1511,164,367,0.447,72,198,0.364,27,45,0.6,52,180,232,71,35,60,47,172,427,557,1.51,0.75,2020-21
201599,222,DeAndre Jordan,1610612751,BKN,57,1246,190,249,0.763,0,1,0.0,46,92,0.5,117,310,427,93,17,65,85,116,426,838,1.09,0.2,2020-21
203994,223,Jusuf Nurkić,1610612757,POR,37,880,171,333,0.514,12,30,0.4,70,113,0.619,86,246,332,125,38,39,73,103,424,680,1.71,0.52,2020-21
203458,224,Alex Len,1610612764,WAS,64,979,171,278,0.615,8,25,0.32,73,116,0.629,78,182,260,49,20,64,55,127,423,611,0.89,0.36,2020-21
202066,224,Garrett Temple,1610612741,CHI,56,1528,158,381,0.415,67,200,0.335,40,50,0.8,29,131,160,124,43,30,58,126,423,489,2.14,0.74,2020-21
1630231,226,KJ Martin,1610612745,HOU,45,1068,162,318,0.509,35,96,0.365,60,84,0.714,73,169,242,48,30,41,38,89,419,562,1.26,0.79,2020-21
1629057,227,Robert Williams III,1610612738,BOS,52,985,186,258,0.721,0,2,0.0,45,73,0.616,133,225,358,94,43,91,52,105,417,851,1.81,0.83,2020-21
1628425,228,Sterling Brown,1610612745,HOU,51,1229,150,335,0.448,91,215,0.423,25,31,0.806,38,186,224,72,38,12,41,97,416,530,1.76,0.93,2020-21
203504,229,Trey Burke,1610612742,DAL,62,911,151,353,0.428,58,164,0.354,51,57,0.895,10,44,54,81,36,7,33,64,411,348,2.46,1.09,2020-21
202684,230,Tristan Thompson,1610612738,BOS,54,1287,169,326,0.518,0,3,0.0,71,120,0.592,169,270,439,67,24,33,62,119,409,704,1.08,0.39,2020-21
202693,231,Markieff Morris,1610612747,LAL,61,1200,153,378,0.405,65,209,0.311,36,50,0.72,48,218,266,73,22,19,54,105,407,494,1.35,0.41,2020-21
203463,232,Ben McLemore,1610612747,LAL,53,905,135,365,0.37,97,280,0.346,39,53,0.736,15,85,100,39,23,9,42,88,406,291,0.93,0.55,2020-21
1627756,232,Denzel Valentine,1610612741,CHI,62,1036,155,416,0.373,80,242,0.331,16,17,0.941,24,173,197,105,30,7,42,70,406,441,2.5,0.71,2020-21
1628410,234,Edmond Sumner,1610612754,IND,53,861,148,282,0.525,35,88,0.398,68,83,0.819,18,76,94,49,33,10,51,88,399,385,0.96,0.65,2020-21
201143,235,Al Horford,1610612738,BOS,28,782,162,360,0.45,56,152,0.368,18,22,0.818,29,159,188,94,25,26,29,48,398,500,3.24,0.86,2020-21
1627884,236,Derrick Jones Jr.,1610612757,POR,58,1318,147,304,0.484,43,136,0.316,59,91,0.648,77,128,205,47,37,54,32,127,396,518,1.47,1.16,2020-21
1630267,236,Facundo Campazzo,1610612743,DEN,65,1425,120,315,0.381,76,216,0.352,80,91,0.879,22,112,134,232,79,14,73,132,396,576,3.18,1.08,2020-21
1628402,238,Frank Jackson,1610612765,DET,40,738,134,293,0.457,61,150,0.407,61,75,0.813,15,71,86,36,15,1,34,53,390,321,1.06,0.44,2020-21
1630214,238,Xavier Tillman,1610612763,MEM,59,1085,167,299,0.559,22,65,0.338,34,53,0.642,74,182,256,75,44,33,45,116,390,602,1.67,0.98,2020-21
1627752,240,Taurean Prince,1610612739,CLE,41,905,131,327,0.401,62,155,0.4,65,76,0.855,19,123,142,76,28,23,47,75,389,404,1.62,0.6,2020-21
203914,241,Gary Harris,1610612753,ORL,39,1080,138,345,0.4,48,141,0.34,64,78,0.821,21,58,79,78,28,11,37,71,388,326,2.11,0.76,2020-21
1628408,242,PJ Dozier,1610612743,DEN,50,1088,148,355,0.417,47,149,0.315,42,66,0.636,35,147,182,92,31,22,46,86,385,435,2.0,0.67,2020-21
1629672,243,Eric Paschall,1610612744,GSW,40,695,148,298,0.497,18,54,0.333,67,94,0.713,28,100,128,51,12,7,43,68,381,359,1.19,0.28,2020-21
1629655,244,Daniel Gafford,1610612764,WAS,54,791,154,225,0.684,0,0,0.0,72,108,0.667,94,137,231,29,26,75,41,98,380,593,0.71,0.63,2020-21
1629669,245,Jaylen Nowell,1610612750,MIN,42,759,142,335,0.424,50,150,0.333,45,55,0.818,19,76,95,62,22,12,28,72,379,339,2.21,0.79,2020-21
1629731,246,Dean Wade,1610612739,CLE,63,1212,134,311,0.431,78,213,0.366,30,39,0.769,38,177,215,74,35,21,30,78,376,505,2.47,1.17,2020-21
1627823,247,Juancho Hernangomez,1610612750,MIN,52,900,130,299,0.435,55,168,0.327,60,97,0.619,45,160,205,35,19,7,27,52,375,408,1.3,0.7,2020-21
1627814,248,Damion Lee,1610612744,GSW,57,1079,128,274,0.467,77,194,0.397,40,44,0.909,22,158,180,73,38,8,30,89,373,492,2.43,1.27,2020-21
201952,249,Jeff Teague,1610612749,MIL,55,950,123,284,0.433,36,82,0.439,89,105,0.848,15,73,88,132,34,12,64,56,371,396,2.06,0.53,2020-21
1627936,250,Alex Caruso,1610612747,LAL,58,1216,133,305,0.436,55,137,0.401,49,76,0.645,31,139,170,160,64,15,76,108,370,504,2.11,0.84,2020-21
1629650,250,Moses Brown,1610612738,BOS,43,920,146,268,0.545,0,0,0.0,78,126,0.619,154,229,383,10,31,47,43,93,370,628,0.23,0.72,2020-21
1627789,250,Timothe Luwawu-Cabarrot,1610612751,BKN,58,1050,130,356,0.365,75,239,0.314,35,43,0.814,28,101,129,69,33,6,43,99,370,330,1.61,0.77,2020-21
202324,253,Derrick Favors,1610612762,UTA,68,1039,155,243,0.638,0,2,0.0,59,80,0.738,138,238,376,44,32,68,36,143,369,744,1.22,0.89,2020-21
201949,254,James Johnson,1610612740,NOP,51,1043,146,327,0.446,31,120,0.258,45,76,0.592,32,145,177,98,42,42,55,120,368,460,1.78,0.76,2020-21
1630197,255,Aleksej Pokusevski,1610612760,OKC,45,1090,139,408,0.341,58,207,0.28,31,42,0.738,30,182,212,97,20,42,99,58,367,359,0.98,0.2,2020-21
1628964,255,Mo Bamba,1610612753,ORL,46,725,142,301,0.472,38,118,0.322,45,66,0.682,76,189,265,35,14,58,36,87,367,523,0.97,0.39,2020-21
202326,257,DeMarcus Cousins,1610612746,LAC,41,713,130,305,0.426,47,135,0.348,59,81,0.728,53,210,263,76,34,24,64,107,366,502,1.19,0.53,2020-21
1626195,258,Willy Hernangomez,1610612740,NOP,47,846,151,268,0.563,1,10,0.1,62,93,0.667,117,217,334,50,22,23,34,68,365,612,1.47,0.65,2020-21
203087,259,Jeremy Lamb,1610612754,IND,36,765,120,276,0.435,52,128,0.406,71,75,0.947,25,106,131,53,34,23,22,72,363,422,2.41,1.55,2020-21
1629726,260,Garrison Mathews,1610612764,WAS,64,1038,97,237,0.409,76,198,0.384,84,95,0.884,16,71,87,26,29,7,10,106,354,342,2.6,2.9,2020-21
1630181,260,R.J. Hampton,1610612753,ORL,51,888,136,313,0.435,27,87,0.31,55,82,0.671,29,150,179,87,21,10,53,61,354,394,1.64,0.4,2020-21
1630201,262,Malachi Flynn,1610612761,TOR,47,928,127,340,0.374,54,168,0.321,45,56,0.804,10,106,116,137,38,7,43,68,353,384,3.19,0.88,2020-21
1628467,262,Maxi Kleber,1610612742,DAL,50,1341,116,275,0.422,87,212,0.41,34,37,0.919,47,213,260,68,24,35,30,105,353,548,2.27,0.8,2020-21
1629660,262,Ty Jerome,1610612760,OKC,33,788,128,287,0.446,71,168,0.423,26,34,0.765,10,81,91,120,20,6,47,61,353,376,2.55,0.43,2020-21
200746,265,LaMarcus Aldridge,1610612751,BKN,26,674,140,296,0.473,31,80,0.388,41,47,0.872,19,99,118,49,11,29,27,47,352,370,1.82,0.41,2020-21
1629643,266,Chuma Okeke,1610612753,ORL,45,1133,135,324,0.417,49,141,0.348,30,40,0.75,42,139,181,101,48,22,38,48,349,464,2.66,1.26,2020-21
1629667,267,Jalen McDaniels,1610612766,CHA,47,904,133,284,0.468,35,105,0.333,45,64,0.703,45,124,169,53,28,19,45,95,346,400,1.18,0.62,2020-21
203516,268,James Ennis III,1610612753,ORL,41,986,115,243,0.473,45,104,0.433,70,87,0.805,43,123,166,62,32,7,36,84,345,431,1.72,0.89,2020-21
1629631,269,De'Andre Hunter,1610612737,ATL,23,678,120,248,0.484,31,95,0.326,73,85,0.859,17,93,110,44,19,12,29,59,344,360,1.52,0.66,2020-21
1629020,269,Jarred Vanderbilt,1610612750,MIN,64,1139,143,236,0.606,1,5,0.2,57,102,0.559,118,250,368,76,64,46,53,123,344,707,1.43,1.21,2020-21
1630184,271,Kira Lewis Jr.,1610612740,NOP,54,904,130,337,0.386,40,120,0.333,43,51,0.843,12,59,71,124,38,10,34,88,343,337,3.65,1.12,2020-21
1630166,272,Deni Avdija,1610612764,WAS,54,1257,130,312,0.417,53,168,0.315,29,45,0.644,22,240,262,63,32,15,33,140,342,483,1.91,0.97,2020-21
203939,272,Dwight Powell,1610612742,DAL,58,966,120,194,0.619,5,21,0.238,97,124,0.782,80,154,234,63,36,30,40,135,342,564,1.58,0.9,2020-21
1630170,274,Devin Vassell,1610612759,SAS,62,1056,123,303,0.406,52,150,0.347,43,51,0.843,24,150,174,56,43,18,22,88,341,422,2.55,1.96,2020-21
203488,275,Mike Muscala,1610612760,OKC,35,645,119,267,0.446,68,184,0.37,33,36,0.917,19,113,132,28,8,11,21,54,339,346,1.33,0.38,2020-21
201580,276,JaVale McGee,1610612743,DEN,46,678,144,282,0.511,5,24,0.208,44,67,0.657,77,162,239,39,19,54,60,121,337,467,0.65,0.32,2020-21
1628539,276,Mychal Mulder,1610612744,GSW,60,766,119,265,0.449,85,214,0.397,14,22,0.636,8,52,60,26,12,12,16,56,337,277,1.63,0.75,2020-21
202954,278,Brad Wanamaker,1610612766,CHA,61,1053,115,299,0.385,16,85,0.188,90,101,0.891,18,87,105,174,43,11,71,94,336,403,2.45,0.61,2020-21
202687,279,Bismack Biyombo,1610612766,CHA,66,1349,142,242,0.587,0,1,0.0,47,105,0.448,137,210,347,81,17,74,71,141,331,621,1.14,0.24,2020-21
200755,280,JJ Redick,1610612742,DAL,44,723,106,267,0.397,66,178,0.371,49,52,0.942,4,60,64,51,11,3,36,50,327,256,1.42,0.31,2020-21
1626204,280,Larry Nance Jr.,1610612739,CLE,35,1091,128,272,0.471,41,114,0.36,30,49,0.612,54,181,235,107,61,17,55,72,327,529,1.95,1.11,2020-21
203382,282,Aron Baynes,1610612761,TOR,53,980,134,304,0.441,27,103,0.262,29,41,0.707,87,186,273,47,17,22,46,119,324,455,1.02,0.37,2020-21
203457,282,Nerlens Noel,1610612752,NYK,64,1547,137,223,0.614,0,3,0.0,50,70,0.714,142,265,407,46,70,141,65,176,324,817,0.71,1.08,2020-21
203524,284,Solomon Hill,1610612737,ATL,71,1514,107,298,0.359,68,212,0.321,35,46,0.761,42,172,214,75,50,11,42,116,317,423,1.79,1.19,2020-21
1629006,285,Josh Okogie,1610612750,MIN,59,1197,102,254,0.402,29,108,0.269,83,108,0.769,63,93,156,63,54,28,43,123,316,397,1.47,1.26,2020-21
1627863,286,Danuel House Jr.,1610612745,HOU,36,932,110,272,0.404,54,156,0.346,41,63,0.651,18,114,132,69,20,16,36,67,315,332,1.92,0.56,2020-21
1629234,287,Drew Eubanks,1610612759,SAS,54,755,116,205,0.566,2,2,1.0,77,106,0.726,74,167,241,42,18,49,45,88,311,498,0.93,0.4,2020-21
1626163,288,Frank Kaminsky,1610612756,PHX,47,715,121,257,0.471,31,85,0.365,37,60,0.617,36,152,188,79,14,17,22,70,310,427,3.59,0.64,2020-21
1629021,288,Moritz Wagner,1610612753,ORL,45,722,104,229,0.454,31,91,0.341,71,87,0.816,27,119,146,50,26,18,43,108,310,366,1.16,0.61,2020-21
1628422,290,Damyean Dotson,1610612739,CLE,46,907,119,293,0.406,46,159,0.289,24,36,0.667,5,88,93,91,16,4,42,42,308,284,2.17,0.38,2020-21
201567,291,Kevin Love,1610612739,CLE,25,622,103,252,0.409,57,156,0.365,42,51,0.824,17,169,186,63,16,2,38,26,305,376,1.66,0.42,2020-21
1630173,292,Precious Achiuwa,1610612748,MIA,61,737,124,228,0.544,0,1,0.0,56,110,0.509,73,135,208,29,20,28,43,91,304,388,0.67,0.47,2020-21
1629308,293,Juan Toscano-Anderson,1610612744,GSW,53,1108,121,209,0.579,37,92,0.402,22,31,0.71,29,206,235,150,41,26,61,111,301,595,2.46,0.67,2020-21
1628396,294,Tony Bradley,1610612760,OKC,42,684,131,197,0.665,0,3,0.0,38,55,0.691,85,154,239,37,15,30,33,61,300,505,1.12,0.46,2020-21
202397,295,Ish Smith,1610612764,WAS,44,924,129,297,0.434,18,49,0.367,19,33,0.576,22,128,150,172,32,13,41,62,295,439,4.2,0.78,2020-21
1629684,296,Grant Williams,1610612738,BOS,63,1138,108,247,0.437,48,129,0.372,30,51,0.588,48,130,178,64,32,24,56,161,294,376,1.14,0.57,2020-21
1627761,297,DeAndre' Bembry,1610612761,TOR,51,972,117,228,0.513,14,53,0.264,45,66,0.682,33,113,146,107,53,18,71,87,293,414,1.51,0.75,2020-21
202355,297,Hassan Whiteside,1610612758,SAC,36,546,126,224,0.563,0,1,0.0,41,79,0.519,61,154,215,20,9,46,40,73,293,407,0.5,0.23,2020-21
1629629,299,Cam Reddish,1610612737,ATL,26,750,96,263,0.365,33,126,0.262,67,82,0.817,22,82,104,35,33,9,34,68,292,257,1.03,0.97,2020-21
203085,300,Austin Rivers,1610612743,DEN,36,845,104,245,0.424,55,149,0.369,22,31,0.71,8,74,82,81,30,2,36,64,285,294,2.25,0.83,2020-21
1629635,300,Sekou Doumbouya,1610612765,DET,56,869,107,282,0.379,26,115,0.226,45,64,0.703,39,104,143,47,24,9,44,94,285,270,1.07,0.55,2020-21
2772,302,Trevor Ariza,1610612748,MIA,30,841,99,241,0.411,50,143,0.35,34,44,0.773,27,117,144,55,31,18,21,55,282,357,2.62,1.48,2020-21
1626161,303,Willie Cauley-Stein,1610612742,DAL,53,906,115,182,0.632,1,11,0.091,49,78,0.628,66,170,236,35,21,43,29,129,280,490,1.21,0.72,2020-21
202083,304,Wesley Matthews,1610612747,LAL,58,1130,89,252,0.353,66,197,0.335,35,41,0.854,20,73,93,54,38,17,26,80,279,286,2.08,1.46,2020-21
201976,305,Patrick Beverley,1610612746,LAC,37,833,93,220,0.423,56,141,0.397,36,45,0.8,29,90,119,76,29,28,34,108,278,360,2.24,0.85,2020-21
1628021,306,David Nwaba,1610612745,HOU,30,679,106,218,0.486,17,63,0.27,47,68,0.691,40,78,118,31,30,21,17,60,276,326,1.82,1.77,2020-21
2738,307,Andre Iguodala,1610612748,MIA,63,1339,95,248,0.383,60,182,0.33,25,38,0.658,38,183,221,142,57,35,67,90,275,497,2.12,0.85,2020-21
203487,308,Michael Carter-Williams,1610612753,ORL,31,800,105,270,0.389,15,61,0.246,49,80,0.613,39,100,139,129,25,17,69,81,274,319,1.87,0.36,2020-21
1628470,308,Torrey Craig,1610612756,PHX,50,803,109,227,0.48,39,106,0.368,17,22,0.773,57,140,197,49,28,27,25,83,274,427,1.96,1.12,2020-21
203490,310,Otto Porter Jr.,1610612753,ORL,28,607,98,227,0.432,39,104,0.375,36,42,0.857,28,124,152,55,16,4,25,41,271,338,2.2,0.64,2020-21
1630240,311,Saben Lee,1610612765,DET,48,781,99,210,0.471,8,23,0.348,61,89,0.685,20,77,97,174,32,13,55,76,267,389,3.16,0.58,2020-21
1626169,311,Stanley Johnson,1610612761,TOR,61,1006,89,233,0.382,45,137,0.328,44,55,0.8,29,124,153,89,52,18,54,116,267,370,1.65,0.96,2020-21
1626184,313,Chasson Randle,1610612753,ORL,41,837,92,237,0.388,44,130,0.338,38,48,0.792,7,75,82,74,22,5,46,64,266,248,1.61,0.48,2020-21
1628997,314,Caleb Martin,1610612766,CHA,53,818,96,256,0.375,31,125,0.248,41,64,0.641,31,110,141,67,37,12,33,62,264,305,2.03,1.12,2020-21
201188,315,Marc Gasol,1610612747,LAL,52,993,88,194,0.454,50,122,0.41,36,50,0.72,38,177,215,109,26,58,53,115,262,497,2.06,0.49,2020-21
201588,316,George Hill,1610612755,PHI,30,672,95,197,0.482,31,80,0.388,40,50,0.8,16,45,61,73,23,5,31,31,261,280,2.36,0.74,2020-21
1628400,317,Semi Ojeleye,1610612738,BOS,56,950,89,221,0.403,58,158,0.367,24,32,0.75,31,116,147,37,17,0,21,56,260,300,1.76,0.81,2020-21
203476,318,Gorgui Dieng,1610612759,SAS,38,553,85,163,0.521,30,70,0.429,58,67,0.866,40,100,140,48,26,16,32,56,258,369,1.5,0.81,2020-21
1629162,319,Jordan McLaughlin,1610612750,MIN,51,938,100,242,0.413,33,92,0.359,23,30,0.767,21,87,108,193,51,6,51,44,256,414,3.78,1.0,2020-21
1629011,319,Mitchell Robinson,1610612752,NYK,31,853,115,176,0.653,0,0,0.0,26,53,0.491,113,139,252,17,35,45,26,86,256,491,0.65,1.35,2020-21
1629680,321,Matisse Thybulle,1610612755,PHI,65,1298,102,243,0.42,43,143,0.301,8,18,0.444,30,94,124,63,105,71,32,127,255,435,1.97,3.28,2020-21
1630167,322,Obi Toppin,1610612752,NYK,62,683,104,209,0.498,26,85,0.306,19,26,0.731,26,112,138,29,17,15,23,55,253,317,1.26,0.74,2020-21
1626172,323,Kevon Looney,1610612744,GSW,61,1161,108,197,0.548,4,17,0.235,31,48,0.646,117,205,322,119,21,22,37,136,251,592,3.22,0.57,2020-21
203503,324,Tony Snell,1610612737,ATL,47,992,88,171,0.515,62,109,0.569,11,11,1.0,18,94,112,59,13,11,21,75,249,340,2.81,0.62,2020-21
1628975,325,Jevon Carter,1610612756,PHX,60,717,94,223,0.422,56,151,0.371,4,7,0.571,16,76,92,71,29,9,16,56,248,301,4.44,1.81,2020-21
1630230,326,Naji Marshall,1610612740,NOP,32,700,82,209,0.392,29,83,0.349,53,75,0.707,15,133,148,88,26,10,38,58,246,331,2.32,0.68,2020-21
203918,326,Rodney Hood,1610612761,TOR,55,943,94,260,0.362,34,113,0.301,24,28,0.857,23,80,103,53,24,7,36,74,246,227,1.47,0.67,2020-21
1628382,328,Justin Jackson,1610612749,MIL,34,577,89,221,0.403,36,117,0.308,31,37,0.838,16,61,77,52,15,2,32,32,245,221,1.63,0.47,2020-21
1629216,329,Gabe Vincent,1610612748,MIA,50,655,88,233,0.378,46,149,0.309,20,23,0.87,10,46,56,67,21,2,34,79,242,206,1.97,0.62,2020-21
202357,329,Nemanja Bjelica,1610612748,MIA,37,595,89,196,0.454,27,85,0.318,37,51,0.725,29,98,127,69,15,5,33,68,242,304,2.09,0.46,2020-21
200765,329,Rajon Rondo,1610612746,LAC,45,769,95,215,0.442,36,89,0.404,16,17,0.941,18,92,110,199,37,4,79,53,242,392,2.52,0.47,2020-21
201959,332,Taj Gibson,1610612752,NYK,45,936,99,158,0.627,3,15,0.2,40,55,0.727,99,151,250,36,31,49,22,99,241,511,1.64,1.41,2020-21
1628392,333,Isaiah Hartenstein,1610612739,CLE,46,559,94,171,0.55,2,6,0.333,46,71,0.648,65,116,181,55,19,39,44,104,236,384,1.25,0.43,2020-21
1629622,333,Max Strus,1610612748,MIA,39,507,85,187,0.455,50,148,0.338,16,24,0.667,5,36,41,24,11,2,8,43,236,196,3.0,1.38,2020-21
1629048,335,Goga Bitadze,1610612754,IND,45,561,83,194,0.428,20,79,0.253,45,61,0.738,60,90,150,37,9,60,17,94,231,343,2.18,0.53,2020-21
1627774,335,Jake Layman,1610612750,MIN,45,627,91,184,0.495,23,78,0.295,26,37,0.703,13,54,67,28,29,19,26,44,231,244,1.08,1.12,2020-21
1629052,337,Oshae Brissett,1610612754,IND,21,519,73,151,0.483,33,78,0.423,50,65,0.769,29,86,115,18,19,20,10,32,229,298,1.8,1.9,2020-21
1629164,338,Brandon Goodwin,1610612737,ATL,47,620,84,223,0.377,32,103,0.311,28,43,0.651,8,61,69,95,17,0,36,41,228,219,2.64,0.47,2020-21
1630168,338,Onyeka Okongwu,1610612737,ATL,50,601,96,149,0.644,0,3,0.0,36,57,0.632,62,101,163,18,23,33,29,100,228,362,0.62,0.79,2020-21
1629002,340,Chimezie Metu,1610612758,SAC,36,488,91,179,0.508,13,37,0.351,31,43,0.721,31,81,112,28,14,18,29,59,226,269,0.97,0.48,2020-21
1629717,341,Armoni Brooks,1610612745,HOU,20,520,78,192,0.406,60,157,0.382,7,12,0.583,10,58,68,30,12,5,22,34,223,197,1.36,0.55,2020-21
1629642,342,Nassir Little,1610612757,POR,48,640,78,167,0.467,28,80,0.35,36,45,0.8,32,96,128,23,5,13,18,51,220,273,1.28,0.28,2020-21
1630174,343,Aaron Nesmith,1610612738,BOS,46,669,78,178,0.438,40,108,0.37,22,28,0.786,28,99,127,23,15,9,23,87,218,263,1.0,0.65,2020-21
1629139,343,Yuta Watanabe,1610612761,TOR,50,723,79,180,0.439,36,90,0.4,24,29,0.828,36,123,159,40,26,19,19,57,218,337,2.11,1.37,2020-21
203118,345,Mike Scott,1610612755,PHI,51,852,76,211,0.36,53,155,0.342,8,12,0.667,11,109,120,40,24,14,19,72,213,253,2.11,1.26,2020-21
1629651,346,Nic Claxton,1610612751,BKN,32,594,90,145,0.621,1,5,0.2,31,64,0.484,43,123,166,28,23,40,18,68,212,363,1.56,1.28,2020-21
204020,347,Tyler Johnson,1610612751,BKN,39,684,72,183,0.393,48,132,0.364,18,21,0.857,6,71,77,47,14,0,17,43,210,217,2.77,0.82,2020-21
1628998,348,Cody Martin,1610612766,CHA,52,849,83,188,0.441,16,58,0.276,25,43,0.581,52,109,161,86,37,12,40,52,207,340,2.15,0.93,2020-21
202335,349,Patrick Patterson,1610612746,LAC,38,582,72,165,0.436,40,112,0.357,13,17,0.765,19,56,75,29,14,8,11,45,197,215,2.64,1.27,2020-21
203090,350,Maurice Harkless,1610612758,SAC,37,772,69,165,0.418,23,84,0.274,33,43,0.767,13,76,89,44,30,20,22,86,194,249,2.0,1.36,2020-21
200782,351,P.J. Tucker,1610612749,MIL,52,1356,66,177,0.373,40,119,0.336,21,28,0.75,51,153,204,61,39,20,40,125,193,359,1.53,0.98,2020-21
204038,352,Langston Galloway,1610612756,PHX,40,438,66,147,0.449,36,85,0.424,22,23,0.957,7,35,42,26,8,0,13,25,190,171,2.0,0.62,2020-21
1629723,353,John Konchar,1610612763,MEM,43,575,69,138,0.5,21,56,0.375,25,30,0.833,35,93,128,47,30,9,18,40,184,306,2.61,1.67,2020-21
1628391,354,D.J. Wilson,1610612745,HOU,35,433,68,168,0.405,30,87,0.345,17,25,0.68,20,92,112,23,11,16,22,44,183,215,1.05,0.5,2020-21
1627745,354,Damian Jones,1610612758,SAC,39,546,70,103,0.68,1,5,0.2,42,58,0.724,36,85,121,29,11,29,26,77,183,298,1.12,0.42,2020-21
1629633,356,Jarrett Culver,1610612750,MIN,34,499,69,168,0.411,13,53,0.245,29,48,0.604,34,70,104,24,17,9,28,58,180,188,0.86,0.61,2020-21
1626159,357,Justise Winslow,1610612763,MEM,26,507,74,210,0.352,10,54,0.185,20,35,0.571,18,100,118,50,15,12,37,47,178,185,1.35,0.41,2020-21
1630165,358,Killian Hayes,1610612765,DET,26,670,71,201,0.353,20,72,0.278,14,17,0.824,6,63,69,138,27,10,83,57,176,204,1.66,0.33,2020-21
202340,359,Avery Bradley,1610612745,HOU,27,602,64,171,0.374,33,101,0.327,12,15,0.8,8,49,57,46,21,3,28,55,173,162,1.64,0.75,2020-21
1629670,360,Jordan Nwora,1610612749,MIL,30,274,62,135,0.459,28,62,0.452,19,25,0.76,9,51,60,7,17,8,24,22,171,160,0.29,0.71,2020-21
1630222,361,Mason Jones,1610612755,PHI,32,334,52,123,0.423,24,66,0.364,40,64,0.625,7,48,55,42,7,1,29,24,168,149,1.45,0.24,2020-21
203648,362,Thanasis Antetokounmpo,1610612749,MIL,57,551,67,137,0.489,7,29,0.241,25,49,0.51,54,70,124,46,22,10,43,74,166,231,1.07,0.51,2020-21
1630205,363,Lamar Stevens,1610612739,CLE,40,499,62,136,0.456,4,25,0.16,37,51,0.725,24,72,96,25,17,13,23,53,165,205,1.09,0.74,2020-21
1628995,364,Kevin Knox II,1610612752,NYK,42,464,56,143,0.392,35,89,0.393,16,20,0.8,10,51,61,19,12,6,17,37,163,153,1.12,0.71,2020-21
1629685,365,Dylan Windler,1610612739,CLE,31,513,57,130,0.438,26,77,0.338,21,27,0.778,20,87,107,33,19,12,32,37,161,221,1.03,0.59,2020-21
1628972,365,Troy Brown Jr.,1610612741,CHI,34,523,62,144,0.431,22,70,0.314,15,21,0.714,20,85,105,29,10,6,21,49,161,202,1.38,0.48,2020-21
1627846,367,Abdel Nader,1610612756,PHX,24,355,57,116,0.491,18,43,0.419,28,37,0.757,7,55,62,19,10,9,19,34,160,173,1.0,0.53,2020-21
1628991,368,Jaren Jackson Jr.,1610612763,MEM,11,258,53,125,0.424,17,60,0.283,35,42,0.833,17,45,62,12,12,18,15,42,158,168,0.8,0.8,2020-21
1629103,369,Kelan Martin,1610612754,IND,35,323,62,138,0.449,24,60,0.4,9,10,0.9,18,60,78,17,10,10,16,35,157,179,1.06,0.63,2020-21
1626246,370,Boban Marjanovic,1610612742,DAL,33,271,62,122,0.508,1,8,0.125,31,38,0.816,47,81,128,10,2,6,12,29,156,223,0.83,0.17,2020-21
1629076,370,Tyler Cook,1610612765,DET,32,437,69,103,0.67,1,2,0.5,17,35,0.486,28,67,95,17,8,2,21,35,156,205,0.81,0.38,2020-21
1628372,372,Dennis Smith Jr.,1610612765,DET,23,420,58,145,0.4,19,58,0.328,19,26,0.731,12,43,55,77,23,14,26,37,154,203,2.96,0.89,2020-21
1630198,373,Isaiah Joe,1610612755,PHI,41,383,48,133,0.361,39,106,0.368,18,24,0.75,6,30,36,20,12,4,11,34,153,123,1.82,1.09,2020-21
1629750,374,Javonte Green,1610612741,CHI,41,474,53,102,0.52,10,30,0.333,30,40,0.75,26,45,71,17,28,6,19,45,146,190,0.9,1.47,2020-21
1626143,375,Jahlil Okafor,1610612765,DET,27,347,63,102,0.618,2,9,0.222,17,24,0.708,23,43,66,13,6,5,21,39,145,168,0.62,0.29,2020-21
1628418,376,Thomas Bryant,1610612764,WAS,10,271,59,91,0.648,9,21,0.429,16,24,0.667,18,43,61,15,4,8,11,31,143,180,1.36,0.36,2020-21
1629599,377,Amir Coffey,1610612746,LAC,44,395,45,103,0.437,23,56,0.411,27,38,0.711,10,34,44,22,10,0,15,30,140,132,1.47,0.67,2020-21
1629713,378,Justin James,1610612758,SAC,36,310,52,111,0.468,14,38,0.368,21,36,0.583,9,21,30,22,8,3,15,23,139,113,1.47,0.53,2020-21
1629744,378,Matt Thomas,1610612762,UTA,45,327,50,127,0.394,27,80,0.338,12,14,0.857,7,37,44,19,4,0,14,18,139,113,1.36,0.29,2020-21
1627853,380,Ryan Arcidiacono,1610612741,CHI,44,450,49,117,0.419,25,67,0.373,13,20,0.65,5,62,67,56,9,0,10,47,136,183,5.6,0.9,2020-21
1630192,380,Zeke Nnaji,1610612743,DEN,42,397,50,104,0.481,24,59,0.407,12,15,0.8,14,51,65,10,8,4,7,29,136,159,1.43,1.14,2020-21
203960,382,JaKarr Sampson,1610612754,IND,29,316,56,113,0.496,3,15,0.2,19,29,0.655,27,50,77,4,2,14,15,52,134,149,0.27,0.13,2020-21
1629740,382,Nicolo Melli,1610612742,DAL,45,566,46,141,0.326,23,85,0.271,19,25,0.76,29,93,122,44,14,3,12,58,134,204,3.67,1.17,2020-21
1630237,384,Anthony Lamb,1610612745,HOU,24,415,46,118,0.39,23,71,0.324,18,21,0.857,27,43,70,23,6,5,19,34,133,143,1.21,0.32,2020-21
202734,384,E'Twaun Moore,1610612756,PHX,27,389,55,121,0.455,11,35,0.314,12,14,0.857,14,31,45,40,15,5,23,32,133,147,1.74,0.65,2020-21
1629610,386,DaQuan Jeffries,1610612759,SAS,31,493,50,120,0.417,20,67,0.299,7,8,0.875,19,52,71,22,15,10,14,48,127,160,1.57,1.07,2020-21
1630271,387,Brodric Thomas,1610612739,CLE,32,399,39,108,0.361,16,59,0.271,31,46,0.674,8,45,53,30,15,10,22,40,125,127,1.36,0.68,2020-21
1630233,388,Nathan Knight,1610612737,ATL,33,279,37,100,0.37,6,33,0.182,44,55,0.8,27,45,72,8,9,10,15,22,124,134,0.53,0.6,2020-21
1630219,388,Skylar Mays,1610612737,ATL,33,269,44,98,0.449,14,40,0.35,22,25,0.88,10,25,35,30,14,2,9,15,124,139,3.33,1.56,2020-21
1629035,390,Carsen Edwards,1610612738,BOS,31,276,47,111,0.423,18,63,0.286,11,13,0.846,3,23,26,14,7,1,7,25,123,98,2.0,1.0,2020-21
1630185,390,Nico Mannion,1610612744,GSW,30,364,39,114,0.342,22,60,0.367,23,28,0.821,6,40,46,70,16,1,31,29,123,145,2.26,0.52,2020-21
1628035,392,Alfonzo McKinnie,1610612747,LAL,39,258,48,93,0.516,16,39,0.41,10,18,0.556,22,32,54,6,7,0,5,26,122,131,1.2,1.4,2020-21
1629677,392,Luka Samanic,1610612759,SAS,33,308,47,105,0.448,12,43,0.279,16,29,0.552,16,52,68,15,8,8,20,43,122,130,0.75,0.4,2020-21
203922,394,Glenn Robinson III,1610612758,SAC,23,369,42,99,0.424,16,44,0.364,21,23,0.913,11,34,45,20,4,3,11,23,121,123,1.82,0.36,2020-21
1629109,395,Gary Clark,1610612755,PHI,39,654,40,132,0.303,31,108,0.287,8,10,0.8,33,82,115,31,13,7,17,35,119,174,1.82,0.77,2020-21
1629658,396,Jaylen Hoard,1610612760,OKC,19,320,44,88,0.5,0,11,0.0,28,41,0.683,21,44,65,24,13,5,17,19,116,149,1.41,0.77,2020-21
1626168,397,Trey Lyles,1610612759,SAS,23,358,43,90,0.478,14,40,0.35,15,23,0.652,9,77,86,14,6,1,6,13,115,161,2.33,1.0,2020-21
203473,398,Dewayne Dedmon,1610612748,MIA,16,210,46,65,0.708,1,5,0.2,20,27,0.741,28,58,86,12,9,6,13,36,113,187,0.92,0.69,2020-21
1630273,399,Freddie Gillespie,1610612761,TOR,20,392,44,84,0.524,0,0,0.0,23,33,0.697,42,55,97,9,13,20,12,43,111,188,0.75,1.08,2020-21
1628778,399,Paul Watson,1610612761,TOR,27,297,38,82,0.463,30,64,0.469,5,8,0.625,4,41,45,17,6,3,9,36,111,126,1.89,0.67,2020-21
1628385,401,Harry Giles III,1610612757,POR,38,348,42,97,0.433,8,23,0.348,16,27,0.593,31,102,133,29,8,13,20,54,108,205,1.45,0.4,2020-21
1628990,402,Chandler Hutchison,1610612764,WAS,25,346,39,103,0.379,8,22,0.364,21,25,0.84,6,72,78,17,12,5,20,33,107,131,0.85,0.6,2020-21
1628436,403,Luke Kornet,1610612738,BOS,31,347,44,101,0.436,15,59,0.254,3,6,0.5,14,53,67,24,4,32,7,20,106,166,3.43,0.57,2020-21
1630210,404,Markus Howard,1610612743,DEN,37,205,40,106,0.377,18,65,0.277,7,9,0.778,1,20,21,18,4,1,18,23,105,63,1.0,0.22,2020-21
1629671,404,Miye Oni,1610612762,UTA,54,519,35,99,0.354,30,88,0.341,5,6,0.833,23,61,84,28,11,8,16,61,105,155,1.75,0.69,2020-21
1628365,406,Markelle Fultz,1610612753,ORL,8,215,41,104,0.394,4,16,0.25,17,19,0.895,5,20,25,43,8,2,18,18,103,98,2.39,0.44,2020-21
202329,407,Al-Farouq Aminu,1610612741,CHI,23,434,38,99,0.384,8,37,0.216,18,22,0.818,22,88,110,31,19,9,28,29,102,178,1.11,0.68,2020-21
1630182,408,Josh Green,1610612742,DAL,39,445,42,93,0.452,4,25,0.16,13,23,0.565,28,50,78,28,16,3,17,35,101,148,1.65,0.94,2020-21
1628455,409,Mike James,1610612751,BKN,13,236,34,92,0.37,11,31,0.355,21,27,0.778,3,29,32,54,6,1,20,10,100,109,2.7,0.3,2020-21
1629682,410,Tremont Waters,1610612738,BOS,26,238,34,84,0.405,15,38,0.395,16,17,0.941,5,16,21,62,15,1,27,17,99,120,2.3,0.56,2020-21
1628411,410,Wes Iwundu,1610612740,NOP,41,539,34,102,0.333,5,41,0.122,26,31,0.839,15,75,90,18,15,4,19,49,99,134,0.95,0.79,2020-21
1630223,412,Jalen Harris,1610612761,TOR,13,172,36,72,0.5,17,36,0.472,7,9,0.778,3,15,18,17,8,0,14,15,96,87,1.21,0.57,2020-21
1629662,413,Mfiondu Kabengele,1610612739,CLE,39,280,33,89,0.371,13,50,0.26,16,20,0.8,12,48,60,17,8,13,15,36,95,118,1.13,0.53,2020-21
1628993,414,Alize Johnson,1610612751,BKN,18,189,40,68,0.588,1,6,0.167,13,13,1.0,27,63,90,14,5,5,9,16,94,171,1.56,0.56,2020-21
1630200,414,Tre Jones,1610612759,SAS,37,269,37,78,0.474,3,5,0.6,17,19,0.895,8,13,21,39,8,0,13,13,94,106,3.0,0.62,2020-21
1629644,416,KZ Okpala,1610612748,MIA,37,447,36,96,0.375,12,50,0.24,8,15,0.533,21,47,68,19,10,11,15,59,92,118,1.27,0.67,2020-21
1629649,417,Ignas Brazdeikis,1610612753,ORL,13,249,35,83,0.422,11,28,0.393,10,14,0.714,11,34,45,17,4,3,12,22,91,96,1.42,0.33,2020-21
203585,417,Rodney McGruder,1610612765,DET,16,194,37,70,0.529,11,24,0.458,6,8,0.75,8,14,22,16,8,1,7,12,91,96,2.29,1.14,2020-21
1628373,419,Frank Ntilikina,1610612752,NYK,33,322,29,79,0.367,23,48,0.479,8,18,0.444,6,25,31,19,18,4,11,45,89,90,1.73,1.64,2020-21
1630241,419,Sam Merrill,1610612749,MIL,30,233,32,72,0.444,21,47,0.447,4,4,1.0,6,24,30,21,8,1,10,17,89,99,2.1,0.8,2020-21
1629185,421,Chris Chiozza,1610612751,BKN,22,232,31,88,0.352,13,42,0.31,13,17,0.765,3,21,24,65,7,6,16,19,88,113,4.06,0.44,2020-21
1630194,421,Paul Reed,1610612755,PHI,26,177,42,78,0.538,0,6,0.0,4,8,0.5,30,31,61,12,10,13,12,29,88,132,1.0,0.83,2020-21
1630235,421,Trent Forrest,1610612762,UTA,30,302,32,71,0.451,5,26,0.192,19,19,1.0,11,33,44,45,9,4,21,22,88,130,2.14,0.43,2020-21
1629657,424,Kyle Guy,1610612758,SAC,31,235,29,88,0.33,13,46,0.283,16,20,0.8,5,30,35,32,6,0,11,20,87,86,2.91,0.55,2020-21
1630221,425,Josh Hall,1610612760,OKC,21,336,30,99,0.303,4,37,0.108,22,44,0.5,6,53,59,28,4,1,25,37,86,62,1.12,0.16,2020-21
1628427,426,Vlatko Čančar,1610612743,DEN,41,281,33,72,0.458,9,33,0.273,10,13,0.769,11,39,50,14,11,2,14,18,85,106,1.0,0.79,2020-21
1630466,427,Gabriel Deck,1610612760,OKC,10,212,32,67,0.478,2,15,0.133,18,22,0.818,16,24,40,24,8,0,6,9,84,111,4.0,1.33,2020-21
1629010,428,Jerome Robinson,1610612764,WAS,17,305,28,95,0.295,11,42,0.262,16,20,0.8,4,34,38,25,12,6,19,31,83,74,1.32,0.63,2020-21
1629017,429,Khyri Thomas,1610612745,HOU,5,153,32,66,0.485,9,27,0.333,9,9,1.0,7,11,18,25,9,6,6,8,82,100,4.17,1.5,2020-21
1630264,430,Anthony Gill,1610612764,WAS,26,218,30,60,0.5,7,24,0.292,13,16,0.813,16,35,51,11,10,4,8,27,80,115,1.38,1.25,2020-21
1628966,431,Keita Bates-Diop,1610612759,SAS,30,245,30,67,0.448,5,17,0.294,14,21,0.667,9,40,49,12,11,5,7,11,79,105,1.71,1.57,2020-21
1629067,432,Isaac Bonga,1610612764,WAS,40,432,30,81,0.37,13,47,0.277,5,8,0.625,18,48,66,23,11,9,22,63,78,111,1.05,0.5,2020-21
1629617,432,Reggie Perry,1610612751,BKN,26,211,32,78,0.41,4,21,0.19,10,13,0.769,27,46,73,14,6,6,15,40,78,113,0.93,0.4,2020-21
1626188,434,Quinn Cook,1610612739,CLE,23,157,29,68,0.426,11,26,0.423,7,8,0.875,2,15,17,18,4,1,7,10,76,69,2.57,0.57,2020-21
203121,435,Darius Miller,1610612760,OKC,18,197,22,48,0.458,17,42,0.405,12,12,1.0,2,22,24,21,13,5,8,13,73,102,2.63,1.63,2020-21
1629743,435,Donta Hall,1610612753,ORL,13,179,25,35,0.714,0,0,0.0,23,34,0.676,24,38,62,11,5,10,8,18,73,132,1.38,0.63,2020-21
1627885,435,Shaquille Harrison,1610612743,DEN,34,332,26,78,0.333,3,16,0.188,18,22,0.818,7,41,48,25,17,5,11,33,73,101,2.27,1.55,2020-21
203953,438,Jabari Parker,1610612738,BOS,13,165,30,55,0.545,2,11,0.182,10,13,0.769,10,32,42,11,1,5,10,13,72,93,1.1,0.1,2020-21
1629117,438,Wenyen Gabriel,1610612740,NOP,21,241,24,60,0.4,13,32,0.406,11,17,0.647,20,34,54,11,9,8,15,32,72,97,0.73,0.6,2020-21
1628383,440,Justin Patton,1610612745,HOU,13,247,29,70,0.414,9,34,0.265,3,4,0.75,14,35,49,14,12,14,4,34,70,113,3.5,3.0,2020-21
1629626,441,Bol Bol,1610612743,DEN,32,160,25,58,0.431,9,24,0.375,10,15,0.667,0,24,24,7,3,10,13,14,69,62,0.54,0.23,2020-21
1629604,442,CJ Elleby,1610612757,POR,30,192,25,66,0.379,7,34,0.206,11,15,0.733,11,21,32,10,6,3,5,27,68,69,2.0,1.2,2020-21
101141,443,Ersan Ilyasova,1610612762,UTA,17,148,21,54,0.389,18,41,0.439,5,5,1.0,7,22,29,4,10,3,8,29,65,70,0.5,1.25,2020-21
1629714,444,Jarrell Brantley,1610612762,UTA,28,138,25,52,0.481,12,28,0.429,2,2,1.0,9,18,27,15,7,2,8,17,64,80,1.88,0.88,2020-21
203933,445,T.J. Warren,1610612754,IND,4,117,27,51,0.529,0,7,0.0,8,10,0.8,2,12,14,5,2,0,4,16,62,53,1.25,0.5,2020-21
1629681,446,Killian Tillie,1610612763,MEM,18,182,19,57,0.333,10,33,0.303,9,11,0.818,6,18,24,8,5,8,2,20,57,60,4.0,2.5,2020-21
1629648,447,Jordan Bone,1610612753,ORL,14,196,23,54,0.426,10,32,0.313,0,0,0.0,4,20,24,18,2,0,3,11,56,66,6.0,0.67,2020-21
1629641,447,Romeo Langford,1610612738,BOS,18,283,21,59,0.356,5,18,0.278,9,12,0.75,12,23,35,13,6,5,10,24,56,64,1.3,0.6,2020-21
1627812,447,Yogi Ferrell,1610612746,LAC,10,137,20,57,0.351,9,28,0.321,7,9,0.778,5,14,19,22,7,3,3,11,56,65,7.33,2.33,2020-21
1630187,450,Daniel Oturu,1610612746,LAC,30,161,22,52,0.423,1,5,0.2,9,12,0.75,21,27,48,10,4,7,9,24,54,81,1.11,0.44,2020-21
1630188,451,Jalen Smith,1610612756,PHX,27,156,22,50,0.44,4,17,0.235,5,7,0.714,7,30,37,4,1,4,7,16,53,62,0.57,0.14,2020-21
1628981,452,Bruno Fernando,1610612737,ATL,33,226,18,44,0.409,0,2,0.0,15,22,0.682,16,62,78,10,4,3,21,23,51,92,0.48,0.19,2020-21
1629751,453,Dakota Mathias,1610612755,PHI,8,123,19,48,0.396,8,26,0.308,2,6,0.333,1,6,7,13,1,3,1,7,48,38,13.0,1.0,2020-21
202334,453,Ed Davis,1610612750,MIN,23,299,19,44,0.432,0,0,0.0,10,12,0.833,46,69,115,21,13,13,7,56,48,176,3.0,1.86,2020-21
1629605,455,Tacko Fall,1610612738,BOS,19,136,21,29,0.724,0,0,0.0,5,15,0.333,16,36,52,3,1,20,6,22,47,99,0.5,0.17,2020-21
1629683,456,Quinndary Weatherspoon,1610612759,SAS,20,121,16,35,0.457,1,6,0.167,13,16,0.813,3,8,11,8,8,2,10,18,46,43,0.8,0.8,2020-21
1630176,456,Vernon Carey Jr.,1610612766,CHA,19,115,18,36,0.5,1,7,0.143,9,11,0.818,6,21,27,2,1,5,5,13,46,56,0.4,0.2,2020-21
1629663,458,Louis King,1610612758,SAC,6,85,17,34,0.5,4,11,0.364,6,6,1.0,5,13,18,9,7,3,4,9,44,60,2.25,1.75,2020-21
1629603,458,Mamadi Diakite,1610612749,MIL,14,141,16,40,0.4,1,8,0.125,11,14,0.786,8,26,34,8,6,5,3,16,44,67,2.67,2.0,2020-21
1628419,460,Cameron Oliver,1610612745,HOU,4,87,19,33,0.576,4,13,0.308,1,4,0.25,5,16,21,5,2,4,3,11,43,55,1.67,0.67,2020-21
1629606,460,Robert Franks,1610612753,ORL,7,101,13,28,0.464,5,15,0.333,12,13,0.923,6,8,14,5,3,3,2,8,43,50,2.5,1.5,2020-21
1630216,462,Cassius Winston,1610612764,WAS,22,98,14,33,0.424,8,17,0.471,5,6,0.833,0,9,9,12,2,1,5,8,41,40,2.4,0.4,2020-21
1629686,462,Deividas Sirvydis,1610612765,DET,20,133,14,40,0.35,10,28,0.357,3,6,0.5,0,29,29,5,2,0,5,9,41,43,1.0,0.4,2020-21
1630207,462,Nate Hinton,1610612742,DAL,21,93,15,42,0.357,4,19,0.211,7,10,0.7,1,8,9,8,7,2,5,8,41,32,1.6,1.4,2020-21
1628414,462,Sindarius Thornwell,1610612753,ORL,21,217,15,46,0.326,7,23,0.304,4,8,0.5,3,15,18,21,13,2,7,15,41,53,3.0,1.86,2020-21
1629718,466,Charlie Brown Jr.,1610612760,OKC,9,152,13,43,0.302,5,21,0.238,9,10,0.9,3,14,17,9,4,2,6,19,40,35,1.5,0.67,2020-21
1630186,466,Jahmi'us Ramsey,1610612758,SAC,13,94,15,38,0.395,5,19,0.263,5,5,1.0,2,8,10,6,4,1,3,8,40,35,2.0,1.33,2020-21
1629719,468,Devontae Cacok,1610612747,LAL,20,98,17,29,0.586,0,0,0.0,5,11,0.455,12,20,32,1,5,4,5,8,39,58,0.2,1.0,2020-21
1630253,468,Sean McDermott,1610612763,MEM,18,158,13,33,0.394,5,22,0.227,8,8,1.0,6,13,19,4,2,3,4,8,39,43,1.0,0.5,2020-21
1630199,470,Cassius Stanley,1610612754,IND,24,93,13,43,0.302,3,13,0.231,7,9,0.778,8,12,20,1,1,2,1,14,36,27,1.0,1.0,2020-21
203521,470,Matthew Dellavedova,1610612739,CLE,13,224,14,56,0.25,4,25,0.16,4,4,1.0,6,18,24,58,4,1,6,21,36,75,9.67,0.67,2020-21
1630206,472,Jay Scrubb,1610612746,LAC,4,84,14,36,0.389,2,9,0.222,5,5,1.0,2,12,14,1,4,0,7,5,35,25,0.14,0.57,2020-21
1629752,472,Juwan Morgan,1610612762,UTA,29,147,14,30,0.467,4,13,0.308,3,7,0.429,9,19,28,9,4,1,4,21,35,53,2.25,1.0,2020-21
1629962,474,Devin Cannady,1610612753,ORL,8,74,11,28,0.393,6,16,0.375,6,7,0.857,0,5,5,1,5,1,2,9,34,26,0.5,2.5,2020-21
1629730,474,Rayjon Tucker,1610612755,PHI,14,68,9,18,0.5,2,7,0.286,14,19,0.737,1,10,11,6,2,0,4,8,34,35,1.5,0.5,2020-21
1629735,476,Chris Silva,1610612758,SAC,15,92,10,16,0.625,1,1,1.0,11,15,0.733,7,20,27,6,1,6,10,24,32,52,0.6,0.1,2020-21
1630190,477,Elijah Hughes,1610612762,UTA,18,64,10,30,0.333,8,23,0.348,3,4,0.75,1,8,9,6,1,1,6,1,31,21,1.0,0.17,2020-21
1629066,477,Rodions Kurucs,1610612749,MIL,21,125,11,32,0.344,6,21,0.286,3,4,0.75,5,18,23,10,9,4,13,16,31,42,0.77,0.69,2020-21
1627748,479,Thon Maker,1610612739,CLE,8,76,10,18,0.556,0,2,0.0,10,11,0.909,8,10,18,4,2,4,3,7,30,46,1.33,0.67,2020-21
1629346,480,Alen Smailagic,1610612744,GSW,15,84,11,27,0.407,4,10,0.4,2,6,0.333,6,10,16,4,3,5,5,11,28,31,0.8,0.6,2020-21
1626178,481,Rondae Hollis-Jefferson,1610612757,POR,11,107,9,18,0.5,0,1,0.0,9,16,0.563,11,15,26,13,2,4,2,15,27,54,6.5,1.0,2020-21
1628412,482,Frank Mason III,1610612753,ORL,4,79,9,24,0.375,2,5,0.4,5,7,0.714,3,9,12,12,0,0,5,7,25,27,2.4,0.0,2020-21
1627780,482,Gary Payton II,1610612744,GSW,10,40,10,13,0.769,2,4,0.5,3,4,0.75,2,9,11,1,6,1,1,8,25,39,1.0,6.0,2020-21
1626245,484,Cristiano Felicio,1610612741,CHI,18,84,7,13,0.538,0,2,0.0,9,16,0.563,10,16,26,9,4,0,4,10,23,45,2.25,1.0,2020-21
203957,484,Dante Exum,1610612745,HOU,6,116,10,26,0.385,2,11,0.182,1,2,0.5,2,15,17,13,4,2,7,9,23,35,1.86,0.57,2020-21
1629653,484,Devon Dotson,1610612741,CHI,11,50,11,21,0.524,1,7,0.143,0,0,0.0,2,3,5,7,4,0,0,3,23,29,0.0,0.0,2020-21
202738,484,Isaiah Thomas,1610612740,NOP,3,48,9,27,0.333,3,12,0.25,2,2,1.0,1,3,4,5,1,0,6,3,23,9,0.83,0.17,2020-21
1629725,488,Jeremiah Martin,1610612739,CLE,9,75,9,33,0.273,3,12,0.25,1,5,0.2,2,5,7,4,5,2,6,1,22,6,0.67,0.83,2020-21
1629007,488,Jontay Porter,1610612763,MEM,11,54,8,15,0.533,3,8,0.375,3,5,0.6,4,10,14,1,3,1,7,12,22,25,0.14,0.43,2020-21
1629620,490,Justin Robinson,1610612760,OKC,9,88,7,21,0.333,4,14,0.286,3,5,0.6,1,6,7,9,3,0,2,10,21,22,4.5,1.5,2020-21
203658,491,Norvel Pelle,1610612752,NYK,13,83,8,15,0.533,0,0,0.0,4,6,0.667,6,13,19,2,1,9,3,14,20,39,0.67,0.33,2020-21
1630218,491,Robert Woodard II,1610612758,SAC,13,45,8,20,0.4,1,6,0.167,3,8,0.375,4,12,16,2,0,3,1,4,20,23,2.0,0.0,2020-21
203915,491,Spencer Dinwiddie,1610612751,BKN,3,64,6,16,0.375,2,7,0.286,6,6,1.0,0,13,13,9,2,1,5,4,20,30,1.8,0.4,2020-21
1630203,494,Grant Riller,1610612766,CHA,7,27,8,12,0.667,2,4,0.5,0,0,0.0,0,1,1,3,1,0,1,0,18,18,3.0,1.0,2020-21
1630189,494,Tyler Bey,1610612742,DAL,18,71,7,22,0.318,1,4,0.25,3,5,0.6,8,11,19,3,0,1,3,6,18,21,1.0,0.0,2020-21
201229,496,Anthony Tolliver,1610612755,PHI,11,99,4,17,0.235,4,14,0.286,5,6,0.833,3,7,10,2,3,2,3,7,17,17,0.67,1.0,2020-21
203998,496,Bruno Caboclo,1610612745,HOU,6,36,8,17,0.471,0,5,0.0,1,2,0.5,3,11,14,1,0,2,4,6,17,20,0.25,0.0,2020-21
1629091,498,Elijah Bryant,1610612749,MIL,1,32,6,13,0.462,1,5,0.2,3,3,1.0,2,4,6,3,0,1,4,4,16,15,0.75,0.0,2020-21
1628962,498,Udoka Azubuike,1610612762,UTA,15,57,4,9,0.444,0,0,0.0,8,10,0.8,4,9,13,0,1,4,3,9,16,24,0.0,0.33,2020-21
1629690,500,Adam Mokoka,1610612741,CHI,14,56,7,19,0.368,1,10,0.1,0,1,0.0,1,4,5,5,2,1,5,5,15,10,1.0,0.4,2020-21
1629244,500,Cam Reynolds,1610612745,HOU,5,40,6,18,0.333,3,12,0.25,0,0,0.0,2,3,5,2,0,0,0,2,15,10,0.0,0.0,2020-21
1627740,500,Henry Ellenson,1610612761,TOR,2,38,5,14,0.357,2,9,0.222,3,4,0.75,3,9,12,5,0,0,0,7,15,22,0.0,0.0,2020-21
203263,500,James Nunnally,1610612740,NOP,9,48,5,13,0.385,4,12,0.333,1,2,0.5,2,7,9,3,0,0,2,1,15,16,1.5,0.0,2020-21
1628395,500,Jordan Bell,1610612744,GSW,6,82,7,22,0.318,0,2,0.0,1,2,0.5,7,17,24,7,3,5,4,7,15,34,1.75,0.75,2020-21
1630208,500,Nick Richards,1610612766,CHA,18,63,4,9,0.444,0,1,0.0,7,11,0.636,4,7,11,2,0,0,3,7,15,16,0.67,0.0,2020-21
1626253,506,Axel Toupane,1610612749,MIL,8,61,4,11,0.364,1,2,0.5,5,7,0.714,0,6,6,4,2,3,0,6,14,20,0.0,0.0,2020-21
1628578,507,Amida Brimah,1610612754,IND,5,29,5,8,0.625,0,0,0.0,3,3,1.0,2,6,8,1,0,5,4,4,13,20,0.25,0.0,2020-21
2760,507,Anderson Varejao,1610612739,CLE,5,36,4,16,0.25,0,1,0.0,5,9,0.556,7,13,20,3,0,2,1,3,13,21,3.0,0.0,2020-21
1627737,507,Marquese Chriss,1610612744,GSW,2,27,5,14,0.357,1,5,0.2,2,4,0.5,3,10,13,2,0,2,2,3,13,17,1.0,0.0,2020-21
1629833,510,Keljin Blevins,1610612757,POR,17,75,5,20,0.25,2,8,0.25,0,0,0.0,3,7,10,4,2,0,5,8,12,8,0.8,0.4,2020-21
1628961,510,Kostas Antetokounmpo,1610612747,LAL,15,56,3,10,0.3,0,0,0.0,6,13,0.462,4,15,19,1,2,4,11,8,12,13,0.09,0.18,2020-21
1628388,510,T.J. Leaf,1610612757,POR,7,35,5,10,0.5,0,0,0.0,2,2,1.0,0,5,5,1,2,1,2,1,12,14,0.5,1.0,2020-21
1630211,513,Karim Mane,1610612753,ORL,10,88,3,13,0.231,1,2,0.5,4,5,0.8,1,13,14,4,0,2,3,10,11,17,1.33,0.0,2020-21
1630179,513,Tyrell Terry,1610612742,DAL,11,56,5,16,0.313,0,7,0.0,1,3,0.333,0,6,6,6,5,0,2,2,11,13,3.0,2.5,2020-21
203086,515,Meyers Leonard,1610612748,MIA,3,29,3,7,0.429,3,7,0.429,1,2,0.5,0,7,7,2,0,0,2,5,10,12,1.0,0.0,2020-21
1630268,516,Nate Darling,1610612766,CHA,7,26,2,7,0.286,2,7,0.286,3,3,1.0,1,0,1,1,0,1,1,1,9,6,1.0,0.0,2020-21
1630234,516,Ty-Shon Alexander,1610612756,PHX,15,47,3,12,0.25,2,9,0.222,1,2,0.5,2,8,10,6,0,1,3,2,9,13,2.0,0.0,2020-21
1629712,518,Didi Louzada,1610612740,NOP,3,56,3,13,0.231,2,8,0.25,0,0,0.0,1,2,3,3,2,0,3,5,8,3,1.0,0.67,2020-21
204025,518,Tim Frazier,1610612763,MEM,5,62,3,20,0.15,0,8,0.0,2,6,0.333,0,8,8,16,2,1,4,7,8,10,4.0,0.5,2020-21
1629738,518,Vincent Poirier,1610612755,PHI,10,39,3,12,0.25,0,1,0.0,2,6,0.333,6,8,14,2,0,3,4,8,8,10,0.5,0.0,2020-21
1629716,521,Marques Bolden,1610612739,CLE,6,29,1,3,0.333,0,0,0.0,5,8,0.625,3,3,6,0,2,2,2,0,7,10,0.0,1.0,2020-21
203460,522,Andre Roberson,1610612751,BKN,5,63,2,14,0.143,1,8,0.125,1,2,0.5,7,8,15,4,3,1,2,4,6,14,2.0,1.5,2020-21
201162,522,Jared Dudley,1610612747,LAL,12,81,2,9,0.222,2,6,0.333,0,0,0.0,4,17,21,5,1,1,2,7,6,25,2.5,0.5,2020-21
1629665,524,Jalen Lecque,1610612754,IND,4,12,1,9,0.111,0,1,0.0,3,3,1.0,2,3,5,2,0,0,0,0,5,4,0.0,0.0,2020-21
1627739,524,Kris Dunn,1610612737,ATL,4,45,1,12,0.083,0,2,0.0,3,4,0.75,0,6,6,2,2,2,3,10,5,2,0.67,0.67,2020-21
1627775,524,Patrick McCaw,1610612761,TOR,5,33,1,1,1.0,0,0,0.0,3,3,1.0,1,2,3,4,2,0,0,6,5,14,0.0,0.0,2020-21
1629034,527,Ray Spalding,1610612745,HOU,2,19,2,4,0.5,0,1,0.0,0,2,0.0,2,2,4,0,0,2,3,3,4,3,0.0,0.0,2020-21
2617,527,Udonis Haslem,1610612748,MIA,1,3,2,2,1.0,0,0,0.0,0,0,0.0,0,1,1,0,0,0,0,0,4,5,0.0,0.0,2020-21
1628968,529,Brian Bowen II,1610612754,IND,6,15,1,4,0.25,0,1,0.0,1,1,1.0,0,3,3,0,0,0,0,1,3,3,0.0,0.0,2020-21
1629607,529,Jared Harper,1610612752,NYK,8,16,0,4,0.0,0,1,0.0,3,4,0.75,0,2,2,1,0,0,3,1,3,-2,0.33,0.0,2020-21
1630238,529,Malik Fitts,1610612746,LAC,3,11,1,3,0.333,1,2,0.5,0,0,0.0,0,3,3,0,0,0,0,3,3,4,0.0,0.0,2020-21
202697,532,Iman Shumpert,1610612751,BKN,2,11,1,4,0.25,0,3,0.0,0,0,0.0,1,0,1,0,1,0,1,0,2,0,0.0,1.0,2020-21
1629121,532,Jaylen Adams,1610612749,MIL,7,18,1,8,0.125,0,2,0.0,0,0,0.0,0,3,3,2,0,0,0,1,2,0,0.0,0.0,2020-21
1628390,532,Terrance Ferguson,1610612755,PHI,13,49,1,7,0.143,0,5,0.0,0,0,0.0,0,1,1,2,1,0,4,7,2,-4,0.5,0.25,2020-21
1629033,532,Theo Pinson,1610612752,NYK,17,34,1,9,0.111,0,8,0.0,0,0,0.0,0,5,5,1,0,0,1,4,2,-1,1.0,0.0,2020-21
1628394,536,Anžejs Pasečņiks,1610612764,WAS,1,6,0,1,0.0,0,1,0.0,0,0,0.0,1,0,1,1,0,0,5,2,0,-4,0.2,0.0,2020-21
1630204,536,Ashton Hagans,1610612750,MIN,2,4,0,0,0.0,0,0,0.0,0,0,0.0,0,0,0,0,0,0,1,0,0,-1,0.0,0.0,2020-21
204222,536,Greg Whittington,1610612743,DEN,4,12,0,3,0.0,0,2,0.0,0,0,0.0,0,0,0,0,0,0,0,0,0,-3,0.0,0.0,2020-21
203943,536,Noah Vonleh,1610612751,BKN,4,11,0,3,0.0,0,2,0.0,0,0,0.0,0,1,1,1,0,0,2,2,0,-3,0.5,0.0,2020-21
1630266,536,Will Magnay,1610612740,NOP,1,3,0,1,0.0,0,1,0.0,0,0,0.0,0,0,0,0,0,0,1,1,0,-2,0.0,0.0,2020-21
